case,family,n,rules,node_limit,strategy,status,hit_limit,steps,nodes,search_s,extract_s,cost,jt_cost,best_jt_cost,best_jtp_cost,cost_vs_jt,cost_vs_best_jtp,correct,max_abs_err,error
fg,chain,6,full,10000,bfs,ok,False,10,1691,0.072,0.018,174,225,216,216,0.7733,0.8056,True,1.11e-16,
fg,chain,6,full,10000,staged,ok,False,7,1691,0.07,0.012,174,225,216,216,0.7733,0.8056,True,1.11e-16,
fg,chain,6,full,10000,backoff,ok,False,32,1691,0.091,0.01,174,225,216,216,0.7733,0.8056,True,1.11e-16,
fg,chain,6,full,10000,backoff_tight,ok,False,32,1691,0.078,0.013,174,225,216,216,0.7733,0.8056,True,1.11e-16,
fg,chain,6,full,10000,seeds,ok,False,8,1691,0.152,0.014,174,225,216,216,0.7733,0.8056,True,1.11e-16,
fg,chain,6,full,10000,restart,ok,False,1,1691,0.089,0.02,174,225,216,216,0.7733,0.8056,True,1.11e-16,
fg,chain,6,full,10000,seeds+staged,ok,False,5,1691,0.143,0.014,174,225,216,216,0.7733,0.8056,True,1.11e-16,
fg,chain,6,full,10000,seeds+restart,ok,False,1,1691,0.187,0.018,174,225,216,216,0.7733,0.8056,True,1.11e-16,
fg,chain,6,full,50000,bfs,ok,False,10,1691,0.06,0.014,174,225,216,216,0.7733,0.8056,True,1.11e-16,
fg,chain,6,full,50000,staged,ok,False,7,1691,0.068,0.01,174,225,216,216,0.7733,0.8056,True,1.11e-16,
fg,chain,6,full,50000,backoff,ok,False,32,1691,0.072,0.012,174,225,216,216,0.7733,0.8056,True,1.11e-16,
fg,chain,6,full,50000,backoff_tight,ok,False,32,1691,0.07,0.013,174,225,216,216,0.7733,0.8056,True,1.11e-16,
fg,chain,6,full,50000,seeds,ok,False,8,1691,0.097,0.008,174,225,216,216,0.7733,0.8056,True,1.11e-16,
fg,chain,6,full,50000,restart,ok,False,1,1691,0.065,0.013,174,225,216,216,0.7733,0.8056,True,1.11e-16,
fg,chain,6,full,50000,seeds+staged,ok,False,5,1691,0.118,0.009,174,225,216,216,0.7733,0.8056,True,1.11e-16,
fg,chain,6,full,50000,seeds+restart,ok,False,1,1691,0.175,0.014,174,225,216,216,0.7733,0.8056,True,1.11e-16,
fg,chain,6,no_reverse,10000,bfs,ok,False,10,1691,0.051,0.014,174,225,216,216,0.7733,0.8056,True,1.11e-16,
fg,chain,6,no_reverse,10000,staged,ok,False,6,1691,0.064,0.01,174,225,216,216,0.7733,0.8056,True,1.11e-16,
fg,chain,6,no_reverse,10000,backoff,ok,False,32,1691,0.069,0.013,174,225,216,216,0.7733,0.8056,True,1.11e-16,
fg,chain,6,no_reverse,10000,backoff_tight,ok,False,32,1691,0.051,0.01,174,225,216,216,0.7733,0.8056,True,1.11e-16,
fg,chain,6,no_reverse,10000,seeds,ok,False,10,1691,0.149,0.027,174,225,216,216,0.7733,0.8056,True,1.11e-16,
fg,chain,6,no_reverse,10000,restart,ok,False,1,1691,0.091,0.02,174,225,216,216,0.7733,0.8056,True,1.11e-16,
fg,chain,6,no_reverse,10000,seeds+staged,ok,False,6,1691,0.158,0.014,174,225,216,216,0.7733,0.8056,True,1.11e-16,
fg,chain,6,no_reverse,10000,seeds+restart,ok,False,1,1691,0.114,0.01,174,225,216,216,0.7733,0.8056,True,1.11e-16,
fg,chain,6,no_reverse,50000,bfs,ok,False,10,1691,0.07,0.018,174,225,216,216,0.7733,0.8056,True,1.11e-16,
fg,chain,6,no_reverse,50000,staged,ok,False,6,1691,0.067,0.014,174,225,216,216,0.7733,0.8056,True,1.11e-16,
fg,chain,6,no_reverse,50000,backoff,ok,False,32,1691,0.097,0.025,174,225,216,216,0.7733,0.8056,True,1.11e-16,
fg,chain,6,no_reverse,50000,backoff_tight,ok,False,32,1691,0.065,0.013,174,225,216,216,0.7733,0.8056,True,1.11e-16,
fg,chain,6,no_reverse,50000,seeds,ok,False,10,1691,0.16,0.015,174,225,216,216,0.7733,0.8056,True,1.11e-16,
fg,chain,6,no_reverse,50000,restart,ok,False,1,1691,0.084,0.019,174,225,216,216,0.7733,0.8056,True,1.11e-16,
fg,chain,6,no_reverse,50000,seeds+staged,ok,False,6,1691,0.166,0.016,174,225,216,216,0.7733,0.8056,True,1.11e-16,
fg,chain,6,no_reverse,50000,seeds+restart,ok,False,1,1691,0.227,0.012,174,225,216,216,0.7733,0.8056,True,1.11e-16,
fg,chain,8,full,10000,bfs,ok,True,6,10218,0.207,0.133,1377,333,324,324,4.1351,4.25,True,7.77e-16,
fg,chain,8,full,10000,staged,ok,True,4,11480,0.189,0.087,513,333,324,324,1.5405,1.5833,True,7.77e-16,
fg,chain,8,full,10000,backoff,ok,True,16,12578,0.196,0.125,927,333,324,324,2.7838,2.8611,True,7.77e-16,
fg,chain,8,full,10000,backoff_tight,ok,True,32,10685,0.198,0.096,900,333,324,324,2.7027,2.7778,True,7.77e-16,
fg,chain,8,full,10000,seeds,ok,True,6,15078,0.36,0.112,252,333,324,324,0.7568,0.7778,True,7.77e-16,
fg,chain,8,full,10000,restart,ok,True,4,3565,0.538,0.038,909,333,324,324,2.7297,2.8056,True,8.88e-16,
fg,chain,8,full,10000,seeds+staged,ok,True,4,10993,0.367,0.106,252,333,324,324,0.7568,0.7778,True,7.77e-16,
fg,chain,8,full,10000,seeds+restart,ok,True,2,3849,0.669,0.032,273,333,324,324,0.8198,0.8426,True,7.77e-16,
fg,chain,8,full,50000,bfs,ok,False,12,24591,0.448,0.274,252,333,324,324,0.7568,0.7778,True,7.77e-16,
fg,chain,8,full,50000,staged,ok,False,8,24591,0.477,0.21,252,333,324,324,0.7568,0.7778,True,7.77e-16,
fg,chain,8,full,50000,backoff,ok,False,32,17911,0.337,0.184,309,333,324,324,0.9279,0.9537,True,7.77e-16,
fg,chain,8,full,50000,backoff_tight,ok,False,32,10685,0.188,0.114,900,333,324,324,2.7027,2.7778,True,7.77e-16,
fg,chain,8,full,50000,seeds,ok,False,11,24591,0.637,0.231,252,333,324,324,0.7568,0.7778,True,7.77e-16,
fg,chain,8,full,50000,restart,ok,True,6,12384,2.446,0.128,468,333,324,324,1.4054,1.4444,True,7.77e-16,
fg,chain,8,full,50000,seeds+staged,ok,False,8,24591,0.799,0.3,252,333,324,324,0.7568,0.7778,True,7.77e-16,
fg,chain,8,full,50000,seeds+restart,ok,True,2,15109,1.325,0.159,252,333,324,324,0.7568,0.7778,True,7.77e-16,
fg,chain,8,no_reverse,10000,bfs,ok,True,6,10218,0.163,0.127,1377,333,324,324,4.1351,4.25,True,7.77e-16,
fg,chain,8,no_reverse,10000,staged,ok,True,4,11076,0.172,0.1,519,333,324,324,1.5586,1.6019,True,7.77e-16,
fg,chain,8,no_reverse,10000,backoff,ok,True,16,16415,0.33,0.187,333,333,324,324,1.0,1.0278,True,7.77e-16,
fg,chain,8,no_reverse,10000,backoff_tight,ok,True,24,12185,0.202,0.124,981,333,324,324,2.9459,3.0278,True,7.77e-16,
fg,chain,8,no_reverse,10000,seeds,ok,True,6,10263,0.374,0.103,252,333,324,324,0.7568,0.7778,True,7.77e-16,
fg,chain,8,no_reverse,10000,restart,ok,True,4,2839,0.51,0.046,1008,333,324,324,3.027,3.1111,True,7.77e-16,
fg,chain,8,no_reverse,10000,seeds+staged,ok,True,4,11164,0.426,0.108,252,333,324,324,0.7568,0.7778,True,7.77e-16,
fg,chain,8,no_reverse,10000,seeds+restart,ok,True,2,2830,0.582,0.028,273,333,324,324,0.8198,0.8426,True,7.77e-16,
fg,chain,8,no_reverse,50000,bfs,ok,False,12,24591,0.436,0.268,252,333,324,324,0.7568,0.7778,True,7.77e-16,
fg,chain,8,no_reverse,50000,staged,ok,False,8,24591,0.484,0.278,252,333,324,324,0.7568,0.7778,True,7.77e-16,
fg,chain,8,no_reverse,50000,backoff,ok,False,32,25474,0.506,0.31,252,333,324,324,0.7568,0.7778,True,7.77e-16,
fg,chain,8,no_reverse,50000,backoff_tight,ok,False,32,17988,0.362,0.177,576,333,324,324,1.7297,1.7778,True,7.77e-16,
fg,chain,8,no_reverse,50000,seeds,ok,False,12,24591,0.578,0.242,252,333,324,324,0.7568,0.7778,True,7.77e-16,
fg,chain,8,no_reverse,50000,restart,ok,True,5,10494,1.305,0.077,750,333,324,324,2.2523,2.3148,True,8.88e-16,
fg,chain,8,no_reverse,50000,seeds+staged,ok,False,8,24591,0.656,0.238,252,333,324,324,0.7568,0.7778,True,7.77e-16,
fg,chain,8,no_reverse,50000,seeds+restart,ok,True,2,10265,0.988,0.073,252,333,324,324,0.7568,0.7778,True,7.77e-16,
fg,chain,12,full,10000,bfs,ok,True,4,16346,0.206,0.147,439452,540,540,540,813.8,813.8,True,5.38e-15,
fg,chain,12,full,10000,staged,ok,True,4,13460,0.199,0.156,18009,540,540,540,33.35,33.35,True,5.44e-15,
fg,chain,12,full,10000,backoff,ok,True,16,26373,0.479,0.447,43254,540,540,540,80.1,80.1,True,5.38e-15,
fg,chain,12,full,10000,backoff_tight,ok,True,16,10935,0.253,0.158,46440,540,540,540,86.0,86.0,True,5.38e-15,
fg,chain,12,full,10000,seeds,ok,True,4,18272,0.815,0.265,498,540,540,540,0.9222,0.9222,True,5.27e-15,
fg,chain,12,full,10000,restart,ok,True,11,4088,3.717,0.096,4959,540,540,540,9.1833,9.1833,True,5.38e-15,
fg,chain,12,full,10000,seeds+staged,ok,True,3,11712,0.828,0.182,408,540,540,540,0.7556,0.7556,True,5.33e-15,
fg,chain,12,full,10000,seeds+restart,ok,True,2,3355,1.483,0.058,513,540,540,540,0.95,0.95,True,5.27e-15,
fg,chain,12,full,50000,bfs,ok,True,5,106345,1.564,1.721,181089,540,540,540,335.35,335.35,True,5.33e-15,
fg,chain,12,full,50000,staged,ok,True,4,60815,1.238,1.117,7884,540,540,540,14.6,14.6,True,5.38e-15,
fg,chain,12,full,50000,backoff,ok,False,32,31691,0.658,0.533,38475,540,540,540,71.25,71.25,True,5.38e-15,
fg,chain,12,full,50000,backoff_tight,ok,False,32,13567,0.281,0.19,46440,540,540,540,86.0,86.0,True,5.38e-15,
fg,chain,12,full,50000,seeds,ok,True,5,111526,2.097,3.08,498,540,540,540,0.9222,0.9222,True,5.27e-15,
fg,chain,12,full,50000,restart,ok,True,9,18910,6.843,0.337,3672,540,540,540,6.8,6.8,True,5.33e-15,
fg,chain,12,full,50000,seeds+staged,ok,True,4,74418,1.843,2.159,408,540,540,540,0.7556,0.7556,True,5.33e-15,
fg,chain,12,full,50000,seeds+restart,ok,True,2,18275,2.327,0.29,498,540,540,540,0.9222,0.9222,True,5.27e-15,
fg,chain,12,no_reverse,10000,bfs,ok,True,4,16346,0.264,0.223,439452,540,540,540,813.8,813.8,True,5.38e-15,
fg,chain,12,no_reverse,10000,staged,ok,True,4,13459,0.242,0.229,18009,540,540,540,33.35,33.35,True,5.44e-15,
fg,chain,12,no_reverse,10000,backoff,ok,True,8,11489,0.317,0.268,170127,540,540,540,315.05,315.05,True,5.33e-15,
fg,chain,12,no_reverse,10000,backoff_tight,ok,True,16,12898,0.272,0.201,46440,540,540,540,86.0,86.0,True,5.38e-15,
fg,chain,12,no_reverse,10000,seeds,ok,True,4,16498,0.816,0.315,498,540,540,540,0.9222,0.9222,True,5.27e-15,
fg,chain,12,no_reverse,10000,restart,ok,True,11,2868,3.043,0.056,4959,540,540,540,9.1833,9.1833,True,5.27e-15,
fg,chain,12,no_reverse,10000,seeds+staged,ok,True,4,13627,0.76,0.294,408,540,540,540,0.7556,0.7556,True,5.33e-15,
fg,chain,12,no_reverse,10000,seeds+restart,ok,True,2,2741,1.562,0.044,513,540,540,540,0.95,0.95,True,5.27e-15,
fg,chain,12,no_reverse,50000,bfs,ok,True,5,106345,1.606,1.825,181089,540,540,540,335.35,335.35,True,5.33e-15,
fg,chain,12,no_reverse,50000,staged,ok,True,4,60583,1.122,1.394,7884,540,540,540,14.6,14.6,True,5.38e-15,
fg,chain,12,no_reverse,50000,backoff,ok,True,24,65999,1.488,1.217,14148,540,540,540,26.2,26.2,True,5.38e-15,
fg,chain,12,no_reverse,50000,backoff_tight,ok,False,32,29139,0.537,0.42,13023,540,540,540,24.1167,24.1167,True,5.38e-15,
fg,chain,12,no_reverse,50000,seeds,ok,True,5,106498,1.869,2.661,498,540,540,540,0.9222,0.9222,True,5.27e-15,
fg,chain,12,no_reverse,50000,restart,ok,True,9,16684,5.858,0.34,4518,540,540,540,8.3667,8.3667,True,5.38e-15,
fg,chain,12,no_reverse,50000,seeds+staged,ok,True,4,60760,1.627,1.645,408,540,540,540,0.7556,0.7556,True,5.33e-15,
fg,chain,12,no_reverse,50000,seeds+restart,ok,True,2,16499,2.113,0.289,498,540,540,540,0.9222,0.9222,True,5.27e-15,
fg,chain,16,full,10000,bfs,ok,True,4,37864,0.446,0.555,33368823,756,756,756,44138.6548,44138.6548,True,1.11e-16,
fg,chain,16,full,10000,staged,ok,True,3,10942,0.38,0.272,3254238,756,756,756,4304.5476,4304.5476,True,1.11e-16,
fg,chain,16,full,10000,backoff,ok,True,16,33937,0.793,0.434,5542434,756,756,756,7331.2619,7331.2619,True,1.11e-16,
fg,chain,16,full,10000,backoff_tight,ok,True,24,15257,0.492,0.436,5609853,756,756,756,7420.4405,7420.4405,True,1.11e-16,
fg,chain,16,full,10000,seeds,ok,True,4,40631,1.594,1.129,738,756,756,756,0.9762,0.9762,True,5.55e-17,
fg,chain,16,full,10000,restart,ok,True,10,2614,4.786,0.072,710991,756,756,756,940.4643,940.4643,True,1.11e-16,
fg,chain,16,full,10000,seeds+staged,ok,True,3,12859,1.28,0.282,564,756,756,756,0.746,0.746,True,1.11e-16,
fg,chain,16,full,10000,seeds+restart,ok,True,2,5848,2.717,0.117,738,756,756,756,0.9762,0.9762,True,5.55e-17,
fg,chain,16,full,50000,bfs,ok,True,5,758212,14.202,17.983,13874229,756,756,756,18352.1548,18352.1548,True,1.11e-16,
fg,chain,16,full,50000,staged,ok,True,4,95955,2.413,2.246,223272,756,756,756,295.3333,295.3333,True,1.11e-16,
fg,chain,16,full,50000,backoff,ok,True,32,51214,1.306,0.807,5542434,756,756,756,7331.2619,7331.2619,True,1.11e-16,
fg,chain,16,full,50000,backoff_tight,ok,False,32,15291,0.419,0.38,5609853,756,756,756,7420.4405,7420.4405,True,1.11e-16,
fg,chain,16,full,50000,seeds,ok,True,5,765807,14.414,35.509,738,756,756,756,0.9762,0.9762,True,5.55e-17,
fg,chain,16,full,50000,restart,ok,True,10,44437,24.115,1.658,10251,756,756,756,13.5595,13.5595,True,1.67e-16,
fg,chain,16,full,50000,seeds+staged,ok,True,4,104553,3.088,3.152,564,756,756,756,0.746,0.746,True,1.11e-16,
fg,chain,16,full,50000,seeds+restart,ok,True,2,40631,6.381,1.162,738,756,756,756,0.9762,0.9762,True,5.55e-17,
fg,chain,16,no_reverse,10000,bfs,ok,True,4,37864,0.445,0.589,33368823,756,756,756,44138.6548,44138.6548,True,1.11e-16,
fg,chain,16,no_reverse,10000,staged,ok,True,4,18926,0.442,0.547,1070163,756,756,756,1415.5595,1415.5595,True,1.11e-16,
fg,chain,16,no_reverse,10000,backoff,ok,True,16,33937,0.752,0.398,5542434,756,756,756,7331.2619,7331.2619,True,1.11e-16,
fg,chain,16,no_reverse,10000,backoff_tight,ok,True,24,19645,0.416,0.44,4157694,756,756,756,5499.5952,5499.5952,True,1.11e-16,
fg,chain,16,no_reverse,10000,seeds,ok,True,4,38073,1.566,1.171,738,756,756,756,0.9762,0.9762,True,5.55e-17,
fg,chain,16,no_reverse,10000,restart,ok,True,11,2423,4.534,0.077,7991946,756,756,756,10571.3571,10571.3571,True,1.11e-16,
fg,chain,16,no_reverse,10000,seeds+staged,ok,True,4,19162,1.373,0.3,564,756,756,756,0.746,0.746,True,1.11e-16,
fg,chain,16,no_reverse,10000,seeds+restart,ok,True,2,4970,2.954,0.092,738,756,756,756,0.9762,0.9762,True,5.55e-17,
fg,chain,16,no_reverse,50000,bfs,ok,True,5,758212,14.811,17.176,13874229,756,756,756,18352.1548,18352.1548,True,1.11e-16,
fg,chain,16,no_reverse,50000,staged,ok,True,4,97477,2.235,2.692,223272,756,756,756,295.3333,295.3333,True,1.11e-16,
fg,chain,16,no_reverse,50000,backoff,ok,True,24,77880,1.696,1.719,2139246,756,756,756,2829.6905,2829.6905,True,1.11e-16,
fg,chain,16,no_reverse,50000,backoff_tight,ok,False,32,23410,0.506,0.571,3979845,756,756,756,5264.3452,5264.3452,True,1.11e-16,
fg,chain,16,no_reverse,50000,seeds,ok,True,5,758421,13.262,35.951,738,756,756,756,0.9762,0.9762,True,5.55e-17,
fg,chain,16,no_reverse,50000,restart,ok,True,9,38351,16.835,1.292,11727,756,756,756,15.5119,15.5119,True,1.11e-16,
fg,chain,16,no_reverse,50000,seeds+staged,ok,True,4,97711,2.84,2.989,564,756,756,756,0.746,0.746,True,1.11e-16,
fg,chain,16,no_reverse,50000,seeds+restart,ok,True,2,38073,4.788,1.044,738,756,756,756,0.9762,0.9762,True,5.55e-17,
fg,star,6,full,10000,bfs,ok,False,10,3156,0.072,0.046,171,252,252,252,0.6786,0.6786,True,1.11e-16,
fg,star,6,full,10000,staged,ok,False,7,3156,0.092,0.032,171,252,252,252,0.6786,0.6786,True,5.55e-17,
fg,star,6,full,10000,backoff,ok,False,32,3156,0.091,0.032,171,252,252,252,0.6786,0.6786,True,1.11e-16,
fg,star,6,full,10000,backoff_tight,ok,False,32,3156,0.085,0.032,168,252,252,252,0.6667,0.6667,True,1.11e-16,
fg,star,6,full,10000,seeds,ok,False,7,3156,0.168,0.033,168,252,252,252,0.6667,0.6667,True,1.11e-16,
fg,star,6,full,10000,restart,ok,True,3,2443,0.208,0.02,168,252,252,252,0.6667,0.6667,True,1.11e-16,
fg,star,6,full,10000,seeds+staged,ok,False,6,3156,0.161,0.023,168,252,252,252,0.6667,0.6667,True,1.11e-16,
fg,star,6,full,10000,seeds+restart,ok,True,2,2164,0.387,0.024,168,252,252,252,0.6667,0.6667,True,1.11e-16,
fg,star,6,full,50000,bfs,ok,False,10,3156,0.055,0.034,171,252,252,252,0.6786,0.6786,True,1.11e-16,
fg,star,6,full,50000,staged,ok,False,7,3156,0.094,0.033,171,252,252,252,0.6786,0.6786,True,5.55e-17,
fg,star,6,full,50000,backoff,ok,False,32,3156,0.108,0.029,171,252,252,252,0.6786,0.6786,True,1.11e-16,
fg,star,6,full,50000,backoff_tight,ok,False,32,3156,0.078,0.028,168,252,252,252,0.6667,0.6667,True,1.11e-16,
fg,star,6,full,50000,seeds,ok,False,7,3156,0.165,0.036,168,252,252,252,0.6667,0.6667,True,1.11e-16,
fg,star,6,full,50000,restart,ok,False,1,3156,0.083,0.028,171,252,252,252,0.6786,0.6786,True,1.11e-16,
fg,star,6,full,50000,seeds+staged,ok,False,6,3156,0.169,0.032,168,252,252,252,0.6667,0.6667,True,1.11e-16,
fg,star,6,full,50000,seeds+restart,ok,False,1,3156,0.22,0.037,168,252,252,252,0.6667,0.6667,True,1.11e-16,
fg,star,6,no_reverse,10000,bfs,ok,False,10,3156,0.069,0.04,171,252,252,252,0.6786,0.6786,True,1.11e-16,
fg,star,6,no_reverse,10000,staged,ok,False,7,3156,0.074,0.031,165,252,252,252,0.6548,0.6548,True,1.11e-16,
fg,star,6,no_reverse,10000,backoff,ok,False,32,3156,0.074,0.024,171,252,252,252,0.6786,0.6786,True,1.11e-16,
fg,star,6,no_reverse,10000,backoff_tight,ok,False,32,3156,0.093,0.027,171,252,252,252,0.6786,0.6786,True,1.11e-16,
fg,star,6,no_reverse,10000,seeds,ok,False,9,3156,0.179,0.029,168,252,252,252,0.6667,0.6667,True,1.11e-16,
fg,star,6,no_reverse,10000,restart,ok,True,4,2313,0.334,0.024,168,252,252,252,0.6667,0.6667,True,1.11e-16,
fg,star,6,no_reverse,10000,seeds+staged,ok,False,6,3156,0.181,0.02,168,252,252,252,0.6667,0.6667,True,1.11e-16,
fg,star,6,no_reverse,10000,seeds+restart,ok,True,2,2339,0.359,0.019,168,252,252,252,0.6667,0.6667,True,1.11e-16,
fg,star,6,no_reverse,50000,bfs,ok,False,10,3156,0.057,0.044,171,252,252,252,0.6786,0.6786,True,1.11e-16,
fg,star,6,no_reverse,50000,staged,ok,False,7,3156,0.091,0.03,165,252,252,252,0.6548,0.6548,True,1.11e-16,
fg,star,6,no_reverse,50000,backoff,ok,False,32,3156,0.079,0.021,171,252,252,252,0.6786,0.6786,True,1.11e-16,
fg,star,6,no_reverse,50000,backoff_tight,ok,False,32,3156,0.085,0.028,171,252,252,252,0.6786,0.6786,True,1.11e-16,
fg,star,6,no_reverse,50000,seeds,ok,False,9,3156,0.167,0.032,168,252,252,252,0.6667,0.6667,True,1.11e-16,
fg,star,6,no_reverse,50000,restart,ok,False,1,3156,0.109,0.048,171,252,252,252,0.6786,0.6786,True,1.11e-16,
fg,star,6,no_reverse,50000,seeds+staged,ok,False,6,3156,0.18,0.025,168,252,252,252,0.6667,0.6667,True,1.11e-16,
fg,star,6,no_reverse,50000,seeds+restart,ok,False,1,3156,0.146,0.019,168,252,252,252,0.6667,0.6667,True,1.11e-16,
fg,star,8,full,10000,bfs,ok,True,6,19211,0.204,0.176,1071,423,423,393,2.5319,2.7252,True,8.88e-16,
fg,star,8,full,10000,staged,ok,True,4,14031,0.21,0.118,273,423,423,393,0.6454,0.6947,True,8.88e-16,
fg,star,8,full,10000,backoff,ok,True,16,12118,0.188,0.092,1506,423,423,393,3.5603,3.8321,True,8.88e-16,
fg,star,8,full,10000,backoff_tight,ok,False,32,6647,0.149,0.058,1671,423,423,393,3.9504,4.2519,True,8.88e-16,
fg,star,8,full,10000,seeds,ok,True,4,31633,0.521,0.38,252,423,423,393,0.5957,0.6412,True,7.77e-16,
fg,star,8,full,10000,restart,ok,True,7,2072,0.989,0.024,426,423,423,393,1.0071,1.084,True,7.77e-16,
fg,star,8,full,10000,seeds+staged,ok,True,3,21219,0.447,0.251,249,423,423,393,0.5887,0.6336,True,8.88e-16,
fg,star,8,full,10000,seeds+restart,ok,True,2,2398,0.622,0.029,327,423,423,393,0.773,0.8321,True,7.77e-16,
fg,star,8,full,50000,bfs,ok,True,8,56979,0.865,0.629,516,423,423,393,1.2199,1.313,True,7.77e-16,
fg,star,8,full,50000,staged,ok,True,5,65769,1.06,1.05,243,423,423,393,0.5745,0.6183,True,8.88e-16,
fg,star,8,full,50000,backoff,ok,False,32,17273,0.302,0.203,1506,423,423,393,3.5603,3.8321,True,8.88e-16,
fg,star,8,full,50000,backoff_tight,ok,False,32,6647,0.153,0.058,1671,423,423,393,3.9504,4.2519,True,8.88e-16,
fg,star,8,full,50000,seeds,ok,True,5,65041,1.258,0.93,252,423,423,393,0.5957,0.6412,True,7.77e-16,
fg,star,8,full,50000,restart,ok,True,5,14486,2.189,0.308,252,423,423,393,0.5957,0.6412,True,7.77e-16,
fg,star,8,full,50000,seeds+staged,ok,True,4,51944,1.008,0.541,249,423,423,393,0.5887,0.6336,True,8.88e-16,
fg,star,8,full,50000,seeds+restart,ok,True,2,10033,1.386,0.106,252,423,423,393,0.5957,0.6412,True,7.77e-16,
fg,star,8,no_reverse,10000,bfs,ok,True,6,19211,0.234,0.19,1071,423,423,393,2.5319,2.7252,True,8.88e-16,
fg,star,8,no_reverse,10000,staged,ok,True,4,13219,0.203,0.104,279,423,423,393,0.6596,0.7099,True,8.88e-16,
fg,star,8,no_reverse,10000,backoff,ok,True,16,12358,0.207,0.125,1506,423,423,393,3.5603,3.8321,True,8.88e-16,
fg,star,8,no_reverse,10000,backoff_tight,ok,True,24,21500,0.297,0.194,771,423,423,393,1.8227,1.9618,True,8.88e-16,
fg,star,8,no_reverse,10000,seeds,ok,True,4,10027,0.312,0.121,249,423,423,393,0.5887,0.6336,True,7.77e-16,
fg,star,8,no_reverse,10000,restart,ok,True,10,2733,1.385,0.081,300,423,423,393,0.7092,0.7634,True,7.77e-16,
fg,star,8,no_reverse,10000,seeds+staged,ok,True,3,10583,0.358,0.144,252,423,423,393,0.5957,0.6412,True,7.77e-16,
fg,star,8,no_reverse,10000,seeds+restart,ok,True,2,2024,0.68,0.028,312,423,423,393,0.7376,0.7939,True,8.88e-16,
fg,star,8,no_reverse,50000,bfs,ok,True,8,56979,0.678,0.467,516,423,423,393,1.2199,1.313,True,7.77e-16,
fg,star,8,no_reverse,50000,staged,ok,True,5,58465,0.812,0.664,240,423,423,393,0.5674,0.6107,True,8.88e-16,
fg,star,8,no_reverse,50000,backoff,ok,False,32,35196,0.524,0.255,687,423,423,393,1.6241,1.7481,True,7.77e-16,
fg,star,8,no_reverse,50000,backoff_tight,ok,False,32,20901,0.337,0.195,657,423,423,393,1.5532,1.6718,True,8.88e-16,
fg,star,8,no_reverse,50000,seeds,ok,True,8,66976,1.186,0.827,252,423,423,393,0.5957,0.6412,True,8.88e-16,
fg,star,8,no_reverse,50000,restart,ok,True,6,12061,2.131,0.181,243,423,423,393,0.5745,0.6183,True,7.77e-16,
fg,star,8,no_reverse,50000,seeds+staged,ok,True,5,57714,1.153,0.836,252,423,423,393,0.5957,0.6412,True,7.77e-16,
fg,star,8,no_reverse,50000,seeds+restart,ok,True,3,13896,2.005,0.19,240,423,423,393,0.5674,0.6107,True,7.77e-16,
fg,star,12,full,10000,bfs,ok,True,4,16611,0.168,0.134,412749,873,873,669,472.7938,616.9641,True,3.77e-15,
fg,star,12,full,10000,staged,ok,True,3,10682,0.225,0.182,34110,873,873,669,39.0722,50.9865,True,3.83e-15,
fg,star,12,full,10000,backoff,ok,True,16,18915,0.261,0.211,159174,873,873,669,182.3299,237.9283,True,3.72e-15,
fg,star,12,full,10000,backoff_tight,ok,False,32,9885,0.223,0.137,79743,873,873,669,91.3436,119.1973,True,3.77e-15,
fg,star,12,full,10000,seeds,ok,True,3,34168,0.821,0.563,567,873,873,669,0.6495,0.8475,True,3.66e-15,
fg,star,12,full,10000,restart,ok,True,13,4364,3.981,0.104,1200,873,873,669,1.3746,1.7937,True,3.72e-15,
fg,star,12,full,10000,seeds+staged,ok,True,2,15535,0.78,0.309,597,873,873,669,0.6838,0.8924,True,3.72e-15,
fg,star,12,full,10000,seeds+restart,ok,True,4,6347,3.091,0.116,537,873,873,669,0.6151,0.8027,True,3.77e-15,
fg,star,12,full,50000,bfs,ok,True,5,112866,1.312,1.818,171918,873,873,669,196.9278,256.9776,True,3.72e-15,
fg,star,12,full,50000,staged,ok,True,4,80275,1.077,1.646,2577,873,873,669,2.9519,3.852,True,3.72e-15,
fg,star,12,full,50000,backoff,ok,False,32,46841,0.798,0.676,41346,873,873,669,47.3608,61.8027,True,3.77e-15,
fg,star,12,full,50000,backoff_tight,ok,False,32,9885,0.235,0.201,79743,873,873,669,91.3436,119.1973,True,3.77e-15,
fg,star,12,full,50000,seeds,ok,True,4,359575,5.308,7.489,420,873,873,669,0.4811,0.6278,True,3.77e-15,
fg,star,12,full,50000,restart,ok,True,11,10386,9.94,0.268,756,873,873,669,0.866,1.13,True,3.66e-15,
fg,star,12,full,50000,seeds+staged,ok,True,3,83348,1.552,1.182,429,873,873,669,0.4914,0.6413,True,3.77e-15,
fg,star,12,full,50000,seeds+restart,ok,True,2,39489,2.894,0.428,567,873,873,669,0.6495,0.8475,True,3.66e-15,
fg,star,12,no_reverse,10000,bfs,ok,True,4,16611,0.187,0.155,412749,873,873,669,472.7938,616.9641,True,3.77e-15,
fg,star,12,no_reverse,10000,staged,ok,True,4,19807,0.255,0.227,12054,873,873,669,13.8076,18.0179,True,3.72e-15,
fg,star,12,no_reverse,10000,backoff,ok,True,16,18871,0.303,0.209,159174,873,873,669,182.3299,237.9283,True,3.72e-15,
fg,star,12,no_reverse,10000,backoff_tight,ok,True,16,10206,0.219,0.188,79743,873,873,669,91.3436,119.1973,True,3.77e-15,
fg,star,12,no_reverse,10000,seeds,ok,True,3,28392,0.795,0.557,567,873,873,669,0.6495,0.8475,True,3.66e-15,
fg,star,12,no_reverse,10000,restart,ok,True,14,3504,3.646,0.09,1131,873,873,669,1.2955,1.6906,True,3.72e-15,
fg,star,12,no_reverse,10000,seeds+staged,ok,True,3,40010,1.055,0.677,432,873,873,669,0.4948,0.6457,True,3.77e-15,
fg,star,12,no_reverse,10000,seeds+restart,ok,True,4,5631,2.693,0.08,537,873,873,669,0.6151,0.8027,True,3.77e-15,
fg,star,12,no_reverse,50000,bfs,ok,True,5,112866,1.278,1.76,171918,873,873,669,196.9278,256.9776,True,3.72e-15,
fg,star,12,no_reverse,50000,staged,ok,True,4,80036,1.338,1.83,2577,873,873,669,2.9519,3.852,True,3.72e-15,
fg,star,12,no_reverse,50000,backoff,ok,True,32,60793,1.185,0.928,41265,873,873,669,47.268,61.6816,True,3.77e-15,
fg,star,12,no_reverse,50000,backoff_tight,ok,False,32,31954,0.531,0.402,24558,873,873,669,28.1306,36.7085,True,3.72e-15,
fg,star,12,no_reverse,50000,seeds,ok,True,4,223487,3.42,5.178,549,873,873,669,0.6289,0.8206,True,3.77e-15,
fg,star,12,no_reverse,50000,restart,ok,True,10,33484,8.075,0.759,951,873,873,669,1.0893,1.4215,True,3.72e-15,
fg,star,12,no_reverse,50000,seeds+staged,ok,True,4,56920,1.368,0.654,447,873,873,669,0.512,0.6682,True,3.77e-15,
fg,star,12,no_reverse,50000,seeds+restart,ok,True,2,33142,2.58,0.539,567,873,873,669,0.6495,0.8475,True,3.66e-15,
fg,star,16,full,10000,bfs,ok,True,4,37921,0.448,0.515,33368823,1467,1467,945,22746.3006,35310.9238,True,1.11e-16,
fg,star,16,full,10000,staged,ok,True,3,11570,0.351,0.331,3254229,1467,1467,945,2218.2883,3443.6286,True,1.11e-16,
fg,star,16,full,10000,backoff,ok,True,8,12293,0.347,0.18,13871709,1467,1467,945,9455.8344,14679.0571,True,1.11e-16,
fg,star,16,full,10000,backoff_tight,ok,False,32,9744,0.369,0.215,13882869,1467,1467,945,9463.4417,14690.8667,True,1.11e-16,
fg,star,16,full,10000,seeds,ok,True,2,10453,1.342,0.17,843,1467,1467,945,0.5746,0.8921,True,2.22e-16,
fg,star,16,full,10000,restart,ok,True,16,2604,7.666,0.108,285480,1467,1467,945,194.6012,302.0952,True,1.67e-16,
fg,star,16,full,10000,seeds+staged,ok,True,2,15507,1.335,0.369,855,1467,1467,945,0.5828,0.9048,True,1.11e-16,
fg,star,16,full,10000,seeds+restart,ok,True,5,2950,7.037,0.048,843,1467,1467,945,0.5746,0.8921,True,1.67e-16,
fg,star,16,full,50000,bfs,ok,True,5,763380,12.278,16.587,13874229,1467,1467,945,9457.5521,14681.7238,True,1.11e-16,
fg,star,16,full,50000,staged,ok,True,4,52345,1.039,1.145,484380,1467,1467,945,330.184,512.5714,True,1.11e-16,
fg,star,16,full,50000,backoff,ok,True,32,86861,1.943,1.755,1576116,1467,1467,945,1074.3804,1667.8476,True,1.67e-16,
fg,star,16,full,50000,backoff_tight,ok,False,32,9744,0.325,0.161,13882869,1467,1467,945,9463.4417,14690.8667,True,1.11e-16,
fg,star,16,full,50000,seeds,ok,True,3,72052,1.903,1.616,813,1467,1467,945,0.5542,0.8603,True,1.67e-16,
fg,star,16,full,50000,restart,ok,True,16,10531,25.061,0.386,1920,1467,1467,945,1.3088,2.0317,True,1.67e-16,
fg,star,16,full,50000,seeds+staged,ok,True,3,168715,3.649,4.223,747,1467,1467,945,0.5092,0.7905,True,1.67e-16,
fg,star,16,full,50000,seeds+restart,ok,True,3,11835,5.87,0.208,816,1467,1467,945,0.5562,0.8635,True,2.22e-16,
fg,star,16,no_reverse,10000,bfs,ok,True,4,37921,0.389,0.455,33368823,1467,1467,945,22746.3006,35310.9238,True,1.11e-16,
fg,star,16,no_reverse,10000,staged,ok,True,4,22036,0.446,0.35,1070082,1467,1467,945,729.4356,1132.3619,True,1.11e-16,
fg,star,16,no_reverse,10000,backoff,ok,True,8,12293,0.341,0.248,13871709,1467,1467,945,9455.8344,14679.0571,True,1.11e-16,
fg,star,16,no_reverse,10000,backoff_tight,ok,True,16,22612,0.448,0.408,5556582,1467,1467,945,3787.7178,5879.981,True,2.22e-16,
fg,star,16,no_reverse,10000,seeds,ok,True,3,63494,1.796,1.099,813,1467,1467,945,0.5542,0.8603,True,1.67e-16,
fg,star,16,no_reverse,10000,restart,ok,True,14,2107,5.968,0.095,7579962,1467,1467,945,5166.9816,8021.1238,True,1.67e-16,
fg,star,16,no_reverse,10000,seeds+staged,ok,True,2,10410,1.213,0.208,843,1467,1467,945,0.5746,0.8921,True,1.11e-16,
fg,star,16,no_reverse,10000,seeds+restart,ok,True,5,2766,6.787,0.054,843,1467,1467,945,0.5746,0.8921,True,1.67e-16,
fg,star,16,no_reverse,50000,bfs,ok,True,5,763380,10.965,18.22,13874229,1467,1467,945,9457.5521,14681.7238,True,1.11e-16,
fg,star,16,no_reverse,50000,staged,ok,True,4,52406,0.993,1.117,484380,1467,1467,945,330.184,512.5714,True,1.11e-16,
fg,star,16,no_reverse,50000,backoff,ok,True,24,82639,1.491,1.976,1888563,1467,1467,945,1287.364,1998.4794,True,1.11e-16,
fg,star,16,no_reverse,50000,backoff_tight,ok,False,32,27681,0.72,0.562,5556582,1467,1467,945,3787.7178,5879.981,True,2.22e-16,
fg,star,16,no_reverse,50000,seeds,ok,True,3,63494,1.848,1.249,813,1467,1467,945,0.5542,0.8603,True,1.67e-16,
fg,star,16,no_reverse,50000,restart,ok,True,15,57926,36.213,2.328,1965,1467,1467,945,1.3395,2.0794,True,1.11e-16,
fg,star,16,no_reverse,50000,seeds+staged,ok,True,3,78892,2.23,1.79,741,1467,1467,945,0.5051,0.7841,True,1.11e-16,
fg,star,16,no_reverse,50000,seeds+restart,ok,True,3,11150,6.12,0.216,792,1467,1467,945,0.5399,0.8381,True,1.67e-16,
fg,random_tree,6,full,10000,bfs,ok,False,10,1958,0.056,0.015,171,225,216,216,0.76,0.7917,True,1.67e-16,
fg,random_tree,6,full,10000,staged,ok,False,6,1958,0.056,0.009,171,225,216,216,0.76,0.7917,True,1.67e-16,
fg,random_tree,6,full,10000,backoff,ok,False,32,1958,0.06,0.009,171,225,216,216,0.76,0.7917,True,1.67e-16,
fg,random_tree,6,full,10000,backoff_tight,ok,False,32,1958,0.077,0.017,171,225,216,216,0.76,0.7917,True,1.67e-16,
fg,random_tree,6,full,10000,seeds,ok,False,8,1958,0.157,0.016,171,225,216,216,0.76,0.7917,True,1.67e-16,
fg,random_tree,6,full,10000,restart,ok,False,1,1958,0.071,0.016,171,225,216,216,0.76,0.7917,True,1.67e-16,
fg,random_tree,6,full,10000,seeds+staged,ok,False,6,1958,0.201,0.023,171,225,216,216,0.76,0.7917,True,1.67e-16,
fg,random_tree,6,full,10000,seeds+restart,ok,False,1,1958,0.184,0.015,171,225,216,216,0.76,0.7917,True,1.67e-16,
fg,random_tree,6,full,50000,bfs,ok,False,10,1958,0.047,0.013,171,225,216,216,0.76,0.7917,True,1.67e-16,
fg,random_tree,6,full,50000,staged,ok,False,6,1958,0.082,0.013,171,225,216,216,0.76,0.7917,True,1.67e-16,
fg,random_tree,6,full,50000,backoff,ok,False,32,1958,0.108,0.015,171,225,216,216,0.76,0.7917,True,1.67e-16,
fg,random_tree,6,full,50000,backoff_tight,ok,False,32,1958,0.1,0.018,171,225,216,216,0.76,0.7917,True,1.67e-16,
fg,random_tree,6,full,50000,seeds,ok,False,8,1958,0.185,0.009,171,225,216,216,0.76,0.7917,True,1.67e-16,
fg,random_tree,6,full,50000,restart,ok,False,1,1958,0.076,0.017,171,225,216,216,0.76,0.7917,True,1.67e-16,
fg,random_tree,6,full,50000,seeds+staged,ok,False,6,1958,0.163,0.011,171,225,216,216,0.76,0.7917,True,1.67e-16,
fg,random_tree,6,full,50000,seeds+restart,ok,False,1,1958,0.166,0.01,171,225,216,216,0.76,0.7917,True,1.67e-16,
fg,random_tree,6,no_reverse,10000,bfs,ok,False,10,1958,0.057,0.014,171,225,216,216,0.76,0.7917,True,1.67e-16,
fg,random_tree,6,no_reverse,10000,staged,ok,False,7,1958,0.069,0.014,171,225,216,216,0.76,0.7917,True,1.67e-16,
fg,random_tree,6,no_reverse,10000,backoff,ok,False,32,1958,0.075,0.012,171,225,216,216,0.76,0.7917,True,1.67e-16,
fg,random_tree,6,no_reverse,10000,backoff_tight,ok,False,32,1958,0.073,0.015,171,225,216,216,0.76,0.7917,True,1.67e-16,
fg,random_tree,6,no_reverse,10000,seeds,ok,False,10,1958,0.149,0.017,171,225,216,216,0.76,0.7917,True,1.67e-16,
fg,random_tree,6,no_reverse,10000,restart,ok,False,1,1958,0.05,0.014,171,225,216,216,0.76,0.7917,True,1.67e-16,
fg,random_tree,6,no_reverse,10000,seeds+staged,ok,False,7,1958,0.231,0.027,171,225,216,216,0.76,0.7917,True,1.67e-16,
fg,random_tree,6,no_reverse,10000,seeds+restart,ok,False,1,1958,0.176,0.012,171,225,216,216,0.76,0.7917,True,1.67e-16,
fg,random_tree,6,no_reverse,50000,bfs,ok,False,10,1958,0.051,0.013,171,225,216,216,0.76,0.7917,True,1.67e-16,
fg,random_tree,6,no_reverse,50000,staged,ok,False,7,1958,0.079,0.015,171,225,216,216,0.76,0.7917,True,1.67e-16,
fg,random_tree,6,no_reverse,50000,backoff,ok,False,32,1958,0.075,0.012,171,225,216,216,0.76,0.7917,True,1.67e-16,
fg,random_tree,6,no_reverse,50000,backoff_tight,ok,False,32,1958,0.065,0.013,171,225,216,216,0.76,0.7917,True,1.67e-16,
fg,random_tree,6,no_reverse,50000,seeds,ok,False,10,1958,0.157,0.014,171,225,216,216,0.76,0.7917,True,1.67e-16,
fg,random_tree,6,no_reverse,50000,restart,ok,False,1,1958,0.072,0.018,171,225,216,216,0.76,0.7917,True,1.67e-16,
fg,random_tree,6,no_reverse,50000,seeds+staged,ok,False,7,1958,0.161,0.012,171,225,216,216,0.76,0.7917,True,1.67e-16,
fg,random_tree,6,no_reverse,50000,seeds+restart,ok,False,1,1958,0.167,0.012,171,225,216,216,0.76,0.7917,True,1.67e-16,
fg,random_tree,8,full,10000,bfs,ok,True,6,13122,0.158,0.112,1260,333,324,324,3.7838,3.8889,True,7.77e-16,
fg,random_tree,8,full,10000,staged,ok,True,4,12421,0.214,0.116,720,333,324,324,2.1622,2.2222,True,7.77e-16,
fg,random_tree,8,full,10000,backoff,ok,True,16,12917,0.177,0.106,846,333,324,324,2.5405,2.6111,True,7.77e-16,
fg,random_tree,8,full,10000,backoff_tight,ok,False,32,9593,0.217,0.095,846,333,324,324,2.5405,2.6111,True,7.77e-16,
fg,random_tree,8,full,10000,seeds,ok,True,5,11963,0.364,0.103,270,333,324,324,0.8108,0.8333,True,7.77e-16,
fg,random_tree,8,full,10000,restart,ok,True,8,4025,1.277,0.044,723,333,324,324,2.1712,2.2315,True,7.77e-16,
fg,random_tree,8,full,10000,seeds+staged,ok,True,4,10602,0.367,0.103,249,333,324,324,0.7477,0.7685,True,7.77e-16,
fg,random_tree,8,full,10000,seeds+restart,ok,True,2,2080,0.645,0.021,318,333,324,324,0.955,0.9815,True,7.77e-16,
fg,random_tree,8,full,50000,bfs,ok,False,13,28932,0.484,0.287,249,333,324,324,0.7477,0.7685,True,7.77e-16,
fg,random_tree,8,full,50000,staged,ok,False,8,28932,0.704,0.208,249,333,324,324,0.7477,0.7685,True,7.77e-16,
fg,random_tree,8,full,50000,backoff,ok,False,32,15304,0.369,0.141,432,333,324,324,1.2973,1.3333,True,7.77e-16,
fg,random_tree,8,full,50000,backoff_tight,ok,False,32,9593,0.17,0.103,846,333,324,324,2.5405,2.6111,True,7.77e-16,
fg,random_tree,8,full,50000,seeds,ok,False,11,28932,0.81,0.362,249,333,324,324,0.7477,0.7685,True,7.77e-16,
fg,random_tree,8,full,50000,restart,ok,True,4,15399,1.71,0.146,267,333,324,324,0.8018,0.8241,True,7.77e-16,
fg,random_tree,8,full,50000,seeds+staged,ok,False,7,28932,0.966,0.351,249,333,324,324,0.7477,0.7685,True,7.77e-16,
fg,random_tree,8,full,50000,seeds+restart,ok,True,3,11976,1.585,0.14,255,333,324,324,0.7658,0.787,True,7.77e-16,
fg,random_tree,8,no_reverse,10000,bfs,ok,True,6,13122,0.163,0.12,1260,333,324,324,3.7838,3.8889,True,7.77e-16,
fg,random_tree,8,no_reverse,10000,staged,ok,True,4,12013,0.206,0.137,720,333,324,324,2.1622,2.2222,True,7.77e-16,
fg,random_tree,8,no_reverse,10000,backoff,ok,True,16,26201,0.373,0.232,303,333,324,324,0.9099,0.9352,True,7.77e-16,
fg,random_tree,8,no_reverse,10000,backoff_tight,ok,True,24,22022,0.333,0.208,432,333,324,324,1.2973,1.3333,True,7.77e-16,
fg,random_tree,8,no_reverse,10000,seeds,ok,True,6,13299,0.355,0.165,270,333,324,324,0.8108,0.8333,True,7.77e-16,
fg,random_tree,8,no_reverse,10000,restart,ok,True,6,3122,0.971,0.031,969,333,324,324,2.9099,2.9907,True,7.77e-16,
fg,random_tree,8,no_reverse,10000,seeds+staged,ok,True,4,12212,0.471,0.157,249,333,324,324,0.7477,0.7685,True,7.77e-16,
fg,random_tree,8,no_reverse,10000,seeds+restart,ok,True,2,3133,0.705,0.024,276,333,324,324,0.8288,0.8519,True,7.77e-16,
fg,random_tree,8,no_reverse,50000,bfs,ok,False,13,28932,0.501,0.367,249,333,324,324,0.7477,0.7685,True,7.77e-16,
fg,random_tree,8,no_reverse,50000,staged,ok,False,8,28932,0.668,0.27,249,333,324,324,0.7477,0.7685,True,7.77e-16,
fg,random_tree,8,no_reverse,50000,backoff,ok,False,32,26601,0.516,0.344,273,333,324,324,0.8198,0.8426,True,7.77e-16,
fg,random_tree,8,no_reverse,50000,backoff_tight,ok,False,32,21358,0.362,0.206,432,333,324,324,1.2973,1.3333,True,7.77e-16,
fg,random_tree,8,no_reverse,50000,seeds,ok,False,12,28932,0.736,0.28,249,333,324,324,0.7477,0.7685,True,7.77e-16,
fg,random_tree,8,no_reverse,50000,restart,ok,True,6,13221,2.332,0.217,792,333,324,324,2.3784,2.4444,True,7.77e-16,
fg,random_tree,8,no_reverse,50000,seeds+staged,ok,False,8,28932,0.978,0.33,249,333,324,324,0.7477,0.7685,True,7.77e-16,
fg,random_tree,8,no_reverse,50000,seeds+restart,ok,True,2,13299,1.033,0.198,270,333,324,324,0.8108,0.8333,True,7.77e-16,
fg,random_tree,12,full,10000,bfs,ok,True,4,16583,0.21,0.199,414369,549,549,549,754.7705,754.7705,True,3.22e-15,
fg,random_tree,12,full,10000,staged,ok,True,4,13197,0.255,0.212,14625,549,549,549,26.6393,26.6393,True,3.22e-15,
fg,random_tree,12,full,10000,backoff,ok,True,16,16511,0.394,0.352,160308,549,549,549,292.0,292.0,True,3.22e-15,
fg,random_tree,12,full,10000,backoff_tight,ok,False,32,8696,0.219,0.17,87075,549,549,549,158.6066,158.6066,True,3.22e-15,
fg,random_tree,12,full,10000,seeds,ok,True,4,22065,0.836,0.323,468,549,549,549,0.8525,0.8525,True,3.16e-15,
fg,random_tree,12,full,10000,restart,ok,True,15,4008,5.091,0.09,2709,549,549,549,4.9344,4.9344,True,3.22e-15,
fg,random_tree,12,full,10000,seeds+staged,ok,True,3,17027,0.846,0.237,405,549,549,549,0.7377,0.7377,True,3.16e-15,
fg,random_tree,12,full,10000,seeds+restart,ok,True,2,4733,1.563,0.069,492,549,549,549,0.8962,0.8962,True,3.16e-15,
fg,random_tree,12,full,50000,bfs,ok,True,5,111675,1.404,2.087,172989,549,549,549,315.0984,315.0984,True,3.22e-15,
fg,random_tree,12,full,50000,staged,ok,True,4,104046,1.967,2.203,6759,549,549,549,12.3115,12.3115,True,3.22e-15,
fg,random_tree,12,full,50000,backoff,ok,False,32,39866,0.77,0.682,51381,549,549,549,93.5902,93.5902,True,3.22e-15,
fg,random_tree,12,full,50000,backoff_tight,ok,False,32,8696,0.251,0.151,87075,549,549,549,158.6066,158.6066,True,3.22e-15,
fg,random_tree,12,full,50000,seeds,ok,True,5,128674,2.181,2.921,459,549,549,549,0.8361,0.8361,True,3.16e-15,
fg,random_tree,12,full,50000,restart,ok,True,14,18873,10.634,0.347,1449,549,549,549,2.6393,2.6393,True,3.22e-15,
fg,random_tree,12,full,50000,seeds+staged,ok,True,4,54556,1.537,1.017,405,549,549,549,0.7377,0.7377,True,3.16e-15,
fg,random_tree,12,full,50000,seeds+restart,ok,True,2,22451,2.719,0.274,468,549,549,549,0.8525,0.8525,True,3.16e-15,
fg,random_tree,12,no_reverse,10000,bfs,ok,True,4,16583,0.257,0.176,414369,549,549,549,754.7705,754.7705,True,3.22e-15,
fg,random_tree,12,no_reverse,10000,staged,ok,True,4,14697,0.316,0.228,14625,549,549,549,26.6393,26.6393,True,3.22e-15,
fg,random_tree,12,no_reverse,10000,backoff,ok,True,16,16460,0.406,0.247,160308,549,549,549,292.0,292.0,True,3.22e-15,
fg,random_tree,12,no_reverse,10000,backoff_tight,ok,True,24,34422,0.6,0.689,15489,549,549,549,28.2131,28.2131,True,3.22e-15,
fg,random_tree,12,no_reverse,10000,seeds,ok,True,4,17222,0.811,0.317,474,549,549,549,0.8634,0.8634,True,3.16e-15,
fg,random_tree,12,no_reverse,10000,restart,ok,True,11,3404,3.258,0.177,3168,549,549,549,5.7705,5.7705,True,3.22e-15,
fg,random_tree,12,no_reverse,10000,seeds+staged,ok,True,4,15603,0.82,0.219,405,549,549,549,0.7377,0.7377,True,3.16e-15,
fg,random_tree,12,no_reverse,10000,seeds+restart,ok,True,2,3196,1.498,0.044,495,549,549,549,0.9016,0.9016,True,3.16e-15,
fg,random_tree,12,no_reverse,50000,bfs,ok,True,5,111675,1.378,1.932,172989,549,549,549,315.0984,315.0984,True,3.22e-15,
fg,random_tree,12,no_reverse,50000,staged,ok,True,4,103554,1.709,2.046,6993,549,549,549,12.7377,12.7377,True,3.22e-15,
fg,random_tree,12,no_reverse,50000,backoff,ok,True,24,68094,1.052,1.409,26937,549,549,549,49.0656,49.0656,True,3.22e-15,
fg,random_tree,12,no_reverse,50000,backoff_tight,ok,False,32,40940,0.759,0.782,14364,549,549,549,26.1639,26.1639,True,3.22e-15,
fg,random_tree,12,no_reverse,50000,seeds,ok,True,5,112425,1.902,2.404,474,549,549,549,0.8634,0.8634,True,3.16e-15,
fg,random_tree,12,no_reverse,50000,restart,ok,True,10,17290,6.012,0.269,1917,549,549,549,3.4918,3.4918,True,3.22e-15,
fg,random_tree,12,no_reverse,50000,seeds+staged,ok,True,4,104907,2.269,2.208,405,549,549,549,0.7377,0.7377,True,3.16e-15,
fg,random_tree,12,no_reverse,50000,seeds+restart,ok,True,2,17231,1.85,0.21,474,549,549,549,0.8634,0.8634,True,3.16e-15,
fg,random_tree,16,full,10000,bfs,ok,True,4,37704,0.455,0.643,33408459,756,738,738,44191.0833,45268.9146,True,1.67e-16,
fg,random_tree,16,full,10000,staged,ok,True,4,11484,0.315,0.215,2520270,756,738,738,3333.6905,3415.0,True,1.67e-16,
fg,random_tree,16,full,10000,backoff,ok,True,16,23758,0.469,0.505,5641056,756,738,738,7461.7143,7643.7073,True,1.67e-16,
fg,random_tree,16,full,10000,backoff_tight,ok,True,24,14921,0.369,0.455,2750778,756,738,738,3638.5952,3727.3415,True,1.67e-16,
fg,random_tree,16,full,10000,seeds,ok,True,4,50947,1.858,1.112,684,756,738,738,0.9048,0.9268,True,1.11e-16,
fg,random_tree,16,full,10000,restart,ok,True,11,2570,5.982,0.102,1249209,756,738,738,1652.3929,1692.6951,True,1.67e-16,
fg,random_tree,16,full,10000,seeds+staged,ok,True,3,27257,1.694,0.535,552,756,738,738,0.7302,0.748,True,1.11e-16,
fg,random_tree,16,full,10000,seeds+restart,ok,True,2,3102,2.646,0.053,708,756,738,738,0.9365,0.9593,True,1.11e-16,
fg,random_tree,16,full,50000,bfs,ok,True,5,756777,11.364,21.698,13897017,756,738,738,18382.2976,18830.6463,True,1.67e-16,
fg,random_tree,16,full,50000,staged,ok,True,4,106501,2.184,3.078,921096,756,738,738,1218.381,1248.0976,True,1.11e-16,
fg,random_tree,16,full,50000,backoff,ok,False,32,29134,0.784,0.524,5639112,756,738,738,7459.1429,7641.0732,True,1.67e-16,
fg,random_tree,16,full,50000,backoff_tight,ok,False,32,22842,0.543,0.583,2691288,756,738,738,3559.9048,3646.7317,True,1.11e-16,
fg,random_tree,16,full,50000,seeds,ok,True,4,50947,1.508,1.292,684,756,738,738,0.9048,0.9268,True,1.11e-16,
fg,random_tree,16,full,50000,restart,ok,True,15,43701,36.254,1.403,5223,756,738,738,6.9087,7.0772,True,1.11e-16,
fg,random_tree,16,full,50000,seeds+staged,ok,True,3,82611,2.472,1.96,552,756,738,738,0.7302,0.748,True,1.11e-16,
fg,random_tree,16,full,50000,seeds+restart,ok,True,2,51068,6.492,1.141,684,756,738,738,0.9048,0.9268,True,1.11e-16,
fg,random_tree,16,no_reverse,10000,bfs,ok,True,4,37704,0.426,0.569,33408459,756,738,738,44191.0833,45268.9146,True,1.67e-16,
fg,random_tree,16,no_reverse,10000,staged,ok,True,4,11967,0.37,0.344,2520270,756,738,738,3333.6905,3415.0,True,1.67e-16,
fg,random_tree,16,no_reverse,10000,backoff,ok,True,16,37901,0.741,0.971,3021948,756,738,738,3997.2857,4094.7805,True,1.67e-16,
fg,random_tree,16,no_reverse,10000,backoff_tight,ok,True,16,14593,0.461,0.308,3330234,756,738,738,4405.0714,4512.5122,True,1.67e-16,
fg,random_tree,16,no_reverse,10000,seeds,ok,True,4,39527,1.546,0.783,651,756,738,738,0.8611,0.8821,True,1.11e-16,
fg,random_tree,16,no_reverse,10000,restart,ok,True,11,2394,5.114,0.057,8625312,756,738,738,11409.1429,11687.4146,True,1.67e-16,
fg,random_tree,16,no_reverse,10000,seeds+staged,ok,True,4,13649,1.406,0.238,555,756,738,738,0.7341,0.752,True,1.11e-16,
fg,random_tree,16,no_reverse,10000,seeds+restart,ok,True,2,2313,2.614,0.071,708,756,738,738,0.9365,0.9593,True,1.11e-16,
fg,random_tree,16,no_reverse,50000,bfs,ok,True,5,756777,13.533,21.889,13897017,756,738,738,18382.2976,18830.6463,True,1.67e-16,
fg,random_tree,16,no_reverse,50000,staged,ok,True,4,106425,2.247,2.679,921096,756,738,738,1218.381,1248.0976,True,1.11e-16,
fg,random_tree,16,no_reverse,50000,backoff,ok,True,24,67110,1.445,1.428,1112274,756,738,738,1471.2619,1507.1463,True,1.67e-16,
fg,random_tree,16,no_reverse,50000,backoff_tight,ok,False,32,34680,0.79,0.604,1586988,756,738,738,2099.1905,2150.3902,True,1.11e-16,
fg,random_tree,16,no_reverse,50000,seeds,ok,True,5,758648,12.945,30.909,651,756,738,738,0.8611,0.8821,True,1.11e-16,
fg,random_tree,16,no_reverse,50000,restart,ok,True,16,39293,32.112,1.078,14868,756,738,738,19.6667,20.1463,True,1.67e-16,
fg,random_tree,16,no_reverse,50000,seeds+staged,ok,True,4,108409,2.81,3.034,555,756,738,738,0.7341,0.752,True,1.11e-16,
fg,random_tree,16,no_reverse,50000,seeds+restart,ok,True,2,39522,4.61,0.642,651,756,738,738,0.8611,0.8821,True,1.11e-16,
fg,cycle,6,full,10000,bfs,ok,False,10,2594,0.093,0.03,513,621,567,567,0.8261,0.9048,True,1.67e-16,
fg,cycle,6,full,10000,staged,ok,False,7,2594,0.083,0.034,549,621,567,567,0.8841,0.9683,True,1.67e-16,
fg,cycle,6,full,10000,backoff,ok,False,32,2594,0.119,0.033,603,621,567,567,0.971,1.0635,True,1.67e-16,
fg,cycle,6,full,10000,backoff_tight,ok,False,32,2594,0.099,0.026,594,621,567,567,0.9565,1.0476,True,1.67e-16,
fg,cycle,6,full,10000,seeds,ok,False,9,2594,0.188,0.025,504,621,567,567,0.8116,0.8889,True,1.67e-16,
fg,cycle,6,full,10000,restart,ok,True,2,2009,0.186,0.018,576,621,567,567,0.9275,1.0159,True,1.67e-16,
fg,cycle,6,full,10000,seeds+staged,ok,False,7,2594,0.209,0.022,504,621,567,567,0.8116,0.8889,True,1.67e-16,
fg,cycle,6,full,10000,seeds+restart,ok,True,2,2381,0.374,0.018,522,621,567,567,0.8406,0.9206,True,1.67e-16,
fg,cycle,6,full,50000,bfs,ok,False,10,2594,0.074,0.026,513,621,567,567,0.8261,0.9048,True,1.67e-16,
fg,cycle,6,full,50000,staged,ok,False,7,2594,0.094,0.028,549,621,567,567,0.8841,0.9683,True,1.67e-16,
fg,cycle,6,full,50000,backoff,ok,False,32,2594,0.114,0.026,603,621,567,567,0.971,1.0635,True,1.67e-16,
fg,cycle,6,full,50000,backoff_tight,ok,False,32,2594,0.122,0.028,594,621,567,567,0.9565,1.0476,True,1.67e-16,
fg,cycle,6,full,50000,seeds,ok,False,9,2594,0.208,0.019,504,621,567,567,0.8116,0.8889,True,1.67e-16,
fg,cycle,6,full,50000,restart,ok,False,1,2594,0.101,0.019,513,621,567,567,0.8261,0.9048,True,1.67e-16,
fg,cycle,6,full,50000,seeds+staged,ok,False,7,2594,0.286,0.031,504,621,567,567,0.8116,0.8889,True,1.67e-16,
fg,cycle,6,full,50000,seeds+restart,ok,False,1,2594,0.206,0.021,504,621,567,567,0.8116,0.8889,True,1.67e-16,
fg,cycle,6,no_reverse,10000,bfs,ok,False,10,2594,0.069,0.025,513,621,567,567,0.8261,0.9048,True,1.67e-16,
fg,cycle,6,no_reverse,10000,staged,ok,False,7,2594,0.117,0.035,567,621,567,567,0.913,1.0,True,2.22e-16,
fg,cycle,6,no_reverse,10000,backoff,ok,False,32,2594,0.099,0.025,603,621,567,567,0.971,1.0635,True,1.67e-16,
fg,cycle,6,no_reverse,10000,backoff_tight,ok,False,32,2593,0.086,0.027,594,621,567,567,0.9565,1.0476,True,1.67e-16,
fg,cycle,6,no_reverse,10000,seeds,ok,False,9,2594,0.247,0.048,504,621,567,567,0.8116,0.8889,True,1.67e-16,
fg,cycle,6,no_reverse,10000,restart,ok,True,2,2366,0.286,0.039,576,621,567,567,0.9275,1.0159,True,1.67e-16,
fg,cycle,6,no_reverse,10000,seeds+staged,ok,False,7,2594,0.179,0.031,504,621,567,567,0.8116,0.8889,True,1.67e-16,
fg,cycle,6,no_reverse,10000,seeds+restart,ok,True,2,2467,0.492,0.03,522,621,567,567,0.8406,0.9206,True,1.67e-16,
fg,cycle,6,no_reverse,50000,bfs,ok,False,10,2594,0.077,0.022,513,621,567,567,0.8261,0.9048,True,1.67e-16,
fg,cycle,6,no_reverse,50000,staged,ok,False,7,2594,0.102,0.02,567,621,567,567,0.913,1.0,True,2.22e-16,
fg,cycle,6,no_reverse,50000,backoff,ok,False,32,2594,0.107,0.025,603,621,567,567,0.971,1.0635,True,1.67e-16,
fg,cycle,6,no_reverse,50000,backoff_tight,ok,False,32,2593,0.104,0.025,594,621,567,567,0.9565,1.0476,True,1.67e-16,
fg,cycle,6,no_reverse,50000,seeds,ok,False,9,2594,0.188,0.024,504,621,567,567,0.8116,0.8889,True,1.67e-16,
fg,cycle,6,no_reverse,50000,restart,ok,False,1,2594,0.085,0.02,513,621,567,567,0.8261,0.9048,True,1.67e-16,
fg,cycle,6,no_reverse,50000,seeds+staged,ok,False,7,2594,0.23,0.024,504,621,567,567,0.8116,0.8889,True,1.67e-16,
fg,cycle,6,no_reverse,50000,seeds+restart,ok,False,1,2594,0.27,0.019,504,621,567,567,0.8116,0.8889,True,1.67e-16,
fg,cycle,8,full,10000,bfs,ok,True,5,10755,0.171,0.109,4203,963,855,855,4.3645,4.9158,True,7.77e-16,
fg,cycle,8,full,10000,staged,ok,True,4,14003,0.228,0.119,1053,963,855,855,1.0935,1.2316,True,7.77e-16,
fg,cycle,8,full,10000,backoff,ok,True,24,17267,0.416,0.23,864,963,855,855,0.8972,1.0105,True,7.77e-16,
fg,cycle,8,full,10000,backoff_tight,ok,False,32,6803,0.165,0.057,1530,963,855,855,1.5888,1.7895,True,7.77e-16,
fg,cycle,8,full,10000,seeds,ok,True,5,16570,0.532,0.248,837,963,855,855,0.8692,0.9789,True,8.33e-16,
fg,cycle,8,full,10000,restart,ok,True,6,5513,1.354,0.105,1809,963,855,855,1.8785,2.1158,True,7.77e-16,
fg,cycle,8,full,10000,seeds+staged,ok,True,3,12588,0.514,0.176,837,963,855,855,0.8692,0.9789,True,8.33e-16,
fg,cycle,8,full,10000,seeds+restart,ok,True,2,2487,0.788,0.041,855,963,855,855,0.8879,1.0,True,7.77e-16,
fg,cycle,8,full,50000,bfs,ok,False,13,38102,0.701,0.236,936,963,855,855,0.972,1.0947,True,6.66e-16,
fg,cycle,8,full,50000,staged,ok,True,6,70045,1.082,0.836,936,963,855,855,0.972,1.0947,True,8.33e-16,
fg,cycle,8,full,50000,backoff,ok,False,32,32578,0.669,0.411,1062,963,855,855,1.1028,1.2421,True,7.77e-16,
fg,cycle,8,full,50000,backoff_tight,ok,False,32,6803,0.173,0.074,1530,963,855,855,1.5888,1.7895,True,7.77e-16,
fg,cycle,8,full,50000,seeds,ok,False,11,38102,0.968,0.354,837,963,855,855,0.8692,0.9789,True,8.33e-16,
fg,cycle,8,full,50000,restart,ok,True,6,12287,2.379,0.173,1017,963,855,855,1.0561,1.1895,True,7.77e-16,
fg,cycle,8,full,50000,seeds+staged,ok,False,7,38102,1.125,0.491,837,963,855,855,0.8692,0.9789,True,8.33e-16,
fg,cycle,8,full,50000,seeds+restart,ok,True,2,16586,1.206,0.161,837,963,855,855,0.8692,0.9789,True,8.33e-16,
fg,cycle,8,no_reverse,10000,bfs,ok,True,5,10755,0.147,0.136,4203,963,855,855,4.3645,4.9158,True,7.77e-16,
fg,cycle,8,no_reverse,10000,staged,ok,True,4,13904,0.312,0.186,1053,963,855,855,1.0935,1.2316,True,7.77e-16,
fg,cycle,8,no_reverse,10000,backoff,ok,True,16,16878,0.307,0.172,918,963,855,855,0.9533,1.0737,True,7.77e-16,
fg,cycle,8,no_reverse,10000,backoff_tight,ok,True,32,27761,0.451,0.372,837,963,855,855,0.8692,0.9789,True,7.77e-16,
fg,cycle,8,no_reverse,10000,seeds,ok,True,5,11869,0.461,0.181,855,963,855,855,0.8879,1.0,True,7.77e-16,
fg,cycle,8,no_reverse,10000,restart,ok,True,5,4809,1.023,0.045,2322,963,855,855,2.4112,2.7158,True,7.77e-16,
fg,cycle,8,no_reverse,10000,seeds+staged,ok,True,4,14510,0.498,0.232,837,963,855,855,0.8692,0.9789,True,8.33e-16,
fg,cycle,8,no_reverse,10000,seeds+restart,ok,True,2,5171,0.722,0.066,855,963,855,855,0.8879,1.0,True,7.77e-16,
fg,cycle,8,no_reverse,50000,bfs,ok,False,13,38102,0.678,0.279,936,963,855,855,0.972,1.0947,True,6.66e-16,
fg,cycle,8,no_reverse,50000,staged,ok,True,6,69132,1.294,0.678,918,963,855,855,0.9533,1.0737,True,8.33e-16,
fg,cycle,8,no_reverse,50000,backoff,ok,False,32,45800,0.73,0.516,1008,963,855,855,1.0467,1.1789,True,7.77e-16,
fg,cycle,8,no_reverse,50000,backoff_tight,ok,False,32,27761,0.374,0.285,837,963,855,855,0.8692,0.9789,True,7.77e-16,
fg,cycle,8,no_reverse,50000,seeds,ok,False,12,38102,0.872,0.414,837,963,855,855,0.8692,0.9789,True,8.33e-16,
fg,cycle,8,no_reverse,50000,restart,ok,True,5,11420,1.971,0.192,1476,963,855,855,1.5327,1.7263,True,7.77e-16,
fg,cycle,8,no_reverse,50000,seeds+staged,ok,True,6,69196,1.514,1.206,837,963,855,855,0.8692,0.9789,True,8.33e-16,
fg,cycle,8,no_reverse,50000,seeds+restart,ok,True,2,11869,1.035,0.141,855,963,855,855,0.8879,1.0,True,7.77e-16,
fg,cycle,12,full,10000,bfs,ok,True,4,20459,0.244,0.203,754488,1620,1458,1458,465.7333,517.4815,True,3.66e-15,
fg,cycle,12,full,10000,staged,ok,True,4,10743,0.233,0.153,28377,1620,1458,1458,17.5167,19.463,True,3.66e-15,
fg,cycle,12,full,10000,backoff,ok,True,16,12754,0.33,0.259,251127,1620,1458,1458,155.0167,172.2407,True,3.66e-15,
fg,cycle,12,full,10000,backoff_tight,ok,False,32,8180,0.196,0.142,187947,1620,1458,1458,116.0167,128.9074,True,3.72e-15,
fg,cycle,12,full,10000,seeds,ok,True,4,25751,1.022,0.475,1458,1620,1458,1458,0.9,1.0,True,3.66e-15,
fg,cycle,12,full,10000,restart,ok,True,11,4338,4.151,0.136,6777,1620,1458,1458,4.1833,4.6481,True,3.61e-15,
fg,cycle,12,full,10000,seeds+staged,ok,True,3,18600,1.041,0.404,1323,1620,1458,1458,0.8167,0.9074,True,3.72e-15,
fg,cycle,12,full,10000,seeds+restart,ok,True,2,5160,1.77,0.063,1458,1620,1458,1458,0.9,1.0,True,3.66e-15,
fg,cycle,12,full,50000,bfs,ok,True,5,190521,2.863,4.005,321624,1620,1458,1458,198.5333,220.5926,True,3.66e-15,
fg,cycle,12,full,50000,staged,ok,True,4,80265,1.364,1.928,9396,1620,1458,1458,5.8,6.4444,True,3.61e-15,
fg,cycle,12,full,50000,backoff,ok,False,32,24042,0.487,0.317,106461,1620,1458,1458,65.7167,73.0185,True,3.66e-15,
fg,cycle,12,full,50000,backoff_tight,ok,False,32,8180,0.215,0.117,187947,1620,1458,1458,116.0167,128.9074,True,3.72e-15,
fg,cycle,12,full,50000,seeds,ok,True,5,205872,3.294,6.47,1458,1620,1458,1458,0.9,1.0,True,3.66e-15,
fg,cycle,12,full,50000,restart,ok,True,11,23874,10.502,0.554,5688,1620,1458,1458,3.5111,3.9012,True,3.72e-15,
fg,cycle,12,full,50000,seeds+staged,ok,True,4,50678,1.53,0.981,1323,1620,1458,1458,0.8167,0.9074,True,3.72e-15,
fg,cycle,12,full,50000,seeds+restart,ok,True,2,25751,3.106,0.398,1458,1620,1458,1458,0.9,1.0,True,3.66e-15,
fg,cycle,12,no_reverse,10000,bfs,ok,True,4,20459,0.279,0.294,754488,1620,1458,1458,465.7333,517.4815,True,3.66e-15,
fg,cycle,12,no_reverse,10000,staged,ok,True,4,11616,0.301,0.19,28377,1620,1458,1458,17.5167,19.463,True,3.66e-15,
fg,cycle,12,no_reverse,10000,backoff,ok,True,16,22881,0.428,0.418,118260,1620,1458,1458,73.0,81.1111,True,3.72e-15,
fg,cycle,12,no_reverse,10000,backoff_tight,ok,True,24,19420,0.423,0.514,65988,1620,1458,1458,40.7333,45.2593,True,3.61e-15,
fg,cycle,12,no_reverse,10000,seeds,ok,True,4,21399,1.062,0.472,1458,1620,1458,1458,0.9,1.0,True,3.66e-15,
fg,cycle,12,no_reverse,10000,restart,ok,True,11,3076,3.583,0.064,6903,1620,1458,1458,4.2611,4.7346,True,3.66e-15,
fg,cycle,12,no_reverse,10000,seeds+staged,ok,True,4,12537,0.81,0.188,1332,1620,1458,1458,0.8222,0.9136,True,3.66e-15,
fg,cycle,12,no_reverse,10000,seeds+restart,ok,True,2,3650,1.509,0.06,1458,1620,1458,1458,0.9,1.0,True,3.66e-15,
fg,cycle,12,no_reverse,50000,bfs,ok,True,5,190521,2.57,4.255,321624,1620,1458,1458,198.5333,220.5926,True,3.66e-15,
fg,cycle,12,no_reverse,50000,staged,ok,True,4,80033,1.383,1.835,9396,1620,1458,1458,5.8,6.4444,True,3.61e-15,
fg,cycle,12,no_reverse,50000,backoff,ok,True,24,69402,1.302,1.283,20034,1620,1458,1458,12.3667,13.7407,True,3.72e-15,
fg,cycle,12,no_reverse,50000,backoff_tight,ok,False,32,34709,0.668,0.695,27108,1620,1458,1458,16.7333,18.5926,True,3.61e-15,
fg,cycle,12,no_reverse,50000,seeds,ok,True,5,194547,3.301,6.032,1458,1620,1458,1458,0.9,1.0,True,3.66e-15,
fg,cycle,12,no_reverse,50000,restart,ok,True,8,20795,6.755,0.493,6912,1620,1458,1458,4.2667,4.7407,True,3.66e-15,
fg,cycle,12,no_reverse,50000,seeds+staged,ok,True,4,80975,2.019,2.291,1332,1620,1458,1458,0.8222,0.9136,True,3.66e-15,
fg,cycle,12,no_reverse,50000,seeds+restart,ok,True,2,21399,3.261,0.412,1458,1620,1458,1458,0.9,1.0,True,3.66e-15,
fg,cycle,16,full,10000,bfs,ok,True,4,42273,0.527,0.693,61043310,2250,2088,2088,27130.36,29235.3017,True,1.11e-16,
fg,cycle,16,full,10000,staged,ok,True,3,11094,0.467,0.308,6994278,2250,2088,2088,3108.568,3349.75,True,1.11e-16,
fg,cycle,16,full,10000,backoff,ok,True,8,11691,0.355,0.377,25936749,2250,2088,2088,11527.444,12421.8147,True,1.11e-16,
fg,cycle,16,full,10000,backoff_tight,ok,False,32,4985,0.318,0.137,10923534,2250,2088,2088,4854.904,5231.5776,True,1.67e-16,
fg,cycle,16,full,10000,seeds,ok,True,4,49642,1.81,1.519,2088,2250,2088,2088,0.928,1.0,True,1.11e-16,
fg,cycle,16,full,10000,restart,ok,True,13,2822,7.534,0.18,573084,2250,2088,2088,254.704,274.4655,True,1.11e-16,
fg,cycle,16,full,10000,seeds+staged,ok,True,3,10502,1.687,0.269,1926,2250,2088,2088,0.856,0.9224,True,1.11e-16,
fg,cycle,16,full,10000,seeds+restart,ok,True,2,2982,3.409,0.105,2088,2250,2088,2088,0.928,1.0,True,1.11e-16,
fg,cycle,16,full,50000,bfs,ok,True,5,1055897,18.273,26.012,25942446,2250,2088,2088,11529.976,12424.5431,True,1.11e-16,
fg,cycle,16,full,50000,staged,ok,True,4,113998,2.668,3.172,410166,2250,2088,2088,182.296,196.4397,True,1.11e-16,
fg,cycle,16,full,50000,backoff,ok,True,32,72428,1.713,1.997,3545784,2250,2088,2088,1575.904,1698.1724,True,1.11e-16,
fg,cycle,16,full,50000,backoff_tight,ok,False,32,4985,0.269,0.095,10923534,2250,2088,2088,4854.904,5231.5776,True,1.67e-16,
fg,cycle,16,full,50000,seeds,ok,True,5,1073686,22.475,46.656,2088,2250,2088,2088,0.928,1.0,True,1.11e-16,
fg,cycle,16,full,50000,restart,ok,True,10,49524,28.407,1.722,14238,2250,2088,2088,6.328,6.819,True,1.67e-16,
fg,cycle,16,full,50000,seeds+staged,ok,True,3,72593,2.77,1.901,1926,2250,2088,2088,0.856,0.9224,True,1.11e-16,
fg,cycle,16,full,50000,seeds+restart,ok,True,2,49642,5.755,1.473,2088,2250,2088,2088,0.928,1.0,True,1.11e-16,
fg,cycle,16,no_reverse,10000,bfs,ok,True,4,42273,0.587,0.671,61043310,2250,2088,2088,27130.36,29235.3017,True,1.11e-16,
fg,cycle,16,no_reverse,10000,staged,ok,True,4,19511,0.456,0.325,2225133,2250,2088,2088,988.948,1065.6767,True,1.11e-16,
fg,cycle,16,no_reverse,10000,backoff,ok,True,8,11691,0.336,0.361,25936749,2250,2088,2088,11527.444,12421.8147,True,1.11e-16,
fg,cycle,16,no_reverse,10000,backoff_tight,ok,True,16,12257,0.26,0.212,4383918,2250,2088,2088,1948.408,2099.5776,True,1.11e-16,
fg,cycle,16,no_reverse,10000,seeds,ok,True,4,43497,1.71,0.979,2088,2250,2088,2088,0.928,1.0,True,1.11e-16,
fg,cycle,16,no_reverse,10000,restart,ok,True,13,2289,6.483,0.074,23119245,2250,2088,2088,10275.22,11072.4353,True,1.11e-16,
fg,cycle,16,no_reverse,10000,seeds+staged,ok,True,3,10797,1.493,0.242,1926,2250,2088,2088,0.856,0.9224,True,1.11e-16,
fg,cycle,16,no_reverse,10000,seeds+restart,ok,True,2,2364,4.302,0.067,2088,2250,2088,2088,0.928,1.0,True,1.11e-16,
fg,cycle,16,no_reverse,50000,bfs,ok,True,5,1055897,19.368,24.536,25942446,2250,2088,2088,11529.976,12424.5431,True,1.11e-16,
fg,cycle,16,no_reverse,50000,staged,ok,True,4,115301,2.176,3.306,410166,2250,2088,2088,182.296,196.4397,True,1.11e-16,
fg,cycle,16,no_reverse,50000,backoff,ok,True,24,71393,1.83,2.123,4169376,2250,2088,2088,1853.056,1996.8276,True,1.11e-16,
fg,cycle,16,no_reverse,50000,backoff_tight,ok,False,32,30341,0.83,0.705,1718991,2250,2088,2088,763.996,823.2716,True,1.11e-16,
fg,cycle,16,no_reverse,50000,seeds,ok,True,5,1058532,20.343,51.842,2088,2250,2088,2088,0.928,1.0,True,1.11e-16,
fg,cycle,16,no_reverse,50000,restart,ok,True,11,42955,29.366,1.716,14103,2250,2088,2088,6.268,6.7543,True,1.11e-16,
fg,cycle,16,no_reverse,50000,seeds+staged,ok,True,4,116575,3.692,4.004,1926,2250,2088,2088,0.856,0.9224,True,1.11e-16,
fg,cycle,16,no_reverse,50000,seeds+restart,ok,True,2,43497,6.741,1.186,2088,2250,2088,2088,0.928,1.0,True,1.11e-16,
fg,grid2,6,full,10000,bfs,ok,False,11,5725,0.137,0.067,639,648,567,567,0.9861,1.127,True,2.22e-16,
fg,grid2,6,full,10000,staged,ok,False,8,5725,0.136,0.048,540,648,567,567,0.8333,0.9524,True,2.22e-16,
fg,grid2,6,full,10000,backoff,ok,True,32,11005,0.261,0.105,639,648,567,567,0.9861,1.127,True,2.22e-16,
fg,grid2,6,full,10000,backoff_tight,ok,False,32,5745,0.187,0.061,675,648,567,567,1.0417,1.1905,True,2.22e-16,
fg,grid2,6,full,10000,seeds,ok,False,9,5725,0.416,0.065,531,648,567,567,0.8194,0.9365,True,2.22e-16,
fg,grid2,6,full,10000,restart,ok,True,4,2541,0.546,0.037,603,648,567,567,0.9306,1.0635,True,2.22e-16,
fg,grid2,6,full,10000,seeds+staged,ok,False,7,5725,0.517,0.053,531,648,567,567,0.8194,0.9365,True,2.22e-16,
fg,grid2,6,full,10000,seeds+restart,ok,True,2,3760,1.29,0.048,549,648,567,567,0.8472,0.9683,True,2.22e-16,
fg,grid2,6,full,50000,bfs,ok,False,11,5725,0.181,0.072,639,648,567,567,0.9861,1.127,True,2.22e-16,
fg,grid2,6,full,50000,staged,ok,False,8,5725,0.139,0.057,540,648,567,567,0.8333,0.9524,True,2.22e-16,
fg,grid2,6,full,50000,backoff,ok,False,32,11005,0.254,0.158,639,648,567,567,0.9861,1.127,True,2.22e-16,
fg,grid2,6,full,50000,backoff_tight,ok,False,32,5745,0.122,0.048,675,648,567,567,1.0417,1.1905,True,2.22e-16,
fg,grid2,6,full,50000,seeds,ok,False,9,5725,0.41,0.099,531,648,567,567,0.8194,0.9365,True,2.22e-16,
fg,grid2,6,full,50000,restart,ok,False,1,5725,0.19,0.072,639,648,567,567,0.9861,1.127,True,2.22e-16,
fg,grid2,6,full,50000,seeds+staged,ok,False,7,5725,0.68,0.085,531,648,567,567,0.8194,0.9365,True,2.22e-16,
fg,grid2,6,full,50000,seeds+restart,ok,False,1,5725,0.53,0.061,531,648,567,567,0.8194,0.9365,True,2.22e-16,
fg,grid2,6,no_reverse,10000,bfs,ok,False,11,5725,0.158,0.059,639,648,567,567,0.9861,1.127,True,2.22e-16,
fg,grid2,6,no_reverse,10000,staged,ok,False,8,5725,0.244,0.091,522,648,567,567,0.8056,0.9206,True,2.22e-16,
fg,grid2,6,no_reverse,10000,backoff,ok,True,32,11623,0.223,0.114,576,648,567,567,0.8889,1.0159,True,2.22e-16,
fg,grid2,6,no_reverse,10000,backoff_tight,ok,False,32,8085,0.219,0.135,531,648,567,567,0.8194,0.9365,True,2.22e-16,
fg,grid2,6,no_reverse,10000,seeds,ok,False,10,5725,0.425,0.051,531,648,567,567,0.8194,0.9365,True,2.22e-16,
fg,grid2,6,no_reverse,10000,restart,ok,True,4,2069,0.378,0.02,765,648,567,567,1.1806,1.3492,True,2.22e-16,
fg,grid2,6,no_reverse,10000,seeds+staged,ok,False,8,5725,0.518,0.062,531,648,567,567,0.8194,0.9365,True,2.22e-16,
fg,grid2,6,no_reverse,10000,seeds+restart,ok,True,2,2624,0.673,0.025,549,648,567,567,0.8472,0.9683,True,2.22e-16,
fg,grid2,6,no_reverse,50000,bfs,ok,False,11,5725,0.106,0.058,639,648,567,567,0.9861,1.127,True,2.22e-16,
fg,grid2,6,no_reverse,50000,staged,ok,False,8,5725,0.125,0.054,522,648,567,567,0.8056,0.9206,True,2.22e-16,
fg,grid2,6,no_reverse,50000,backoff,ok,False,32,11623,0.221,0.141,576,648,567,567,0.8889,1.0159,True,2.22e-16,
fg,grid2,6,no_reverse,50000,backoff_tight,ok,False,32,8085,0.131,0.089,531,648,567,567,0.8194,0.9365,True,2.22e-16,
fg,grid2,6,no_reverse,50000,seeds,ok,False,10,5725,0.383,0.068,531,648,567,567,0.8194,0.9365,True,2.22e-16,
fg,grid2,6,no_reverse,50000,restart,ok,False,1,5725,0.171,0.048,639,648,567,567,0.9861,1.127,True,2.22e-16,
fg,grid2,6,no_reverse,50000,seeds+staged,ok,False,8,5725,0.445,0.084,531,648,567,567,0.8194,0.9365,True,2.22e-16,
fg,grid2,6,no_reverse,50000,seeds+restart,ok,False,1,5725,0.524,0.049,531,648,567,567,0.8194,0.9365,True,2.22e-16,
fg,grid2,8,full,10000,bfs,ok,True,5,46136,0.533,0.707,5715,1017,936,936,5.6195,6.1058,True,7.77e-16,
fg,grid2,8,full,10000,staged,ok,True,4,15070,0.304,0.215,6444,1017,936,936,6.3363,6.8846,True,8.88e-16,
fg,grid2,8,full,10000,backoff,ok,True,16,23712,0.36,0.247,1935,1017,936,936,1.9027,2.0673,True,8.88e-16,
fg,grid2,8,full,10000,backoff_tight,ok,False,32,4652,0.16,0.096,3420,1017,936,936,3.3628,3.6538,True,8.88e-16,
fg,grid2,8,full,10000,seeds,ok,True,4,13581,0.672,0.178,936,1017,936,936,0.9204,1.0,True,7.77e-16,
fg,grid2,8,full,10000,restart,ok,True,7,2105,1.274,0.025,2187,1017,936,936,2.1504,2.3365,True,8.88e-16,
fg,grid2,8,full,10000,seeds+staged,ok,True,3,15441,0.772,0.186,801,1017,936,936,0.7876,0.8558,True,7.77e-16,
fg,grid2,8,full,10000,seeds+restart,ok,True,2,2973,1.285,0.059,936,1017,936,936,0.9204,1.0,True,7.77e-16,
fg,grid2,8,full,50000,bfs,ok,True,6,86191,1.676,1.351,2799,1017,936,936,2.7522,2.9904,True,7.77e-16,
fg,grid2,8,full,50000,staged,ok,True,5,58555,0.965,1.336,2259,1017,936,936,2.2212,2.4135,True,7.77e-16,
fg,grid2,8,full,50000,backoff,ok,True,24,50844,1.188,1.021,1710,1017,936,936,1.6814,1.8269,True,8.88e-16,
fg,grid2,8,full,50000,backoff_tight,ok,False,32,4652,0.174,0.068,3420,1017,936,936,3.3628,3.6538,True,8.88e-16,
fg,grid2,8,full,50000,seeds,ok,True,5,56556,1.283,1.227,936,1017,936,936,0.9204,1.0,True,7.77e-16,
fg,grid2,8,full,50000,restart,ok,True,5,11131,2.883,0.174,1143,1017,936,936,1.1239,1.2212,True,8.88e-16,
fg,grid2,8,full,50000,seeds+staged,ok,True,4,67854,1.558,1.368,801,1017,936,936,0.7876,0.8558,True,7.77e-16,
fg,grid2,8,full,50000,seeds+restart,ok,True,2,13581,1.993,0.245,936,1017,936,936,0.9204,1.0,True,7.77e-16,
fg,grid2,8,no_reverse,10000,bfs,ok,True,5,46136,0.47,0.636,5715,1017,936,936,5.6195,6.1058,True,7.77e-16,
fg,grid2,8,no_reverse,10000,staged,ok,True,4,15070,0.307,0.181,6444,1017,936,936,6.3363,6.8846,True,8.88e-16,
fg,grid2,8,no_reverse,10000,backoff,ok,True,16,23296,0.454,0.471,1791,1017,936,936,1.7611,1.9135,True,7.77e-16,
fg,grid2,8,no_reverse,10000,backoff_tight,ok,False,32,4458,0.168,0.078,3420,1017,936,936,3.3628,3.6538,True,8.88e-16,
fg,grid2,8,no_reverse,10000,seeds,ok,True,4,10886,0.754,0.139,936,1017,936,936,0.9204,1.0,True,7.77e-16,
fg,grid2,8,no_reverse,10000,restart,ok,True,5,10025,1.393,0.114,2700,1017,936,936,2.6549,2.8846,True,7.77e-16,
fg,grid2,8,no_reverse,10000,seeds+staged,ok,True,4,16323,0.745,0.324,810,1017,936,936,0.7965,0.8654,True,7.77e-16,
fg,grid2,8,no_reverse,10000,seeds+restart,ok,True,2,2454,1.368,0.036,936,1017,936,936,0.9204,1.0,True,7.77e-16,
fg,grid2,8,no_reverse,50000,bfs,ok,True,6,86255,1.422,1.829,2799,1017,936,936,2.7522,2.9904,True,7.77e-16,
fg,grid2,8,no_reverse,50000,staged,ok,True,5,58553,0.97,1.368,2169,1017,936,936,2.1327,2.3173,True,7.77e-16,
fg,grid2,8,no_reverse,50000,backoff,ok,True,24,55638,1.123,1.136,1980,1017,936,936,1.9469,2.1154,True,8.88e-16,
fg,grid2,8,no_reverse,50000,backoff_tight,ok,False,32,4458,0.13,0.084,3420,1017,936,936,3.3628,3.6538,True,8.88e-16,
fg,grid2,8,no_reverse,50000,seeds,ok,True,6,87901,1.813,1.947,936,1017,936,936,0.9204,1.0,True,7.77e-16,
fg,grid2,8,no_reverse,50000,restart,ok,True,6,10025,2.916,0.246,2268,1017,936,936,2.2301,2.4231,True,8.88e-16,
fg,grid2,8,no_reverse,50000,seeds+staged,ok,True,5,59758,1.463,1.019,810,1017,936,936,0.7965,0.8654,True,7.77e-16,
fg,grid2,8,no_reverse,50000,seeds+restart,ok,True,2,10886,2.008,0.261,936,1017,936,936,0.9204,1.0,True,7.77e-16,
fg,grid2,12,full,10000,bfs,ok,True,4,37516,0.521,0.441,1643463,1674,1674,1674,981.7581,981.7581,True,6.61e-15,
fg,grid2,12,full,10000,staged,ok,True,4,10891,0.282,0.257,459675,1674,1674,1674,274.5968,274.5968,True,6.66e-15,
fg,grid2,12,full,10000,backoff,ok,True,16,24278,0.631,0.502,278559,1674,1674,1674,166.4032,166.4032,True,6.66e-15,
fg,grid2,12,full,10000,backoff_tight,ok,True,24,20624,0.415,0.313,294084,1674,1674,1674,175.6774,175.6774,True,6.66e-15,
fg,grid2,12,full,10000,seeds,ok,True,4,44360,2.086,1.409,1674,1674,1674,1674,1.0,1.0,True,6.66e-15,
fg,grid2,12,full,10000,restart,ok,True,12,6005,5.649,0.171,20250,1674,1674,1674,12.0968,12.0968,True,6.61e-15,
fg,grid2,12,full,10000,seeds+staged,ok,True,3,18327,1.985,0.305,1386,1674,1674,1674,0.828,0.828,True,6.66e-15,
fg,grid2,12,full,10000,seeds+restart,ok,True,2,3022,3.565,0.071,1674,1674,1674,1674,1.0,1.0,True,6.66e-15,
fg,grid2,12,full,50000,bfs,ok,True,5,1032798,19.318,27.487,771444,1674,1674,1674,460.8387,460.8387,True,6.61e-15,
fg,grid2,12,full,50000,staged,ok,True,4,50077,0.748,1.192,437751,1674,1674,1674,261.5,261.5,True,6.66e-15,
fg,grid2,12,full,50000,backoff,ok,False,32,24322,0.574,0.443,278559,1674,1674,1674,166.4032,166.4032,True,6.66e-15,
fg,grid2,12,full,50000,backoff_tight,ok,False,32,20609,0.52,0.561,294084,1674,1674,1674,175.6774,175.6774,True,6.66e-15,
fg,grid2,12,full,50000,seeds,ok,True,5,1053652,20.232,58.628,1674,1674,1674,1674,1.0,1.0,True,6.66e-15,
fg,grid2,12,full,50000,restart,ok,True,8,43495,17.497,1.546,23337,1674,1674,1674,13.9409,13.9409,True,6.66e-15,
fg,grid2,12,full,50000,seeds+staged,ok,True,4,50323,2.378,1.259,1386,1674,1674,1674,0.828,0.828,True,6.66e-15,
fg,grid2,12,full,50000,seeds+restart,ok,True,2,44360,6.449,1.248,1674,1674,1674,1674,1.0,1.0,True,6.66e-15,
fg,grid2,12,no_reverse,10000,bfs,ok,True,4,37516,0.451,0.642,1643463,1674,1674,1674,981.7581,981.7581,True,6.61e-15,
fg,grid2,12,no_reverse,10000,staged,ok,True,4,10891,0.24,0.25,459675,1674,1674,1674,274.5968,274.5968,True,6.66e-15,
fg,grid2,12,no_reverse,10000,backoff,ok,True,8,14978,0.284,0.299,416259,1674,1674,1674,248.6613,248.6613,True,6.66e-15,
fg,grid2,12,no_reverse,10000,backoff_tight,ok,True,24,12841,0.32,0.455,605286,1674,1674,1674,361.5806,361.5806,True,6.66e-15,
fg,grid2,12,no_reverse,10000,seeds,ok,True,4,40212,3.171,1.078,1674,1674,1674,1674,1.0,1.0,True,6.66e-15,
fg,grid2,12,no_reverse,10000,restart,ok,True,14,4367,6.194,0.126,18846,1674,1674,1674,11.2581,11.2581,True,6.61e-15,
fg,grid2,12,no_reverse,10000,seeds+staged,ok,True,4,10477,1.597,0.276,1368,1674,1674,1674,0.8172,0.8172,True,6.66e-15,
fg,grid2,12,no_reverse,10000,seeds+restart,ok,True,2,2645,3.823,0.104,1674,1674,1674,1674,1.0,1.0,True,6.66e-15,
fg,grid2,12,no_reverse,50000,bfs,ok,True,5,1032798,24.468,29.679,771444,1674,1674,1674,460.8387,460.8387,True,6.61e-15,
fg,grid2,12,no_reverse,50000,staged,ok,True,4,50077,0.835,1.149,437751,1674,1674,1674,261.5,261.5,True,6.66e-15,
fg,grid2,12,no_reverse,50000,backoff,ok,True,24,98654,2.073,2.797,89154,1674,1674,1674,53.2581,53.2581,True,6.61e-15,
fg,grid2,12,no_reverse,50000,backoff_tight,ok,False,32,11917,0.365,0.314,306126,1674,1674,1674,182.871,182.871,True,6.66e-15,
fg,grid2,12,no_reverse,50000,seeds,ok,True,5,1035656,21.026,65.637,1674,1674,1674,1674,1.0,1.0,True,6.66e-15,
fg,grid2,12,no_reverse,50000,restart,ok,True,8,38606,17.952,0.995,23193,1674,1674,1674,13.8548,13.8548,True,6.66e-15,
fg,grid2,12,no_reverse,50000,seeds+staged,ok,True,4,53178,2.971,2.286,1368,1674,1674,1674,0.8172,0.8172,True,6.66e-15,
fg,grid2,12,no_reverse,50000,seeds+restart,ok,True,2,40212,7.167,1.35,1674,1674,1674,1674,1.0,1.0,True,6.66e-15,
fg,grid2,16,full,10000,bfs,ok,True,4,68526,0.874,1.352,139185198,2493,2412,2412,55830.4043,57705.306,True,1.67e-16,
fg,grid2,16,full,10000,staged,ok,True,3,10049,0.37,0.431,120221127,2493,2412,2412,48223.4765,49842.9216,True,1.67e-16,
fg,grid2,16,full,10000,backoff,ok,True,16,24717,0.577,0.735,48762549,2493,2412,2412,19559.787,20216.6455,True,1.67e-16,
fg,grid2,16,full,10000,backoff_tight,ok,False,32,9309,0.368,0.55,110547189,2493,2412,2412,44343.0361,45832.1679,True,1.67e-16,
fg,grid2,16,full,10000,seeds,ok,True,3,10602,3.507,0.313,2250,2493,2412,2412,0.9025,0.9328,True,1.11e-16,
fg,grid2,16,full,10000,restart,ok,True,11,3028,8.599,0.145,83663289,2493,2412,2412,33559.2816,34686.2724,True,1.67e-16,
fg,grid2,16,full,10000,seeds+staged,ok,True,2,18202,3.813,0.826,1962,2493,2412,2412,0.787,0.8134,True,1.67e-16,
fg,grid2,16,full,10000,seeds+restart,ok,True,2,2585,8.545,0.148,2412,2493,2412,2412,0.9675,1.0,True,1.11e-16,
fg,grid2,16,full,50000,bfs,ok,True,4,68526,1.137,1.687,139185198,2493,2412,2412,55830.4043,57705.306,True,1.67e-16,
fg,grid2,16,full,50000,staged,ok,True,4,89260,2.029,3.433,21589290,2493,2412,2412,8659.9639,8950.7836,True,1.67e-16,
fg,grid2,16,full,50000,backoff,ok,False,32,37787,1.124,1.388,25556994,2493,2412,2412,10251.5018,10595.7687,True,1.67e-16,
fg,grid2,16,full,50000,backoff_tight,ok,False,32,9309,0.424,0.41,110547189,2493,2412,2412,44343.0361,45832.1679,True,1.67e-16,
fg,grid2,16,full,50000,seeds,ok,True,4,80639,4.447,3.322,2250,2493,2412,2412,0.9025,0.9328,True,1.11e-16,
fg,grid2,16,full,50000,restart,ok,True,21,11027,27.553,0.513,1103256,2493,2412,2412,442.5415,457.403,True,1.67e-16,
fg,grid2,16,full,50000,seeds+staged,ok,True,3,88319,5.3,3.114,1935,2493,2412,2412,0.7762,0.8022,True,1.11e-16,
fg,grid2,16,full,50000,seeds+restart,ok,True,2,10602,7.637,0.22,2250,2493,2412,2412,0.9025,0.9328,True,1.11e-16,
fg,grid2,16,no_reverse,10000,bfs,ok,True,4,68526,0.924,1.414,139185198,2493,2412,2412,55830.4043,57705.306,True,1.67e-16,
fg,grid2,16,no_reverse,10000,staged,ok,True,3,10049,0.412,0.391,120221127,2493,2412,2412,48223.4765,49842.9216,True,1.67e-16,
fg,grid2,16,no_reverse,10000,backoff,ok,True,16,22248,0.483,0.602,45055638,2493,2412,2412,18072.8592,18679.7836,True,1.67e-16,
fg,grid2,16,no_reverse,10000,backoff_tight,ok,True,24,21727,0.629,0.885,83112732,2493,2412,2412,33338.4404,34458.0149,True,1.67e-16,
fg,grid2,16,no_reverse,10000,seeds,ok,True,3,11193,3.448,0.377,2412,2493,2412,2412,0.9675,1.0,True,1.11e-16,
fg,grid2,16,no_reverse,10000,restart,ok,True,5,2625,3.623,0.088,204993729,2493,2412,2412,82227.7292,84989.1082,True,1.67e-16,
fg,grid2,16,no_reverse,10000,seeds+staged,ok,True,3,16313,3.725,0.602,1926,2493,2412,2412,0.7726,0.7985,True,1.67e-16,
fg,grid2,16,no_reverse,10000,seeds+restart,ok,True,2,2377,7.97,0.089,2412,2493,2412,2412,0.9675,1.0,True,1.11e-16,
fg,grid2,16,no_reverse,50000,bfs,ok,True,4,68526,1.154,1.577,139185198,2493,2412,2412,55830.4043,57705.306,True,1.67e-16,
fg,grid2,16,no_reverse,50000,staged,ok,True,4,90782,2.133,2.906,21589290,2493,2412,2412,8659.9639,8950.7836,True,1.67e-16,
fg,grid2,16,no_reverse,50000,backoff,ok,True,32,113282,2.889,3.779,12925638,2493,2412,2412,5184.7726,5358.8881,True,1.67e-16,
fg,grid2,16,no_reverse,50000,backoff_tight,ok,False,32,40075,1.026,2.303,35659044,2493,2412,2412,14303.6679,14784.0149,True,1.11e-16,
fg,grid2,16,no_reverse,50000,seeds,ok,True,4,74143,5.726,3.609,2412,2493,2412,2412,0.9675,1.0,True,1.11e-16,
fg,grid2,16,no_reverse,50000,restart,ok,True,17,71267,54.626,2.996,164718,2493,2412,2412,66.0722,68.291,True,1.67e-16,
fg,grid2,16,no_reverse,50000,seeds+staged,ok,True,4,97016,5.498,4.489,1926,2493,2412,2412,0.7726,0.7985,True,1.67e-16,
fg,grid2,16,no_reverse,50000,seeds+restart,ok,True,2,11193,8.594,0.481,2412,2493,2412,2412,0.9675,1.0,True,1.11e-16,
fg,grid3,6,full,10000,bfs,ok,False,10,5725,0.115,0.057,576,648,567,567,0.8889,1.0159,True,4.44e-16,
fg,grid3,6,full,10000,staged,ok,False,7,5725,0.146,0.053,585,648,567,567,0.9028,1.0317,True,4.44e-16,
fg,grid3,6,full,10000,backoff,ok,False,32,6519,0.181,0.044,558,648,567,567,0.8611,0.9841,True,4.44e-16,
fg,grid3,6,full,10000,backoff_tight,ok,False,32,5867,0.173,0.07,594,648,567,567,0.9167,1.0476,True,4.44e-16,
fg,grid3,6,full,10000,seeds,ok,False,9,5725,0.377,0.075,531,648,567,567,0.8194,0.9365,True,4.44e-16,
fg,grid3,6,full,10000,restart,ok,True,4,2507,0.454,0.023,585,648,567,567,0.9028,1.0317,True,4.44e-16,
fg,grid3,6,full,10000,seeds+staged,ok,False,7,5725,0.376,0.053,522,648,567,567,0.8056,0.9206,True,5.55e-16,
fg,grid3,6,full,10000,seeds+restart,ok,True,2,3519,0.816,0.028,567,648,567,567,0.875,1.0,True,4.44e-16,
fg,grid3,6,full,50000,bfs,ok,False,10,5725,0.108,0.099,576,648,567,567,0.8889,1.0159,True,4.44e-16,
fg,grid3,6,full,50000,staged,ok,False,7,5725,0.141,0.058,585,648,567,567,0.9028,1.0317,True,4.44e-16,
fg,grid3,6,full,50000,backoff,ok,False,32,6519,0.175,0.053,558,648,567,567,0.8611,0.9841,True,4.44e-16,
fg,grid3,6,full,50000,backoff_tight,ok,False,32,5867,0.142,0.061,594,648,567,567,0.9167,1.0476,True,4.44e-16,
fg,grid3,6,full,50000,seeds,ok,False,9,5725,0.341,0.038,531,648,567,567,0.8194,0.9365,True,4.44e-16,
fg,grid3,6,full,50000,restart,ok,False,1,5725,0.161,0.073,576,648,567,567,0.8889,1.0159,True,4.44e-16,
fg,grid3,6,full,50000,seeds+staged,ok,False,7,5725,0.362,0.086,522,648,567,567,0.8056,0.9206,True,5.55e-16,
fg,grid3,6,full,50000,seeds+restart,ok,False,1,5725,0.531,0.07,531,648,567,567,0.8194,0.9365,True,4.44e-16,
fg,grid3,6,no_reverse,10000,bfs,ok,False,10,5725,0.124,0.068,576,648,567,567,0.8889,1.0159,True,4.44e-16,
fg,grid3,6,no_reverse,10000,staged,ok,False,7,5725,0.145,0.056,630,648,567,567,0.9722,1.1111,True,4.44e-16,
fg,grid3,6,no_reverse,10000,backoff,ok,False,32,5735,0.286,0.086,558,648,567,567,0.8611,0.9841,True,4.44e-16,
fg,grid3,6,no_reverse,10000,backoff_tight,ok,False,32,5867,0.18,0.07,594,648,567,567,0.9167,1.0476,True,4.44e-16,
fg,grid3,6,no_reverse,10000,seeds,ok,False,10,5725,0.452,0.106,531,648,567,567,0.8194,0.9365,True,4.44e-16,
fg,grid3,6,no_reverse,10000,restart,ok,True,3,2082,0.365,0.029,648,648,567,567,1.0,1.1429,True,4.44e-16,
fg,grid3,6,no_reverse,10000,seeds+staged,ok,False,7,5725,0.474,0.074,531,648,567,567,0.8194,0.9365,True,4.44e-16,
fg,grid3,6,no_reverse,10000,seeds+restart,ok,True,2,2519,0.794,0.029,567,648,567,567,0.875,1.0,True,4.44e-16,
fg,grid3,6,no_reverse,50000,bfs,ok,False,10,5725,0.113,0.068,576,648,567,567,0.8889,1.0159,True,4.44e-16,
fg,grid3,6,no_reverse,50000,staged,ok,False,7,5725,0.19,0.08,630,648,567,567,0.9722,1.1111,True,4.44e-16,
fg,grid3,6,no_reverse,50000,backoff,ok,False,32,5735,0.181,0.046,558,648,567,567,0.8611,0.9841,True,4.44e-16,
fg,grid3,6,no_reverse,50000,backoff_tight,ok,False,32,5867,0.125,0.05,594,648,567,567,0.9167,1.0476,True,4.44e-16,
fg,grid3,6,no_reverse,50000,seeds,ok,False,10,5725,0.329,0.051,531,648,567,567,0.8194,0.9365,True,4.44e-16,
fg,grid3,6,no_reverse,50000,restart,ok,False,1,5725,0.237,0.074,576,648,567,567,0.8889,1.0159,True,4.44e-16,
fg,grid3,6,no_reverse,50000,seeds+staged,ok,False,7,5725,0.355,0.046,531,648,567,567,0.8194,0.9365,True,4.44e-16,
fg,grid3,6,no_reverse,50000,seeds+restart,ok,False,1,5725,0.423,0.046,531,648,567,567,0.8194,0.9365,True,4.44e-16,
fg,grid3,9,full,10000,bfs,ok,True,4,17879,0.238,0.259,34830,2241,2133,2133,15.5422,16.3291,True,7.22e-16,
fg,grid3,9,full,10000,staged,ok,True,4,26148,0.621,0.513,10665,2241,2133,2133,4.759,5.0,True,7.22e-16,
fg,grid3,9,full,10000,backoff,ok,True,16,17231,0.323,0.318,4239,2241,2133,2133,1.8916,1.9873,True,7.22e-16,
fg,grid3,9,full,10000,backoff_tight,ok,False,32,7937,0.149,0.106,9585,2241,2133,2133,4.2771,4.4937,True,7.77e-16,
fg,grid3,9,full,10000,seeds,ok,True,4,25563,1.104,0.349,1998,2241,2133,2133,0.8916,0.9367,True,7.22e-16,
fg,grid3,9,full,10000,restart,ok,True,8,3275,2.169,0.065,6399,2241,2133,2133,2.8554,3.0,True,7.22e-16,
fg,grid3,9,full,10000,seeds+staged,ok,True,3,17774,1.221,0.341,1899,2241,2133,2133,0.8474,0.8903,True,7.22e-16,
fg,grid3,9,full,10000,seeds+restart,ok,True,2,5236,1.956,0.069,1917,2241,2133,2133,0.8554,0.8987,True,7.22e-16,
fg,grid3,9,full,50000,bfs,ok,True,5,176943,3.285,3.806,24192,2241,2133,2133,10.7952,11.3418,True,7.22e-16,
fg,grid3,9,full,50000,staged,ok,True,5,69367,1.251,1.713,4347,2241,2133,2133,1.9398,2.038,True,7.77e-16,
fg,grid3,9,full,50000,backoff,ok,False,32,34361,0.745,0.37,2700,2241,2133,2133,1.2048,1.2658,True,7.77e-16,
fg,grid3,9,full,50000,backoff_tight,ok,False,32,7937,0.198,0.154,9585,2241,2133,2133,4.2771,4.4937,True,7.77e-16,
fg,grid3,9,full,50000,seeds,ok,True,5,199920,3.309,4.591,1998,2241,2133,2133,0.8916,0.9367,True,7.22e-16,
fg,grid3,9,full,50000,restart,ok,True,5,21084,3.927,0.296,3726,2241,2133,2133,1.6627,1.7468,True,7.22e-16,
fg,grid3,9,full,50000,seeds+staged,ok,True,4,135466,3.481,3.257,1980,2241,2133,2133,0.8835,0.9283,True,7.22e-16,
fg,grid3,9,full,50000,seeds+restart,ok,True,2,25571,2.998,0.499,1998,2241,2133,2133,0.8916,0.9367,True,7.22e-16,
fg,grid3,9,no_reverse,10000,bfs,ok,True,4,17879,0.287,0.357,34830,2241,2133,2133,15.5422,16.3291,True,7.22e-16,
fg,grid3,9,no_reverse,10000,staged,ok,True,4,26148,0.505,0.432,10665,2241,2133,2133,4.759,5.0,True,7.22e-16,
fg,grid3,9,no_reverse,10000,backoff,ok,True,16,17231,0.289,0.3,4239,2241,2133,2133,1.8916,1.9873,True,7.22e-16,
fg,grid3,9,no_reverse,10000,backoff_tight,ok,True,24,13567,0.324,0.241,10962,2241,2133,2133,4.8916,5.1392,True,7.22e-16,
fg,grid3,9,no_reverse,10000,seeds,ok,True,4,20750,1.065,0.217,1998,2241,2133,2133,0.8916,0.9367,True,7.22e-16,
fg,grid3,9,no_reverse,10000,restart,ok,True,9,2919,2.33,0.054,6588,2241,2133,2133,2.9398,3.0886,True,7.22e-16,
fg,grid3,9,no_reverse,10000,seeds+staged,ok,True,4,29363,1.244,0.532,1980,2241,2133,2133,0.8835,0.9283,True,7.22e-16,
fg,grid3,9,no_reverse,10000,seeds+restart,ok,True,2,4217,2.189,0.061,1917,2241,2133,2133,0.8554,0.8987,True,7.22e-16,
fg,grid3,9,no_reverse,50000,bfs,ok,True,5,176943,2.775,3.991,24192,2241,2133,2133,10.7952,11.3418,True,7.22e-16,
fg,grid3,9,no_reverse,50000,staged,ok,True,5,69317,0.973,1.332,4347,2241,2133,2133,1.9398,2.038,True,7.77e-16,
fg,grid3,9,no_reverse,50000,backoff,ok,False,32,41456,0.79,0.946,2520,2241,2133,2133,1.1245,1.1814,True,7.22e-16,
fg,grid3,9,no_reverse,50000,backoff_tight,ok,False,32,11466,0.335,0.221,6723,2241,2133,2133,3.0,3.1519,True,7.22e-16,
fg,grid3,9,no_reverse,50000,seeds,ok,True,5,180097,3.6,5.366,1998,2241,2133,2133,0.8916,0.9367,True,7.22e-16,
fg,grid3,9,no_reverse,50000,restart,ok,True,5,18453,3.313,0.412,5112,2241,2133,2133,2.2811,2.3966,True,7.77e-16,
fg,grid3,9,no_reverse,50000,seeds+staged,ok,True,5,72474,2.891,1.954,1980,2241,2133,2133,0.8835,0.9283,True,7.22e-16,
fg,grid3,9,no_reverse,50000,seeds+restart,ok,True,2,20758,4.328,0.407,1998,2241,2133,2133,0.8916,0.9367,True,7.22e-16,
fg,grid3,12,full,10000,bfs,ok,True,4,41901,0.593,0.713,1371168,3591,3402,3402,381.8346,403.0476,True,5.05e-15,
fg,grid3,12,full,10000,staged,ok,True,4,12628,0.42,0.452,444582,3591,3402,3402,123.8045,130.6825,True,5.05e-15,
fg,grid3,12,full,10000,backoff,ok,True,16,20794,0.645,0.652,343035,3591,3402,3402,95.5263,100.8333,True,5.11e-15,
fg,grid3,12,full,10000,backoff_tight,ok,True,24,22680,0.403,0.475,266517,3591,3402,3402,74.218,78.3413,True,5.11e-15,
fg,grid3,12,full,10000,seeds,ok,True,4,56879,2.353,1.47,3105,3591,3402,3402,0.8647,0.9127,True,5.05e-15,
fg,grid3,12,full,10000,restart,ok,True,10,6499,5.09,0.171,63612,3591,3402,3402,17.7143,18.6984,True,5.11e-15,
fg,grid3,12,full,10000,seeds+staged,ok,True,2,10093,1.734,0.214,3294,3591,3402,3402,0.9173,0.9683,True,5.11e-15,
fg,grid3,12,full,10000,seeds+restart,ok,True,2,3333,3.43,0.048,3348,3591,3402,3402,0.9323,0.9841,True,5.11e-15,
fg,grid3,12,full,50000,bfs,ok,True,5,1378738,26.331,33.654,661797,3591,3402,3402,184.2932,194.5317,True,5.11e-15,
fg,grid3,12,full,50000,staged,ok,True,4,53687,0.934,1.479,305586,3591,3402,3402,85.0977,89.8254,True,5.11e-15,
fg,grid3,12,full,50000,backoff,ok,False,32,31553,0.756,0.537,107460,3591,3402,3402,29.9248,31.5873,True,5.11e-15,
fg,grid3,12,full,50000,backoff_tight,ok,False,32,22712,0.575,0.416,266517,3591,3402,3402,74.218,78.3413,True,5.11e-15,
fg,grid3,12,full,50000,seeds,ok,True,4,56879,2.21,1.042,3105,3591,3402,3402,0.8647,0.9127,True,5.05e-15,
fg,grid3,12,full,50000,restart,ok,True,7,49270,17.358,1.104,47331,3591,3402,3402,13.1805,13.9127,True,5.11e-15,
fg,grid3,12,full,50000,seeds+staged,ok,True,3,66460,3.309,1.65,3069,3591,3402,3402,0.8546,0.9021,True,5.11e-15,
fg,grid3,12,full,50000,seeds+restart,ok,True,2,56893,7.013,1.338,3105,3591,3402,3402,0.8647,0.9127,True,5.05e-15,
fg,grid3,12,no_reverse,10000,bfs,ok,True,4,41901,0.434,0.477,1371168,3591,3402,3402,381.8346,403.0476,True,5.05e-15,
fg,grid3,12,no_reverse,10000,staged,ok,True,4,12628,0.26,0.281,444582,3591,3402,3402,123.8045,130.6825,True,5.05e-15,
fg,grid3,12,no_reverse,10000,backoff,ok,True,8,13675,0.354,0.481,572346,3591,3402,3402,159.3835,168.2381,True,5.11e-15,
fg,grid3,12,no_reverse,10000,backoff_tight,ok,True,24,19613,0.299,0.567,629424,3591,3402,3402,175.2782,185.0159,True,5.05e-15,
fg,grid3,12,no_reverse,10000,seeds,ok,True,4,49667,2.227,0.981,3078,3591,3402,3402,0.8571,0.9048,True,5.11e-15,
fg,grid3,12,no_reverse,10000,restart,ok,True,11,5717,5.345,0.143,54198,3591,3402,3402,15.0927,15.9312,True,5.11e-15,
fg,grid3,12,no_reverse,10000,seeds+staged,ok,True,3,10389,1.627,0.219,3024,3591,3402,3402,0.8421,0.8889,True,5.11e-15,
fg,grid3,12,no_reverse,10000,seeds+restart,ok,True,2,3020,3.671,0.069,3348,3591,3402,3402,0.9323,0.9841,True,5.11e-15,
fg,grid3,12,no_reverse,50000,bfs,ok,True,5,1378738,26.193,35.029,661797,3591,3402,3402,184.2932,194.5317,True,5.11e-15,
fg,grid3,12,no_reverse,50000,staged,ok,True,4,53687,1.075,1.263,305586,3591,3402,3402,85.0977,89.8254,True,5.11e-15,
fg,grid3,12,no_reverse,50000,backoff,ok,True,24,146494,3.362,3.952,91206,3591,3402,3402,25.3985,26.8095,True,5.11e-15,
fg,grid3,12,no_reverse,50000,backoff_tight,ok,False,32,15128,0.377,0.396,318033,3591,3402,3402,88.5639,93.4841,True,5.11e-15,
fg,grid3,12,no_reverse,50000,seeds,ok,True,5,1388039,26.669,55.383,3213,3591,3402,3402,0.8947,0.9444,True,5.11e-15,
fg,grid3,12,no_reverse,50000,restart,ok,True,7,43808,16.095,1.081,47520,3591,3402,3402,13.2331,13.9683,True,5.11e-15,
fg,grid3,12,no_reverse,50000,seeds+staged,ok,True,4,63121,3.114,1.592,3024,3591,3402,3402,0.8421,0.8889,True,5.11e-15,
fg,grid3,12,no_reverse,50000,seeds+restart,ok,True,2,49681,6.531,1.107,3078,3591,3402,3402,0.8571,0.9048,True,5.11e-15,
fg,grid3,15,full,10000,bfs,ok,True,4,67220,0.927,1.219,44259291,5184,4752,4752,8537.6719,9313.8239,True,1.11e-16,
fg,grid3,15,full,10000,staged,ok,True,3,10513,0.324,0.345,15935049,5184,4752,4752,3073.8906,3353.3352,True,1.11e-16,
fg,grid3,15,full,10000,backoff,ok,True,16,19493,0.481,0.884,8588187,5184,4752,4752,1656.6719,1807.2784,True,1.11e-16,
fg,grid3,15,full,10000,backoff_tight,ok,False,32,8336,0.344,0.394,14975496,5184,4752,4752,2888.7917,3151.4091,True,1.11e-16,
fg,grid3,15,full,10000,seeds,ok,True,3,15658,2.943,0.358,4563,5184,4752,4752,0.8802,0.9602,True,1.11e-16,
fg,grid3,15,full,10000,restart,ok,True,3,2498,1.641,0.094,49067829,5184,4752,4752,9465.2448,10325.7216,True,1.11e-16,
fg,grid3,15,full,10000,seeds+staged,ok,True,2,16483,3.109,0.532,4257,5184,4752,4752,0.8212,0.8958,True,1.67e-16,
fg,grid3,15,full,10000,seeds+restart,ok,True,2,2374,6.518,0.069,4644,5184,4752,4752,0.8958,0.9773,True,1.67e-16,
fg,grid3,15,full,50000,bfs,ok,True,4,67220,0.999,1.266,44259291,5184,4752,4752,8537.6719,9313.8239,True,1.11e-16,
fg,grid3,15,full,50000,staged,ok,True,4,68264,1.285,2.088,5730615,5184,4752,4752,1105.4427,1205.9375,True,1.67e-16,
fg,grid3,15,full,50000,backoff,ok,False,32,44317,0.913,1.105,6324210,5184,4752,4752,1219.9479,1330.8523,True,1.11e-16,
fg,grid3,15,full,50000,backoff_tight,ok,False,32,8336,0.398,0.385,14975496,5184,4752,4752,2888.7917,3151.4091,True,1.11e-16,
fg,grid3,15,full,50000,seeds,ok,True,4,92274,3.758,3.272,4617,5184,4752,4752,0.8906,0.9716,True,1.67e-16,
fg,grid3,15,full,50000,restart,ok,True,13,10650,20.53,0.427,590436,5184,4752,4752,113.8958,124.25,True,1.11e-16,
fg,grid3,15,full,50000,seeds+staged,ok,True,3,52821,3.883,1.518,4311,5184,4752,4752,0.8316,0.9072,True,1.67e-16,
fg,grid3,15,full,50000,seeds+restart,ok,True,2,15673,7.063,0.305,4563,5184,4752,4752,0.8802,0.9602,True,1.11e-16,
fg,grid3,15,no_reverse,10000,bfs,ok,True,4,67220,0.823,1.453,44259291,5184,4752,4752,8537.6719,9313.8239,True,1.11e-16,
fg,grid3,15,no_reverse,10000,staged,ok,True,4,15712,0.307,0.546,9478350,5184,4752,4752,1828.3854,1994.6023,True,1.11e-16,
fg,grid3,15,no_reverse,10000,backoff,ok,True,16,34419,0.716,1.072,7288596,5184,4752,4752,1405.9792,1533.7955,True,1.11e-16,
fg,grid3,15,no_reverse,10000,backoff_tight,ok,True,24,23362,0.49,0.843,17039052,5184,4752,4752,3286.8542,3585.6591,True,1.67e-16,
fg,grid3,15,no_reverse,10000,seeds,ok,True,3,13003,2.777,0.408,4563,5184,4752,4752,0.8802,0.9602,True,1.11e-16,
fg,grid3,15,no_reverse,10000,restart,ok,True,3,2495,1.37,0.067,49067829,5184,4752,4752,9465.2448,10325.7216,True,1.11e-16,
fg,grid3,15,no_reverse,10000,seeds+staged,ok,True,3,17867,3.71,0.446,4122,5184,4752,4752,0.7951,0.8674,True,1.67e-16,
fg,grid3,15,no_reverse,10000,seeds+restart,ok,True,2,2260,7.13,0.107,4644,5184,4752,4752,0.8958,0.9773,True,1.67e-16,
fg,grid3,15,no_reverse,50000,bfs,ok,True,4,67220,0.785,1.348,44259291,5184,4752,4752,8537.6719,9313.8239,True,1.11e-16,
fg,grid3,15,no_reverse,50000,staged,ok,True,4,69830,1.231,2.47,5730615,5184,4752,4752,1105.4427,1205.9375,True,1.67e-16,
fg,grid3,15,no_reverse,50000,backoff,ok,True,24,72072,1.555,2.038,2968083,5184,4752,4752,572.5469,624.5966,True,1.11e-16,
fg,grid3,15,no_reverse,50000,backoff_tight,ok,False,32,23479,0.688,0.972,16651683,5184,4752,4752,3212.1302,3504.142,True,1.11e-16,
fg,grid3,15,no_reverse,50000,seeds,ok,True,4,78567,4.058,2.981,4563,5184,4752,4752,0.8802,0.9602,True,1.11e-16,
fg,grid3,15,no_reverse,50000,restart,ok,True,16,68862,54.474,2.933,139932,5184,4752,4752,26.9931,29.447,True,1.11e-16,
fg,grid3,15,no_reverse,50000,seeds+staged,ok,True,4,80376,4.428,2.99,4122,5184,4752,4752,0.7951,0.8674,True,1.67e-16,
fg,grid3,15,no_reverse,50000,seeds+restart,ok,True,2,13003,8.913,0.305,4563,5184,4752,4752,0.8802,0.9602,True,1.11e-16,
fg,random_sparse,6,full,10000,bfs,ok,False,11,3582,0.094,0.038,393,459,432,432,0.8562,0.9097,True,2.22e-16,
fg,random_sparse,6,full,10000,staged,ok,False,7,3582,0.147,0.036,366,459,432,432,0.7974,0.8472,True,4.44e-16,
fg,random_sparse,6,full,10000,backoff,ok,False,32,3582,0.176,0.044,456,459,432,432,0.9935,1.0556,True,4.44e-16,
fg,random_sparse,6,full,10000,backoff_tight,ok,False,32,4739,0.133,0.041,420,459,432,432,0.915,0.9722,True,2.22e-16,
fg,random_sparse,6,full,10000,seeds,ok,False,8,3582,0.313,0.046,366,459,432,432,0.7974,0.8472,True,4.44e-16,
fg,random_sparse,6,full,10000,restart,ok,True,3,2496,0.204,0.014,411,459,432,432,0.8954,0.9514,True,4.44e-16,
fg,random_sparse,6,full,10000,seeds+staged,ok,False,6,3582,0.259,0.022,357,459,432,432,0.7778,0.8264,True,4.44e-16,
fg,random_sparse,6,full,10000,seeds+restart,ok,True,3,2692,0.735,0.03,369,459,432,432,0.8039,0.8542,True,4.44e-16,
fg,random_sparse,6,full,50000,bfs,ok,False,11,3582,0.091,0.031,393,459,432,432,0.8562,0.9097,True,2.22e-16,
fg,random_sparse,6,full,50000,staged,ok,False,7,3582,0.153,0.069,366,459,432,432,0.7974,0.8472,True,4.44e-16,
fg,random_sparse,6,full,50000,backoff,ok,False,32,3582,0.145,0.021,456,459,432,432,0.9935,1.0556,True,4.44e-16,
fg,random_sparse,6,full,50000,backoff_tight,ok,False,32,4739,0.131,0.035,420,459,432,432,0.915,0.9722,True,2.22e-16,
fg,random_sparse,6,full,50000,seeds,ok,False,8,3582,0.186,0.031,366,459,432,432,0.7974,0.8472,True,4.44e-16,
fg,random_sparse,6,full,50000,restart,ok,False,1,3582,0.12,0.035,393,459,432,432,0.8562,0.9097,True,2.22e-16,
fg,random_sparse,6,full,50000,seeds+staged,ok,False,6,3582,0.211,0.025,357,459,432,432,0.7778,0.8264,True,4.44e-16,
fg,random_sparse,6,full,50000,seeds+restart,ok,False,1,3582,0.186,0.026,366,459,432,432,0.7974,0.8472,True,4.44e-16,
fg,random_sparse,6,no_reverse,10000,bfs,ok,False,11,3582,0.111,0.047,393,459,432,432,0.8562,0.9097,True,2.22e-16,
fg,random_sparse,6,no_reverse,10000,staged,ok,False,7,3582,0.073,0.023,366,459,432,432,0.7974,0.8472,True,4.44e-16,
fg,random_sparse,6,no_reverse,10000,backoff,ok,False,32,3582,0.161,0.042,456,459,432,432,0.9935,1.0556,True,4.44e-16,
fg,random_sparse,6,no_reverse,10000,backoff_tight,ok,False,32,4739,0.14,0.046,420,459,432,432,0.915,0.9722,True,2.22e-16,
fg,random_sparse,6,no_reverse,10000,seeds,ok,False,10,3582,0.234,0.044,366,459,432,432,0.7974,0.8472,True,4.44e-16,
fg,random_sparse,6,no_reverse,10000,restart,ok,True,4,2123,0.498,0.02,411,459,432,432,0.8954,0.9514,True,4.44e-16,
fg,random_sparse,6,no_reverse,10000,seeds+staged,ok,False,7,3582,0.261,0.034,357,459,432,432,0.7778,0.8264,True,4.44e-16,
fg,random_sparse,6,no_reverse,10000,seeds+restart,ok,True,2,2474,0.348,0.022,387,459,432,432,0.8431,0.8958,True,4.44e-16,
fg,random_sparse,6,no_reverse,50000,bfs,ok,False,11,3582,0.109,0.04,393,459,432,432,0.8562,0.9097,True,2.22e-16,
fg,random_sparse,6,no_reverse,50000,staged,ok,False,7,3582,0.11,0.04,366,459,432,432,0.7974,0.8472,True,4.44e-16,
fg,random_sparse,6,no_reverse,50000,backoff,ok,False,32,3582,0.16,0.03,456,459,432,432,0.9935,1.0556,True,4.44e-16,
fg,random_sparse,6,no_reverse,50000,backoff_tight,ok,False,32,4739,0.127,0.051,420,459,432,432,0.915,0.9722,True,2.22e-16,
fg,random_sparse,6,no_reverse,50000,seeds,ok,False,10,3582,0.215,0.041,366,459,432,432,0.7974,0.8472,True,4.44e-16,
fg,random_sparse,6,no_reverse,50000,restart,ok,False,1,3582,0.112,0.029,393,459,432,432,0.8562,0.9097,True,2.22e-16,
fg,random_sparse,6,no_reverse,50000,seeds+staged,ok,False,7,3582,0.197,0.028,357,459,432,432,0.7778,0.8264,True,4.44e-16,
fg,random_sparse,6,no_reverse,50000,seeds+restart,ok,False,1,3582,0.219,0.031,366,459,432,432,0.7974,0.8472,True,4.44e-16,
fg,random_sparse,8,full,10000,bfs,ok,True,5,24580,0.337,0.256,4113,675,621,621,6.0933,6.6232,True,5.55e-16,
fg,random_sparse,8,full,10000,staged,ok,True,4,22482,0.369,0.323,2259,675,621,621,3.3467,3.6377,True,5.55e-16,
fg,random_sparse,8,full,10000,backoff,ok,True,16,18732,0.389,0.254,1233,675,621,621,1.8267,1.9855,True,5.55e-16,
fg,random_sparse,8,full,10000,backoff_tight,ok,True,32,10095,0.243,0.141,2799,675,621,621,4.1467,4.5072,True,5.55e-16,
fg,random_sparse,8,full,10000,seeds,ok,True,5,29016,0.813,0.489,549,675,621,621,0.8133,0.8841,True,5.55e-16,
fg,random_sparse,8,full,10000,restart,ok,True,4,2121,0.813,0.034,2115,675,621,621,3.1333,3.4058,True,5.55e-16,
fg,random_sparse,8,full,10000,seeds+staged,ok,True,4,11058,0.636,0.103,453,675,621,621,0.6711,0.7295,True,5.55e-16,
fg,random_sparse,8,full,10000,seeds+restart,ok,True,2,2188,1.379,0.028,537,675,621,621,0.7956,0.8647,True,5.55e-16,
fg,random_sparse,8,full,50000,bfs,ok,True,6,50765,0.828,0.91,2736,675,621,621,4.0533,4.4058,True,5.55e-16,
fg,random_sparse,8,full,50000,staged,ok,True,5,69363,1.216,1.233,1083,675,621,621,1.6044,1.744,True,5.55e-16,
fg,random_sparse,8,full,50000,backoff,ok,True,32,60238,1.229,0.906,1308,675,621,621,1.9378,2.1063,True,5.55e-16,
fg,random_sparse,8,full,50000,backoff_tight,ok,False,32,10095,0.16,0.088,2799,675,621,621,4.1467,4.5072,True,5.55e-16,
fg,random_sparse,8,full,50000,seeds,ok,True,6,62854,1.422,1.08,549,675,621,621,0.8133,0.8841,True,5.55e-16,
fg,random_sparse,8,full,50000,restart,ok,True,6,27156,4.59,0.422,783,675,621,621,1.16,1.2609,True,5.55e-16,
fg,random_sparse,8,full,50000,seeds+staged,ok,True,4,53445,1.672,0.93,453,675,621,621,0.6711,0.7295,True,5.55e-16,
fg,random_sparse,8,full,50000,seeds+restart,ok,True,2,29023,2.186,0.537,549,675,621,621,0.8133,0.8841,True,5.55e-16,
fg,random_sparse,8,no_reverse,10000,bfs,ok,True,5,24580,0.224,0.242,4113,675,621,621,6.0933,6.6232,True,5.55e-16,
fg,random_sparse,8,no_reverse,10000,staged,ok,True,4,22472,0.461,0.331,2484,675,621,621,3.68,4.0,True,5.55e-16,
fg,random_sparse,8,no_reverse,10000,backoff,ok,True,16,18751,0.408,0.191,1227,675,621,621,1.8178,1.9758,True,5.55e-16,
fg,random_sparse,8,no_reverse,10000,backoff_tight,ok,True,16,11110,0.183,0.151,1719,675,621,621,2.5467,2.7681,True,5.55e-16,
fg,random_sparse,8,no_reverse,10000,seeds,ok,True,5,25073,1.002,0.41,549,675,621,621,0.8133,0.8841,True,5.55e-16,
fg,random_sparse,8,no_reverse,10000,restart,ok,True,9,7414,2.397,0.102,1722,675,621,621,2.5511,2.7729,True,5.55e-16,
fg,random_sparse,8,no_reverse,10000,seeds+staged,ok,True,4,23019,0.861,0.237,462,675,621,621,0.6844,0.744,True,5.55e-16,
fg,random_sparse,8,no_reverse,10000,seeds+restart,ok,True,3,7498,2.463,0.112,531,675,621,621,0.7867,0.8551,True,5.55e-16,
fg,random_sparse,8,no_reverse,50000,bfs,ok,True,6,50825,1.011,1.111,2736,675,621,621,4.0533,4.4058,True,5.55e-16,
fg,random_sparse,8,no_reverse,50000,staged,ok,True,5,69103,1.211,1.289,1083,675,621,621,1.6044,1.744,True,5.55e-16,
fg,random_sparse,8,no_reverse,50000,backoff,ok,True,24,60238,1.324,0.941,1308,675,621,621,1.9378,2.1063,True,5.55e-16,
fg,random_sparse,8,no_reverse,50000,backoff_tight,ok,False,32,20926,0.459,0.295,1002,675,621,621,1.4844,1.6135,True,5.55e-16,
fg,random_sparse,8,no_reverse,50000,seeds,ok,True,6,51378,1.095,0.674,549,675,621,621,0.8133,0.8841,True,5.55e-16,
fg,random_sparse,8,no_reverse,50000,restart,ok,True,6,25284,3.973,0.333,1026,675,621,621,1.52,1.6522,True,5.55e-16,
fg,random_sparse,8,no_reverse,50000,seeds+staged,ok,True,5,69555,1.844,1.289,453,675,621,621,0.6711,0.7295,True,5.55e-16,
fg,random_sparse,8,no_reverse,50000,seeds+restart,ok,True,2,25076,2.548,0.382,549,675,621,621,0.8133,0.8841,True,5.55e-16,
fg,random_sparse,12,full,10000,bfs,ok,True,4,28919,0.339,0.579,1086804,1449,1368,1368,750.0373,794.4474,True,5.00e-15,
fg,random_sparse,12,full,10000,staged,ok,True,4,11336,0.328,0.357,304056,1449,1368,1368,209.8385,222.2632,True,4.94e-15,
fg,random_sparse,12,full,10000,backoff,ok,True,16,31036,0.527,0.694,156987,1449,1368,1368,108.3416,114.7566,True,5.00e-15,
fg,random_sparse,12,full,10000,backoff_tight,ok,True,32,26369,0.594,0.724,140913,1449,1368,1368,97.2484,103.0066,True,5.00e-15,
fg,random_sparse,12,full,10000,seeds,ok,True,4,40930,1.759,1.027,1251,1449,1368,1368,0.8634,0.9145,True,5.05e-15,
fg,random_sparse,12,full,10000,restart,ok,True,11,5262,4.551,0.122,8118,1449,1368,1368,5.6025,5.9342,True,5.00e-15,
fg,random_sparse,12,full,10000,seeds+staged,ok,True,2,10112,1.084,0.176,1143,1449,1368,1368,0.7888,0.8355,True,5.05e-15,
fg,random_sparse,12,full,10000,seeds+restart,ok,True,2,3665,2.834,0.078,1368,1449,1368,1368,0.9441,1.0,True,5.05e-15,
fg,random_sparse,12,full,50000,bfs,ok,True,5,499798,8.734,13.46,452412,1449,1368,1368,312.2236,330.7105,True,5.00e-15,
fg,random_sparse,12,full,50000,staged,ok,True,4,65404,1.492,1.843,225972,1449,1368,1368,155.9503,165.1842,True,5.00e-15,
fg,random_sparse,12,full,50000,backoff,ok,True,32,124976,2.462,3.375,45171,1449,1368,1368,31.1739,33.0197,True,5.00e-15,
fg,random_sparse,12,full,50000,backoff_tight,ok,False,32,26369,0.512,0.582,140913,1449,1368,1368,97.2484,103.0066,True,5.00e-15,
fg,random_sparse,12,full,50000,seeds,ok,True,5,542211,10.701,20.123,1251,1449,1368,1368,0.8634,0.9145,True,5.05e-15,
fg,random_sparse,12,full,50000,restart,ok,True,10,32664,16.032,0.97,3654,1449,1368,1368,2.5217,2.6711,True,5.00e-15,
fg,random_sparse,12,full,50000,seeds+staged,ok,True,3,86388,2.799,1.966,1134,1449,1368,1368,0.7826,0.8289,True,5.05e-15,
fg,random_sparse,12,full,50000,seeds+restart,ok,True,2,41166,6.132,0.739,1251,1449,1368,1368,0.8634,0.9145,True,5.05e-15,
fg,random_sparse,12,no_reverse,10000,bfs,ok,True,4,28919,0.394,0.686,1086804,1449,1368,1368,750.0373,794.4474,True,5.00e-15,
fg,random_sparse,12,no_reverse,10000,staged,ok,True,4,11340,0.187,0.283,304056,1449,1368,1368,209.8385,222.2632,True,4.94e-15,
fg,random_sparse,12,no_reverse,10000,backoff,ok,True,8,11872,0.236,0.218,467370,1449,1368,1368,322.5466,341.6447,True,5.05e-15,
fg,random_sparse,12,no_reverse,10000,backoff_tight,ok,True,16,17275,0.376,0.329,267309,1449,1368,1368,184.4783,195.4013,True,5.05e-15,
fg,random_sparse,12,no_reverse,10000,seeds,ok,True,4,33277,1.62,0.807,1305,1449,1368,1368,0.9006,0.9539,True,5.05e-15,
fg,random_sparse,12,no_reverse,10000,restart,ok,True,11,4026,4.348,0.095,16839,1449,1368,1368,11.6211,12.3092,True,5.00e-15,
fg,random_sparse,12,no_reverse,10000,seeds+staged,ok,True,4,11430,1.614,0.34,1143,1449,1368,1368,0.7888,0.8355,True,5.05e-15,
fg,random_sparse,12,no_reverse,10000,seeds+restart,ok,True,2,2903,3.133,0.06,1368,1449,1368,1368,0.9441,1.0,True,5.05e-15,
fg,random_sparse,12,no_reverse,50000,bfs,ok,True,5,499798,8.408,13.254,452412,1449,1368,1368,312.2236,330.7105,True,5.00e-15,
fg,random_sparse,12,no_reverse,50000,staged,ok,True,4,65403,1.265,1.566,225972,1449,1368,1368,155.9503,165.1842,True,5.00e-15,
fg,random_sparse,12,no_reverse,50000,backoff,ok,True,32,95403,2.366,2.567,57465,1449,1368,1368,39.6584,42.0066,True,5.05e-15,
fg,random_sparse,12,no_reverse,50000,backoff_tight,ok,False,32,30937,0.642,0.706,141768,1449,1368,1368,97.8385,103.6316,True,5.00e-15,
fg,random_sparse,12,no_reverse,50000,seeds,ok,True,5,506452,7.962,20.631,1305,1449,1368,1368,0.9006,0.9539,True,5.05e-15,
fg,random_sparse,12,no_reverse,50000,restart,ok,True,10,29734,15.076,0.78,6615,1449,1368,1368,4.5652,4.8355,True,5.00e-15,
fg,random_sparse,12,no_reverse,50000,seeds+staged,ok,True,4,70928,2.444,2.196,1143,1449,1368,1368,0.7888,0.8355,True,5.05e-15,
fg,random_sparse,12,no_reverse,50000,seeds+restart,ok,True,2,33347,4.943,0.603,1305,1449,1368,1368,0.9006,0.9539,True,5.05e-15,
fg,random_sparse,16,full,10000,bfs,ok,True,4,55374,0.621,1.137,129550491,2727,2565,2565,47506.5974,50507.014,True,8.33e-17,
fg,random_sparse,16,full,10000,staged,ok,True,4,13513,0.289,0.345,16204059,2727,2565,2565,5942.0825,6317.3719,True,1.11e-16,
fg,random_sparse,16,full,10000,backoff,ok,True,16,22089,0.46,0.669,26489340,2727,2565,2565,9713.7294,10327.2281,True,1.11e-16,
fg,random_sparse,16,full,10000,backoff_tight,ok,True,24,10573,0.351,0.468,17845344,2727,2565,2565,6543.9472,6957.2491,True,1.11e-16,
fg,random_sparse,16,full,10000,seeds,ok,True,3,15994,2.763,0.479,2379,2727,2565,2565,0.8724,0.9275,True,1.11e-16,
fg,random_sparse,16,full,10000,restart,ok,True,6,2612,3.033,0.102,147123900,2727,2565,2565,53950.8251,57358.2456,True,1.11e-16,
fg,random_sparse,16,full,10000,seeds+staged,ok,True,2,19164,2.938,0.453,2313,2727,2565,2565,0.8482,0.9018,True,1.11e-16,
fg,random_sparse,16,full,10000,seeds+restart,ok,True,2,2219,5.8,0.068,2511,2727,2565,2565,0.9208,0.9789,True,1.11e-16,
fg,random_sparse,16,full,50000,bfs,ok,True,4,55374,0.787,1.026,129550491,2727,2565,2565,47506.5974,50507.014,True,8.33e-17,
fg,random_sparse,16,full,50000,staged,ok,True,4,125657,2.727,4.214,5089653,2727,2565,2565,1866.3927,1984.2702,True,1.11e-16,
fg,random_sparse,16,full,50000,backoff,ok,False,32,39297,0.866,1.138,12044556,2727,2565,2565,4416.7789,4695.7333,True,1.11e-16,
fg,random_sparse,16,full,50000,backoff_tight,ok,False,32,35964,0.892,1.171,7851438,2727,2565,2565,2879.1485,3060.9895,True,1.11e-16,
fg,random_sparse,16,full,50000,seeds,ok,True,4,82111,3.733,2.449,2370,2727,2565,2565,0.8691,0.924,True,1.11e-16,
fg,random_sparse,16,full,50000,restart,ok,True,14,66062,38.725,2.667,25500,2727,2565,2565,9.3509,9.9415,True,1.11e-16,
fg,random_sparse,16,full,50000,seeds+staged,ok,True,3,154471,5.708,4.767,2277,2727,2565,2565,0.835,0.8877,True,1.11e-16,
fg,random_sparse,16,full,50000,seeds+restart,ok,True,2,16213,6.685,0.276,2379,2727,2565,2565,0.8724,0.9275,True,1.11e-16,
fg,random_sparse,16,no_reverse,10000,bfs,ok,True,4,55374,0.603,0.792,129550491,2727,2565,2565,47506.5974,50507.014,True,8.33e-17,
fg,random_sparse,16,no_reverse,10000,staged,ok,True,4,14171,0.406,0.535,16204059,2727,2565,2565,5942.0825,6317.3719,True,1.11e-16,
fg,random_sparse,16,no_reverse,10000,backoff,ok,True,16,31491,0.714,0.682,12937257,2727,2565,2565,4744.1353,5043.7649,True,1.11e-16,
fg,random_sparse,16,no_reverse,10000,backoff_tight,ok,True,16,11702,0.452,0.414,29950515,2727,2565,2565,10982.9538,11676.614,True,1.11e-16,
fg,random_sparse,16,no_reverse,10000,seeds,ok,True,3,11478,3.13,0.327,2379,2727,2565,2565,0.8724,0.9275,True,1.11e-16,
fg,random_sparse,16,no_reverse,10000,restart,ok,True,6,2609,3.268,0.08,147123900,2727,2565,2565,53950.8251,57358.2456,True,1.11e-16,
fg,random_sparse,16,no_reverse,10000,seeds+staged,ok,True,3,16579,3.006,0.602,2277,2727,2565,2565,0.835,0.8877,True,1.11e-16,
fg,random_sparse,16,no_reverse,10000,seeds+restart,ok,True,2,2054,6.881,0.047,2511,2727,2565,2565,0.9208,0.9789,True,1.11e-16,
fg,random_sparse,16,no_reverse,50000,bfs,ok,True,4,55374,0.711,1.279,129550491,2727,2565,2565,47506.5974,50507.014,True,8.33e-17,
fg,random_sparse,16,no_reverse,50000,staged,ok,True,4,50715,1.12,1.631,6737004,2727,2565,2565,2470.4818,2626.5123,True,1.11e-16,
fg,random_sparse,16,no_reverse,50000,backoff,ok,True,24,85650,1.889,2.964,7798887,2727,2565,2565,2859.8779,3040.5018,True,1.11e-16,
fg,random_sparse,16,no_reverse,50000,backoff_tight,ok,False,32,39306,0.902,1.141,8234892,2727,2565,2565,3019.7624,3210.4842,True,1.11e-16,
fg,random_sparse,16,no_reverse,50000,seeds,ok,True,4,66385,3.426,1.853,2370,2727,2565,2565,0.8691,0.924,True,1.11e-16,
fg,random_sparse,16,no_reverse,50000,restart,ok,True,16,58785,48.662,2.172,53343,2727,2565,2565,19.5611,20.7965,True,1.67e-16,
fg,random_sparse,16,no_reverse,50000,seeds+staged,ok,True,4,59204,3.556,1.726,2277,2727,2565,2565,0.835,0.8877,True,1.11e-16,
fg,random_sparse,16,no_reverse,50000,seeds+restart,ok,True,2,11592,6.827,0.344,2379,2727,2565,2565,0.8724,0.9275,True,1.11e-16,
template,chmm4,4,full,10000,bfs,ok,True,5,24702,0.333,0.374,2763,3177,,,0.8697,,True,1.11e-16,
template,chmm4,4,full,10000,staged,ok,True,4,11215,0.222,0.146,2811,3177,,,0.8848,,True,1.11e-16,
template,chmm4,4,full,10000,backoff,ok,True,8,12037,0.234,0.204,2502,3177,,,0.7875,,True,1.11e-16,
template,chmm4,4,full,10000,backoff_tight,ok,True,24,16959,0.249,0.201,2718,3177,,,0.8555,,True,1.11e-16,
template,chmm4,4,full,10000,restart,ok,True,3,8406,0.78,0.158,2532,3177,,,0.797,,True,1.11e-16,
template,chmm4,4,full,50000,bfs,ok,True,7,65876,1.105,1.379,2907,3177,,,0.915,,True,1.11e-16,
template,chmm4,4,full,50000,staged,ok,True,5,76225,1.337,1.867,2754,3177,,,0.8669,,True,1.11e-16,
template,chmm4,4,full,50000,backoff,ok,True,32,52439,1.157,0.943,2529,3177,,,0.796,,True,1.11e-16,
template,chmm4,4,full,50000,backoff_tight,ok,False,32,29205,0.582,0.572,2718,3177,,,0.8555,,True,1.11e-16,
template,chmm4,4,full,50000,restart,ok,True,4,26051,3.043,0.327,2637,3177,,,0.83,,True,1.67e-16,
template,chmm4,4,no_reverse,10000,bfs,ok,True,5,23240,0.31,0.22,2592,3177,,,0.8159,,True,1.11e-16,
template,chmm4,4,no_reverse,10000,staged,ok,True,4,14008,0.217,0.151,2520,3177,,,0.7932,,True,1.67e-16,
template,chmm4,4,no_reverse,10000,backoff,ok,True,16,58594,0.783,1.256,2493,3177,,,0.7847,,True,1.11e-16,
template,chmm4,4,no_reverse,10000,backoff_tight,ok,True,16,14499,0.257,0.234,2493,3177,,,0.7847,,True,1.11e-16,
template,chmm4,4,no_reverse,10000,restart,ok,True,3,7776,0.772,0.085,2532,3177,,,0.797,,True,1.11e-16,
template,chmm4,4,no_reverse,50000,bfs,ok,True,7,64475,1.028,1.313,2754,3177,,,0.8669,,True,1.11e-16,
template,chmm4,4,no_reverse,50000,staged,ok,True,5,61899,1.153,1.41,2517,3177,,,0.7923,,True,1.67e-16,
template,chmm4,4,no_reverse,50000,backoff,ok,True,16,58594,1.067,1.495,2493,3177,,,0.7847,,True,1.11e-16,
template,chmm4,4,no_reverse,50000,backoff_tight,ok,False,32,15441,0.316,0.201,2493,3177,,,0.7847,,True,1.11e-16,
template,chmm4,4,no_reverse,50000,restart,ok,True,3,23449,1.891,0.35,2586,3177,,,0.814,,True,1.11e-16,
gaussian,coupled4x2,8,full,10000,bfs,ok,True,5,24702,0.302,1.961,1456,2560,,,0.5687,,True,8.88e-16,
gaussian,coupled4x2,8,full,10000,staged,ok,True,4,11215,0.226,1.336,1008,2560,,,0.3937,,True,6.11e-16,
gaussian,coupled4x2,8,full,10000,backoff,ok,True,8,12037,0.261,1.1,1056,2560,,,0.4125,,True,6.66e-16,
gaussian,coupled4x2,8,full,10000,backoff_tight,ok,True,24,16959,0.302,2.617,2028,2560,,,0.7922,,True,1.78e-15,
gaussian,coupled4x2,8,full,10000,restart,ok,True,2,7910,0.601,0.832,1384,2560,,,0.5406,,True,1.33e-15,
gaussian,coupled4x2,8,full,50000,bfs,ok,True,7,65876,1.126,5.861,1504,2560,,,0.5875,,True,8.88e-16,
gaussian,coupled4x2,8,full,50000,staged,ok,True,5,76225,1.32,10.955,1848,2560,,,0.7219,,True,8.88e-16,
gaussian,coupled4x2,8,full,50000,backoff,ok,True,32,52439,1.128,5.708,1576,2560,,,0.6156,,True,6.66e-16,
gaussian,coupled4x2,8,full,50000,backoff_tight,ok,False,32,29205,0.434,3.457,2028,2560,,,0.7922,,True,1.78e-15,
gaussian,coupled4x2,8,full,50000,restart,ok,True,2,24898,1.076,2.146,1456,2560,,,0.5687,,True,8.88e-16,
gaussian,coupled4x2,8,no_reverse,10000,bfs,ok,True,5,23240,0.291,2.159,1464,2560,,,0.5719,,True,1.33e-15,
gaussian,coupled4x2,8,no_reverse,10000,staged,ok,True,4,14008,0.291,1.362,1424,2560,,,0.5563,,True,6.66e-16,
gaussian,coupled4x2,8,no_reverse,10000,backoff,ok,True,16,58594,1.041,10.789,1192,2560,,,0.4656,,True,8.88e-16,
gaussian,coupled4x2,8,no_reverse,10000,backoff_tight,ok,True,16,14499,0.205,1.618,1008,2560,,,0.3937,,True,1.11e-15,
gaussian,coupled4x2,8,no_reverse,10000,restart,ok,True,2,7616,0.504,0.776,1408,2560,,,0.55,,True,1.33e-15,
gaussian,coupled4x2,8,no_reverse,50000,bfs,ok,True,7,64475,1.072,7.083,1736,2560,,,0.6781,,True,1.33e-15,
gaussian,coupled4x2,8,no_reverse,50000,staged,ok,True,5,61899,0.952,9.976,1512,2560,,,0.5906,,True,6.66e-16,
gaussian,coupled4x2,8,no_reverse,50000,backoff,ok,True,16,58594,0.824,11.234,1192,2560,,,0.4656,,True,8.88e-16,
gaussian,coupled4x2,8,no_reverse,50000,backoff_tight,ok,False,32,15441,0.344,1.208,1088,2560,,,0.425,,True,1.11e-15,
gaussian,coupled4x2,8,no_reverse,50000,restart,ok,True,2,23368,1.425,1.783,1704,2560,,,0.6656,,True,5.55e-16,
