[     1s] chain         n=6   full        10000 bfs            ok      cost=174 bestJT+=216 nodes=1691 correct=True
[     1s] chain         n=6   full        10000 staged         ok      cost=174 bestJT+=216 nodes=1691 correct=True
[     1s] chain         n=6   full        10000 backoff        ok      cost=174 bestJT+=216 nodes=1691 correct=True
[     1s] chain         n=6   full        10000 backoff_tight  ok      cost=174 bestJT+=216 nodes=1691 correct=True
[     2s] chain         n=6   full        10000 seeds          ok      cost=174 bestJT+=216 nodes=1691 correct=True
[     2s] chain         n=6   full        10000 restart        ok      cost=174 bestJT+=216 nodes=1691 correct=True
[     2s] chain         n=6   full        10000 seeds+staged   ok      cost=174 bestJT+=216 nodes=1691 correct=True
[     2s] chain         n=6   full        10000 seeds+restart  ok      cost=174 bestJT+=216 nodes=1691 correct=True
[     2s] chain         n=6   full        50000 bfs            ok      cost=174 bestJT+=216 nodes=1691 correct=True
[     3s] chain         n=6   full        50000 staged         ok      cost=174 bestJT+=216 nodes=1691 correct=True
[     3s] chain         n=6   full        50000 backoff        ok      cost=174 bestJT+=216 nodes=1691 correct=True
[     3s] chain         n=6   full        50000 backoff_tight  ok      cost=174 bestJT+=216 nodes=1691 correct=True
[     4s] chain         n=6   full        50000 seeds          ok      cost=174 bestJT+=216 nodes=1691 correct=True
[     4s] chain         n=6   full        50000 restart        ok      cost=174 bestJT+=216 nodes=1691 correct=True
[     4s] chain         n=6   full        50000 seeds+staged   ok      cost=174 bestJT+=216 nodes=1691 correct=True
[     5s] chain         n=6   full        50000 seeds+restart  ok      cost=174 bestJT+=216 nodes=1691 correct=True
[     5s] chain         n=6   no_reverse  10000 bfs            ok      cost=174 bestJT+=216 nodes=1691 correct=True
[     5s] chain         n=6   no_reverse  10000 staged         ok      cost=174 bestJT+=216 nodes=1691 correct=True
[     5s] chain         n=6   no_reverse  10000 backoff        ok      cost=174 bestJT+=216 nodes=1691 correct=True
[     5s] chain         n=6   no_reverse  10000 backoff_tight  ok      cost=174 bestJT+=216 nodes=1691 correct=True
[     6s] chain         n=6   no_reverse  10000 seeds          ok      cost=174 bestJT+=216 nodes=1691 correct=True
[     6s] chain         n=6   no_reverse  10000 restart        ok      cost=174 bestJT+=216 nodes=1691 correct=True
[     6s] chain         n=6   no_reverse  10000 seeds+staged   ok      cost=174 bestJT+=216 nodes=1691 correct=True
[     6s] chain         n=6   no_reverse  10000 seeds+restart  ok      cost=174 bestJT+=216 nodes=1691 correct=True
[     7s] chain         n=6   no_reverse  50000 bfs            ok      cost=174 bestJT+=216 nodes=1691 correct=True
[     7s] chain         n=6   no_reverse  50000 staged         ok      cost=174 bestJT+=216 nodes=1691 correct=True
[     7s] chain         n=6   no_reverse  50000 backoff        ok      cost=174 bestJT+=216 nodes=1691 correct=True
[     8s] chain         n=6   no_reverse  50000 backoff_tight  ok      cost=174 bestJT+=216 nodes=1691 correct=True
[     8s] chain         n=6   no_reverse  50000 seeds          ok      cost=174 bestJT+=216 nodes=1691 correct=True
[     8s] chain         n=6   no_reverse  50000 restart        ok      cost=174 bestJT+=216 nodes=1691 correct=True
[     9s] chain         n=6   no_reverse  50000 seeds+staged   ok      cost=174 bestJT+=216 nodes=1691 correct=True
[     9s] chain         n=6   no_reverse  50000 seeds+restart  ok      cost=174 bestJT+=216 nodes=1691 correct=True
[     9s] chain         n=8   full        10000 bfs            ok      cost=1377 bestJT+=324 nodes=10218 correct=True
[    10s] chain         n=8   full        10000 staged         ok      cost=513 bestJT+=324 nodes=11480 correct=True
[    10s] chain         n=8   full        10000 backoff        ok      cost=927 bestJT+=324 nodes=12578 correct=True
[    10s] chain         n=8   full        10000 backoff_tight  ok      cost=900 bestJT+=324 nodes=10685 correct=True
[    11s] chain         n=8   full        10000 seeds          ok      cost=252 bestJT+=324 nodes=15078 correct=True
[    12s] chain         n=8   full        10000 restart        ok      cost=909 bestJT+=324 nodes=3565 correct=True
[    12s] chain         n=8   full        10000 seeds+staged   ok      cost=252 bestJT+=324 nodes=10993 correct=True
[    12s] chain         n=8   full        10000 seeds+restart  ok      cost=273 bestJT+=324 nodes=3849 correct=True
[    15s] chain         n=8   full        50000 bfs            ok      cost=252 bestJT+=324 nodes=24591 correct=True
[    15s] chain         n=8   full        50000 staged         ok      cost=252 bestJT+=324 nodes=24591 correct=True
[    15s] chain         n=8   full        50000 backoff        ok      cost=309 bestJT+=324 nodes=17911 correct=True
[    16s] chain         n=8   full        50000 backoff_tight  ok      cost=900 bestJT+=324 nodes=10685 correct=True
[    20s] chain         n=8   full        50000 seeds          ok      cost=252 bestJT+=324 nodes=24591 correct=True
[    20s] chain         n=8   full        50000 restart        ok      cost=468 bestJT+=324 nodes=12384 correct=True
[    20s] chain         n=8   full        50000 seeds+staged   ok      cost=252 bestJT+=324 nodes=24591 correct=True
[    21s] chain         n=8   full        50000 seeds+restart  ok      cost=252 bestJT+=324 nodes=15109 correct=True
[    21s] chain         n=8   no_reverse  10000 bfs            ok      cost=1377 bestJT+=324 nodes=10218 correct=True
[    21s] chain         n=8   no_reverse  10000 staged         ok      cost=519 bestJT+=324 nodes=11076 correct=True
[    22s] chain         n=8   no_reverse  10000 backoff        ok      cost=333 bestJT+=324 nodes=16415 correct=True
[    22s] chain         n=8   no_reverse  10000 backoff_tight  ok      cost=981 bestJT+=324 nodes=12185 correct=True
[    22s] chain         n=8   no_reverse  10000 seeds          ok      cost=252 bestJT+=324 nodes=10263 correct=True
[    23s] chain         n=8   no_reverse  10000 restart        ok      cost=1008 bestJT+=324 nodes=2839 correct=True
[    23s] chain         n=8   no_reverse  10000 seeds+staged   ok      cost=252 bestJT+=324 nodes=11164 correct=True
[    23s] chain         n=8   no_reverse  10000 seeds+restart  ok      cost=273 bestJT+=324 nodes=2830 correct=True
[    28s] chain         n=8   no_reverse  50000 bfs            ok      cost=252 bestJT+=324 nodes=24591 correct=True
[    28s] chain         n=8   no_reverse  50000 staged         ok      cost=252 bestJT+=324 nodes=24591 correct=True
[    28s] chain         n=8   no_reverse  50000 backoff        ok      cost=252 bestJT+=324 nodes=25474 correct=True
[    28s] chain         n=8   no_reverse  50000 backoff_tight  ok      cost=576 bestJT+=324 nodes=17988 correct=True
[    31s] chain         n=8   no_reverse  50000 seeds          ok      cost=252 bestJT+=324 nodes=24591 correct=True
[    31s] chain         n=8   no_reverse  50000 restart        ok      cost=750 bestJT+=324 nodes=10494 correct=True
[    32s] chain         n=8   no_reverse  50000 seeds+staged   ok      cost=252 bestJT+=324 nodes=24591 correct=True
[    32s] chain         n=8   no_reverse  50000 seeds+restart  ok      cost=252 bestJT+=324 nodes=10265 correct=True
[    32s] chain         n=12  full        10000 bfs            ok      cost=439452 bestJT+=540 nodes=16346 correct=True
[    32s] chain         n=12  full        10000 staged         ok      cost=18009 bestJT+=540 nodes=13460 correct=True
[    34s] chain         n=12  full        10000 backoff        ok      cost=43254 bestJT+=540 nodes=26373 correct=True
[    34s] chain         n=12  full        10000 backoff_tight  ok      cost=46440 bestJT+=540 nodes=10935 correct=True
[    34s] chain         n=12  full        10000 seeds          ok      cost=498 bestJT+=540 nodes=18272 correct=True
[    38s] chain         n=12  full        10000 restart        ok      cost=4959 bestJT+=540 nodes=4088 correct=True
[    38s] chain         n=12  full        10000 seeds+staged   ok      cost=408 bestJT+=540 nodes=11712 correct=True
[    38s] chain         n=12  full        10000 seeds+restart  ok      cost=513 bestJT+=540 nodes=3355 correct=True
[    43s] chain         n=12  full        50000 bfs            ok      cost=181089 bestJT+=540 nodes=106345 correct=True
[    43s] chain         n=12  full        50000 staged         ok      cost=7884 bestJT+=540 nodes=60815 correct=True
[    43s] chain         n=12  full        50000 backoff        ok      cost=38475 bestJT+=540 nodes=31691 correct=True
[    44s] chain         n=12  full        50000 backoff_tight  ok      cost=46440 bestJT+=540 nodes=13567 correct=True
[    53s] chain         n=12  full        50000 seeds          ok      cost=498 bestJT+=540 nodes=111526 correct=True
[    53s] chain         n=12  full        50000 restart        ok      cost=3672 bestJT+=540 nodes=18910 correct=True
[    53s] chain         n=12  full        50000 seeds+staged   ok      cost=408 bestJT+=540 nodes=74418 correct=True
[    54s] chain         n=12  full        50000 seeds+restart  ok      cost=498 bestJT+=540 nodes=18275 correct=True
[    54s] chain         n=12  no_reverse  10000 bfs            ok      cost=439452 bestJT+=540 nodes=16346 correct=True
[    54s] chain         n=12  no_reverse  10000 staged         ok      cost=18009 bestJT+=540 nodes=13459 correct=True
[    55s] chain         n=12  no_reverse  10000 backoff        ok      cost=170127 bestJT+=540 nodes=11489 correct=True
[    55s] chain         n=12  no_reverse  10000 backoff_tight  ok      cost=46440 bestJT+=540 nodes=12898 correct=True
[    56s] chain         n=12  no_reverse  10000 seeds          ok      cost=498 bestJT+=540 nodes=16498 correct=True
[    59s] chain         n=12  no_reverse  10000 restart        ok      cost=4959 bestJT+=540 nodes=2868 correct=True
[    59s] chain         n=12  no_reverse  10000 seeds+staged   ok      cost=408 bestJT+=540 nodes=13627 correct=True
[    59s] chain         n=12  no_reverse  10000 seeds+restart  ok      cost=513 bestJT+=540 nodes=2741 correct=True
[    65s] chain         n=12  no_reverse  50000 bfs            ok      cost=181089 bestJT+=540 nodes=106345 correct=True
[    65s] chain         n=12  no_reverse  50000 staged         ok      cost=7884 bestJT+=540 nodes=60583 correct=True
[    66s] chain         n=12  no_reverse  50000 backoff        ok      cost=14148 bestJT+=540 nodes=65999 correct=True
[    67s] chain         n=12  no_reverse  50000 backoff_tight  ok      cost=13023 bestJT+=540 nodes=29139 correct=True
[    75s] chain         n=12  no_reverse  50000 seeds          ok      cost=498 bestJT+=540 nodes=106498 correct=True
[    75s] chain         n=12  no_reverse  50000 restart        ok      cost=4518 bestJT+=540 nodes=16684 correct=True
[    75s] chain         n=12  no_reverse  50000 seeds+staged   ok      cost=408 bestJT+=540 nodes=60760 correct=True
[    76s] chain         n=12  no_reverse  50000 seeds+restart  ok      cost=498 bestJT+=540 nodes=16499 correct=True
[    76s] chain         n=16  full        10000 bfs            ok      cost=33368823 bestJT+=756 nodes=37864 correct=True
[    76s] chain         n=16  full        10000 staged         ok      cost=3254238 bestJT+=756 nodes=10942 correct=True
[    78s] chain         n=16  full        10000 backoff        ok      cost=5542434 bestJT+=756 nodes=33937 correct=True
[    78s] chain         n=16  full        10000 backoff_tight  ok      cost=5609853 bestJT+=756 nodes=15257 correct=True
[    80s] chain         n=16  full        10000 seeds          ok      cost=738 bestJT+=756 nodes=40631 correct=True
[    83s] chain         n=16  full        10000 restart        ok      cost=710991 bestJT+=756 nodes=2614 correct=True
[    83s] chain         n=16  full        10000 seeds+staged   ok      cost=564 bestJT+=756 nodes=12859 correct=True
[    83s] chain         n=16  full        10000 seeds+restart  ok      cost=738 bestJT+=756 nodes=5848 correct=True
[   147s] chain         n=16  full        50000 bfs            ok      cost=13874229 bestJT+=756 nodes=758212 correct=True
[   147s] chain         n=16  full        50000 staged         ok      cost=223272 bestJT+=756 nodes=95955 correct=True
[   147s] chain         n=16  full        50000 backoff        ok      cost=5542434 bestJT+=756 nodes=51214 correct=True
[   147s] chain         n=16  full        50000 backoff_tight  ok      cost=5609853 bestJT+=756 nodes=15291 correct=True
[   199s] chain         n=16  full        50000 seeds          ok      cost=738 bestJT+=756 nodes=765807 correct=True
[   199s] chain         n=16  full        50000 restart        ok      cost=10251 bestJT+=756 nodes=44437 correct=True
[   199s] chain         n=16  full        50000 seeds+staged   ok      cost=564 bestJT+=756 nodes=104553 correct=True
[   199s] chain         n=16  full        50000 seeds+restart  ok      cost=738 bestJT+=756 nodes=40631 correct=True
[   199s] chain         n=16  no_reverse  10000 bfs            ok      cost=33368823 bestJT+=756 nodes=37864 correct=True
[   199s] chain         n=16  no_reverse  10000 staged         ok      cost=1070163 bestJT+=756 nodes=18926 correct=True
[   199s] chain         n=16  no_reverse  10000 backoff        ok      cost=5542434 bestJT+=756 nodes=33937 correct=True
[   199s] chain         n=16  no_reverse  10000 backoff_tight  ok      cost=4157694 bestJT+=756 nodes=19645 correct=True
[   199s] chain         n=16  no_reverse  10000 seeds          ok      cost=738 bestJT+=756 nodes=38073 correct=True
[   199s] chain         n=16  no_reverse  10000 restart        ok      cost=7991946 bestJT+=756 nodes=2423 correct=True
[   199s] chain         n=16  no_reverse  10000 seeds+staged   ok      cost=564 bestJT+=756 nodes=19162 correct=True
[   199s] chain         n=16  no_reverse  10000 seeds+restart  ok      cost=738 bestJT+=756 nodes=4970 correct=True
[   219s] chain         n=16  no_reverse  50000 bfs            ok      cost=13874229 bestJT+=756 nodes=758212 correct=True
[   219s] chain         n=16  no_reverse  50000 staged         ok      cost=223272 bestJT+=756 nodes=97477 correct=True
[   219s] chain         n=16  no_reverse  50000 backoff        ok      cost=2139246 bestJT+=756 nodes=77880 correct=True
[   219s] chain         n=16  no_reverse  50000 backoff_tight  ok      cost=3979845 bestJT+=756 nodes=23410 correct=True
[   282s] chain         n=16  no_reverse  50000 seeds          ok      cost=738 bestJT+=756 nodes=758421 correct=True
[   282s] chain         n=16  no_reverse  50000 restart        ok      cost=11727 bestJT+=756 nodes=38351 correct=True
[   282s] chain         n=16  no_reverse  50000 seeds+staged   ok      cost=564 bestJT+=756 nodes=97711 correct=True
[   282s] chain         n=16  no_reverse  50000 seeds+restart  ok      cost=738 bestJT+=756 nodes=38073 correct=True
[   282s] star          n=6   full        10000 bfs            ok      cost=171 bestJT+=252 nodes=3156 correct=True
[   282s] star          n=6   full        10000 staged         ok      cost=171 bestJT+=252 nodes=3156 correct=True
[   282s] star          n=6   full        10000 backoff        ok      cost=171 bestJT+=252 nodes=3156 correct=True
[   282s] star          n=6   full        10000 backoff_tight  ok      cost=168 bestJT+=252 nodes=3156 correct=True
[   282s] star          n=6   full        10000 seeds          ok      cost=168 bestJT+=252 nodes=3156 correct=True
[   282s] star          n=6   full        10000 restart        ok      cost=168 bestJT+=252 nodes=2443 correct=True
[   282s] star          n=6   full        10000 seeds+staged   ok      cost=168 bestJT+=252 nodes=3156 correct=True
[   282s] star          n=6   full        10000 seeds+restart  ok      cost=168 bestJT+=252 nodes=2164 correct=True
[   282s] star          n=6   full        50000 bfs            ok      cost=171 bestJT+=252 nodes=3156 correct=True
[   282s] star          n=6   full        50000 staged         ok      cost=171 bestJT+=252 nodes=3156 correct=True
[   282s] star          n=6   full        50000 backoff        ok      cost=171 bestJT+=252 nodes=3156 correct=True
[   282s] star          n=6   full        50000 backoff_tight  ok      cost=168 bestJT+=252 nodes=3156 correct=True
[   282s] star          n=6   full        50000 seeds          ok      cost=168 bestJT+=252 nodes=3156 correct=True
[   282s] star          n=6   full        50000 restart        ok      cost=171 bestJT+=252 nodes=3156 correct=True
[   282s] star          n=6   full        50000 seeds+staged   ok      cost=168 bestJT+=252 nodes=3156 correct=True
[   282s] star          n=6   full        50000 seeds+restart  ok      cost=168 bestJT+=252 nodes=3156 correct=True
[   282s] star          n=6   no_reverse  10000 bfs            ok      cost=171 bestJT+=252 nodes=3156 correct=True
[   282s] star          n=6   no_reverse  10000 staged         ok      cost=165 bestJT+=252 nodes=3156 correct=True
[   282s] star          n=6   no_reverse  10000 backoff        ok      cost=171 bestJT+=252 nodes=3156 correct=True
[   282s] star          n=6   no_reverse  10000 backoff_tight  ok      cost=171 bestJT+=252 nodes=3156 correct=True
[   282s] star          n=6   no_reverse  10000 seeds          ok      cost=168 bestJT+=252 nodes=3156 correct=True
[   282s] star          n=6   no_reverse  10000 restart        ok      cost=168 bestJT+=252 nodes=2313 correct=True
[   282s] star          n=6   no_reverse  10000 seeds+staged   ok      cost=168 bestJT+=252 nodes=3156 correct=True
[   282s] star          n=6   no_reverse  10000 seeds+restart  ok      cost=168 bestJT+=252 nodes=2339 correct=True
[   282s] star          n=6   no_reverse  50000 bfs            ok      cost=171 bestJT+=252 nodes=3156 correct=True
[   282s] star          n=6   no_reverse  50000 staged         ok      cost=165 bestJT+=252 nodes=3156 correct=True
[   282s] star          n=6   no_reverse  50000 backoff        ok      cost=171 bestJT+=252 nodes=3156 correct=True
[   282s] star          n=6   no_reverse  50000 backoff_tight  ok      cost=171 bestJT+=252 nodes=3156 correct=True
[   282s] star          n=6   no_reverse  50000 seeds          ok      cost=168 bestJT+=252 nodes=3156 correct=True
[   282s] star          n=6   no_reverse  50000 restart        ok      cost=171 bestJT+=252 nodes=3156 correct=True
[   282s] star          n=6   no_reverse  50000 seeds+staged   ok      cost=168 bestJT+=252 nodes=3156 correct=True
[   282s] star          n=6   no_reverse  50000 seeds+restart  ok      cost=168 bestJT+=252 nodes=3156 correct=True
[   282s] star          n=8   full        10000 bfs            ok      cost=1071 bestJT+=393 nodes=19211 correct=True
[   282s] star          n=8   full        10000 staged         ok      cost=273 bestJT+=393 nodes=14031 correct=True
[   282s] star          n=8   full        10000 backoff        ok      cost=1506 bestJT+=393 nodes=12118 correct=True
[   282s] star          n=8   full        10000 backoff_tight  ok      cost=1671 bestJT+=393 nodes=6647 correct=True
[   282s] star          n=8   full        10000 seeds          ok      cost=252 bestJT+=393 nodes=31633 correct=True
[   282s] star          n=8   full        10000 restart        ok      cost=426 bestJT+=393 nodes=2072 correct=True
[   282s] star          n=8   full        10000 seeds+staged   ok      cost=249 bestJT+=393 nodes=21219 correct=True
[   282s] star          n=8   full        10000 seeds+restart  ok      cost=327 bestJT+=393 nodes=2398 correct=True
[   282s] star          n=8   full        50000 bfs            ok      cost=516 bestJT+=393 nodes=56979 correct=True
[   282s] star          n=8   full        50000 staged         ok      cost=243 bestJT+=393 nodes=65769 correct=True
[   282s] star          n=8   full        50000 backoff        ok      cost=1506 bestJT+=393 nodes=17273 correct=True
[   282s] star          n=8   full        50000 backoff_tight  ok      cost=1671 bestJT+=393 nodes=6647 correct=True
[   282s] star          n=8   full        50000 seeds          ok      cost=252 bestJT+=393 nodes=65041 correct=True
[   282s] star          n=8   full        50000 restart        ok      cost=252 bestJT+=393 nodes=14486 correct=True
[   282s] star          n=8   full        50000 seeds+staged   ok      cost=249 bestJT+=393 nodes=51944 correct=True
[   282s] star          n=8   full        50000 seeds+restart  ok      cost=252 bestJT+=393 nodes=10033 correct=True
[   282s] star          n=8   no_reverse  10000 bfs            ok      cost=1071 bestJT+=393 nodes=19211 correct=True
[   282s] star          n=8   no_reverse  10000 staged         ok      cost=279 bestJT+=393 nodes=13219 correct=True
[   282s] star          n=8   no_reverse  10000 backoff        ok      cost=1506 bestJT+=393 nodes=12358 correct=True
[   282s] star          n=8   no_reverse  10000 backoff_tight  ok      cost=771 bestJT+=393 nodes=21500 correct=True
[   282s] star          n=8   no_reverse  10000 seeds          ok      cost=249 bestJT+=393 nodes=10027 correct=True
[   282s] star          n=8   no_reverse  10000 restart        ok      cost=300 bestJT+=393 nodes=2733 correct=True
[   282s] star          n=8   no_reverse  10000 seeds+staged   ok      cost=252 bestJT+=393 nodes=10583 correct=True
[   282s] star          n=8   no_reverse  10000 seeds+restart  ok      cost=312 bestJT+=393 nodes=2024 correct=True
[   282s] star          n=8   no_reverse  50000 bfs            ok      cost=516 bestJT+=393 nodes=56979 correct=True
[   282s] star          n=8   no_reverse  50000 staged         ok      cost=240 bestJT+=393 nodes=58465 correct=True
[   282s] star          n=8   no_reverse  50000 backoff        ok      cost=687 bestJT+=393 nodes=35196 correct=True
[   282s] star          n=8   no_reverse  50000 backoff_tight  ok      cost=657 bestJT+=393 nodes=20901 correct=True
[   282s] star          n=8   no_reverse  50000 seeds          ok      cost=252 bestJT+=393 nodes=66976 correct=True
[   282s] star          n=8   no_reverse  50000 restart        ok      cost=243 bestJT+=393 nodes=12061 correct=True
[   282s] star          n=8   no_reverse  50000 seeds+staged   ok      cost=252 bestJT+=393 nodes=57714 correct=True
[   282s] star          n=8   no_reverse  50000 seeds+restart  ok      cost=240 bestJT+=393 nodes=13896 correct=True
[   282s] star          n=12  full        10000 bfs            ok      cost=412749 bestJT+=669 nodes=16611 correct=True
[   282s] star          n=12  full        10000 staged         ok      cost=34110 bestJT+=669 nodes=10682 correct=True
[   282s] star          n=12  full        10000 backoff        ok      cost=159174 bestJT+=669 nodes=18915 correct=True
[   282s] star          n=12  full        10000 backoff_tight  ok      cost=79743 bestJT+=669 nodes=9885 correct=True
[   284s] star          n=12  full        10000 seeds          ok      cost=567 bestJT+=669 nodes=34168 correct=True
[   287s] star          n=12  full        10000 restart        ok      cost=1200 bestJT+=669 nodes=4364 correct=True
[   287s] star          n=12  full        10000 seeds+staged   ok      cost=597 bestJT+=669 nodes=15535 correct=True
[   288s] star          n=12  full        10000 seeds+restart  ok      cost=537 bestJT+=669 nodes=6347 correct=True
[   291s] star          n=12  full        50000 bfs            ok      cost=171918 bestJT+=669 nodes=112866 correct=True
[   293s] star          n=12  full        50000 staged         ok      cost=2577 bestJT+=669 nodes=80275 correct=True
[   293s] star          n=12  full        50000 backoff        ok      cost=41346 bestJT+=669 nodes=46841 correct=True
[   293s] star          n=12  full        50000 backoff_tight  ok      cost=79743 bestJT+=669 nodes=9885 correct=True
[   318s] star          n=12  full        50000 seeds          ok      cost=420 bestJT+=669 nodes=359575 correct=True
[   318s] star          n=12  full        50000 restart        ok      cost=756 bestJT+=669 nodes=10386 correct=True
[   318s] star          n=12  full        50000 seeds+staged   ok      cost=429 bestJT+=669 nodes=83348 correct=True
[   318s] star          n=12  full        50000 seeds+restart  ok      cost=567 bestJT+=669 nodes=39489 correct=True
[   318s] star          n=12  no_reverse  10000 bfs            ok      cost=412749 bestJT+=669 nodes=16611 correct=True
[   318s] star          n=12  no_reverse  10000 staged         ok      cost=12054 bestJT+=669 nodes=19807 correct=True
[   318s] star          n=12  no_reverse  10000 backoff        ok      cost=159174 bestJT+=669 nodes=18871 correct=True
[   318s] star          n=12  no_reverse  10000 backoff_tight  ok      cost=79743 bestJT+=669 nodes=10206 correct=True
[   318s] star          n=12  no_reverse  10000 seeds          ok      cost=567 bestJT+=669 nodes=28392 correct=True
[   318s] star          n=12  no_reverse  10000 restart        ok      cost=1131 bestJT+=669 nodes=3504 correct=True
[   318s] star          n=12  no_reverse  10000 seeds+staged   ok      cost=432 bestJT+=669 nodes=40010 correct=True
[   318s] star          n=12  no_reverse  10000 seeds+restart  ok      cost=537 bestJT+=669 nodes=5631 correct=True
[   318s] star          n=12  no_reverse  50000 bfs            ok      cost=171918 bestJT+=669 nodes=112866 correct=True
[   320s] star          n=12  no_reverse  50000 staged         ok      cost=2577 bestJT+=669 nodes=80036 correct=True
[   323s] star          n=12  no_reverse  50000 backoff        ok      cost=41265 bestJT+=669 nodes=60793 correct=True
[   323s] star          n=12  no_reverse  50000 backoff_tight  ok      cost=24558 bestJT+=669 nodes=31954 correct=True
[   338s] star          n=12  no_reverse  50000 seeds          ok      cost=549 bestJT+=669 nodes=223487 correct=True
[   338s] star          n=12  no_reverse  50000 restart        ok      cost=951 bestJT+=669 nodes=33484 correct=True
[   338s] star          n=12  no_reverse  50000 seeds+staged   ok      cost=447 bestJT+=669 nodes=56920 correct=True
[   338s] star          n=12  no_reverse  50000 seeds+restart  ok      cost=567 bestJT+=669 nodes=33142 correct=True
[   338s] star          n=16  full        10000 bfs            ok      cost=33368823 bestJT+=945 nodes=37921 correct=True
[   338s] star          n=16  full        10000 staged         ok      cost=3254229 bestJT+=945 nodes=11570 correct=True
[   338s] star          n=16  full        10000 backoff        ok      cost=13871709 bestJT+=945 nodes=12293 correct=True
[   338s] star          n=16  full        10000 backoff_tight  ok      cost=13882869 bestJT+=945 nodes=9744 correct=True
[   338s] star          n=16  full        10000 seeds          ok      cost=843 bestJT+=945 nodes=10453 correct=True
[   344s] star          n=16  full        10000 restart        ok      cost=285480 bestJT+=945 nodes=2604 correct=True
[   344s] star          n=16  full        10000 seeds+staged   ok      cost=855 bestJT+=945 nodes=15507 correct=True
[   345s] star          n=16  full        10000 seeds+restart  ok      cost=843 bestJT+=945 nodes=2950 correct=True
[   399s] star          n=16  full        50000 bfs            ok      cost=13874229 bestJT+=945 nodes=763380 correct=True
[   399s] star          n=16  full        50000 staged         ok      cost=484380 bestJT+=945 nodes=52345 correct=True
[   399s] star          n=16  full        50000 backoff        ok      cost=1576116 bestJT+=945 nodes=86861 correct=True
[   399s] star          n=16  full        50000 backoff_tight  ok      cost=13882869 bestJT+=945 nodes=9744 correct=True
[   399s] star          n=16  full        50000 seeds          ok      cost=813 bestJT+=945 nodes=72052 correct=True
[   399s] star          n=16  full        50000 restart        ok      cost=1920 bestJT+=945 nodes=10531 correct=True
[   399s] star          n=16  full        50000 seeds+staged   ok      cost=747 bestJT+=945 nodes=168715 correct=True
[   399s] star          n=16  full        50000 seeds+restart  ok      cost=816 bestJT+=945 nodes=11835 correct=True
[   399s] star          n=16  no_reverse  10000 bfs            ok      cost=33368823 bestJT+=945 nodes=37921 correct=True
[   399s] star          n=16  no_reverse  10000 staged         ok      cost=1070082 bestJT+=945 nodes=22036 correct=True
[   399s] star          n=16  no_reverse  10000 backoff        ok      cost=13871709 bestJT+=945 nodes=12293 correct=True
[   399s] star          n=16  no_reverse  10000 backoff_tight  ok      cost=5556582 bestJT+=945 nodes=22612 correct=True
[   399s] star          n=16  no_reverse  10000 seeds          ok      cost=813 bestJT+=945 nodes=63494 correct=True
[   399s] star          n=16  no_reverse  10000 restart        ok      cost=7579962 bestJT+=945 nodes=2107 correct=True
[   399s] star          n=16  no_reverse  10000 seeds+staged   ok      cost=843 bestJT+=945 nodes=10410 correct=True
[   399s] star          n=16  no_reverse  10000 seeds+restart  ok      cost=843 bestJT+=945 nodes=2766 correct=True
[   452s] star          n=16  no_reverse  50000 bfs            ok      cost=13874229 bestJT+=945 nodes=763380 correct=True
[   452s] star          n=16  no_reverse  50000 staged         ok      cost=484380 bestJT+=945 nodes=52406 correct=True
[   452s] star          n=16  no_reverse  50000 backoff        ok      cost=1888563 bestJT+=945 nodes=82639 correct=True
[   452s] star          n=16  no_reverse  50000 backoff_tight  ok      cost=5556582 bestJT+=945 nodes=27681 correct=True
[   452s] star          n=16  no_reverse  50000 seeds          ok      cost=813 bestJT+=945 nodes=63494 correct=True
[   452s] star          n=16  no_reverse  50000 restart        ok      cost=1965 bestJT+=945 nodes=57926 correct=True
[   452s] star          n=16  no_reverse  50000 seeds+staged   ok      cost=741 bestJT+=945 nodes=78892 correct=True
[   452s] star          n=16  no_reverse  50000 seeds+restart  ok      cost=792 bestJT+=945 nodes=11150 correct=True
[   452s] random_tree   n=6   full        10000 bfs            ok      cost=171 bestJT+=216 nodes=1958 correct=True
[   452s] random_tree   n=6   full        10000 staged         ok      cost=171 bestJT+=216 nodes=1958 correct=True
[   452s] random_tree   n=6   full        10000 backoff        ok      cost=171 bestJT+=216 nodes=1958 correct=True
[   452s] random_tree   n=6   full        10000 backoff_tight  ok      cost=171 bestJT+=216 nodes=1958 correct=True
[   452s] random_tree   n=6   full        10000 seeds          ok      cost=171 bestJT+=216 nodes=1958 correct=True
[   452s] random_tree   n=6   full        10000 restart        ok      cost=171 bestJT+=216 nodes=1958 correct=True
[   452s] random_tree   n=6   full        10000 seeds+staged   ok      cost=171 bestJT+=216 nodes=1958 correct=True
[   452s] random_tree   n=6   full        10000 seeds+restart  ok      cost=171 bestJT+=216 nodes=1958 correct=True
[   452s] random_tree   n=6   full        50000 bfs            ok      cost=171 bestJT+=216 nodes=1958 correct=True
[   452s] random_tree   n=6   full        50000 staged         ok      cost=171 bestJT+=216 nodes=1958 correct=True
[   452s] random_tree   n=6   full        50000 backoff        ok      cost=171 bestJT+=216 nodes=1958 correct=True
[   452s] random_tree   n=6   full        50000 backoff_tight  ok      cost=171 bestJT+=216 nodes=1958 correct=True
[   452s] random_tree   n=6   full        50000 seeds          ok      cost=171 bestJT+=216 nodes=1958 correct=True
[   452s] random_tree   n=6   full        50000 restart        ok      cost=171 bestJT+=216 nodes=1958 correct=True
[   452s] random_tree   n=6   full        50000 seeds+staged   ok      cost=171 bestJT+=216 nodes=1958 correct=True
[   452s] random_tree   n=6   full        50000 seeds+restart  ok      cost=171 bestJT+=216 nodes=1958 correct=True
[   452s] random_tree   n=6   no_reverse  10000 bfs            ok      cost=171 bestJT+=216 nodes=1958 correct=True
[   452s] random_tree   n=6   no_reverse  10000 staged         ok      cost=171 bestJT+=216 nodes=1958 correct=True
[   452s] random_tree   n=6   no_reverse  10000 backoff        ok      cost=171 bestJT+=216 nodes=1958 correct=True
[   452s] random_tree   n=6   no_reverse  10000 backoff_tight  ok      cost=171 bestJT+=216 nodes=1958 correct=True
[   452s] random_tree   n=6   no_reverse  10000 seeds          ok      cost=171 bestJT+=216 nodes=1958 correct=True
[   452s] random_tree   n=6   no_reverse  10000 restart        ok      cost=171 bestJT+=216 nodes=1958 correct=True
[   452s] random_tree   n=6   no_reverse  10000 seeds+staged   ok      cost=171 bestJT+=216 nodes=1958 correct=True
[   452s] random_tree   n=6   no_reverse  10000 seeds+restart  ok      cost=171 bestJT+=216 nodes=1958 correct=True
[   452s] random_tree   n=6   no_reverse  50000 bfs            ok      cost=171 bestJT+=216 nodes=1958 correct=True
[   452s] random_tree   n=6   no_reverse  50000 staged         ok      cost=171 bestJT+=216 nodes=1958 correct=True
[   452s] random_tree   n=6   no_reverse  50000 backoff        ok      cost=171 bestJT+=216 nodes=1958 correct=True
[   452s] random_tree   n=6   no_reverse  50000 backoff_tight  ok      cost=171 bestJT+=216 nodes=1958 correct=True
[   452s] random_tree   n=6   no_reverse  50000 seeds          ok      cost=171 bestJT+=216 nodes=1958 correct=True
[   452s] random_tree   n=6   no_reverse  50000 restart        ok      cost=171 bestJT+=216 nodes=1958 correct=True
[   452s] random_tree   n=6   no_reverse  50000 seeds+staged   ok      cost=171 bestJT+=216 nodes=1958 correct=True
[   452s] random_tree   n=6   no_reverse  50000 seeds+restart  ok      cost=171 bestJT+=216 nodes=1958 correct=True
[   452s] random_tree   n=8   full        10000 bfs            ok      cost=1260 bestJT+=324 nodes=13122 correct=True
[   452s] random_tree   n=8   full        10000 staged         ok      cost=720 bestJT+=324 nodes=12421 correct=True
[   452s] random_tree   n=8   full        10000 backoff        ok      cost=846 bestJT+=324 nodes=12917 correct=True
[   452s] random_tree   n=8   full        10000 backoff_tight  ok      cost=846 bestJT+=324 nodes=9593 correct=True
[   453s] random_tree   n=8   full        10000 seeds          ok      cost=270 bestJT+=324 nodes=11963 correct=True
[   454s] random_tree   n=8   full        10000 restart        ok      cost=723 bestJT+=324 nodes=4025 correct=True
[   454s] random_tree   n=8   full        10000 seeds+staged   ok      cost=249 bestJT+=324 nodes=10602 correct=True
[   454s] random_tree   n=8   full        10000 seeds+restart  ok      cost=318 bestJT+=324 nodes=2080 correct=True
[   458s] random_tree   n=8   full        50000 bfs            ok      cost=249 bestJT+=324 nodes=28932 correct=True
[   458s] random_tree   n=8   full        50000 staged         ok      cost=249 bestJT+=324 nodes=28932 correct=True
[   458s] random_tree   n=8   full        50000 backoff        ok      cost=432 bestJT+=324 nodes=15304 correct=True
[   458s] random_tree   n=8   full        50000 backoff_tight  ok      cost=846 bestJT+=324 nodes=9593 correct=True
[   463s] random_tree   n=8   full        50000 seeds          ok      cost=249 bestJT+=324 nodes=28932 correct=True
[   463s] random_tree   n=8   full        50000 restart        ok      cost=267 bestJT+=324 nodes=15399 correct=True
[   463s] random_tree   n=8   full        50000 seeds+staged   ok      cost=249 bestJT+=324 nodes=28932 correct=True
[   463s] random_tree   n=8   full        50000 seeds+restart  ok      cost=255 bestJT+=324 nodes=11976 correct=True
[   463s] random_tree   n=8   no_reverse  10000 bfs            ok      cost=1260 bestJT+=324 nodes=13122 correct=True
[   464s] random_tree   n=8   no_reverse  10000 staged         ok      cost=720 bestJT+=324 nodes=12013 correct=True
[   464s] random_tree   n=8   no_reverse  10000 backoff        ok      cost=303 bestJT+=324 nodes=26201 correct=True
[   465s] random_tree   n=8   no_reverse  10000 backoff_tight  ok      cost=432 bestJT+=324 nodes=22022 correct=True
[   465s] random_tree   n=8   no_reverse  10000 seeds          ok      cost=270 bestJT+=324 nodes=13299 correct=True
[   466s] random_tree   n=8   no_reverse  10000 restart        ok      cost=969 bestJT+=324 nodes=3122 correct=True
[   466s] random_tree   n=8   no_reverse  10000 seeds+staged   ok      cost=249 bestJT+=324 nodes=12212 correct=True
[   466s] random_tree   n=8   no_reverse  10000 seeds+restart  ok      cost=276 bestJT+=324 nodes=3133 correct=True
[   471s] random_tree   n=8   no_reverse  50000 bfs            ok      cost=249 bestJT+=324 nodes=28932 correct=True
[   471s] random_tree   n=8   no_reverse  50000 staged         ok      cost=249 bestJT+=324 nodes=28932 correct=True
[   471s] random_tree   n=8   no_reverse  50000 backoff        ok      cost=273 bestJT+=324 nodes=26601 correct=True
[   471s] random_tree   n=8   no_reverse  50000 backoff_tight  ok      cost=432 bestJT+=324 nodes=21358 correct=True
[   475s] random_tree   n=8   no_reverse  50000 seeds          ok      cost=249 bestJT+=324 nodes=28932 correct=True
[   475s] random_tree   n=8   no_reverse  50000 restart        ok      cost=792 bestJT+=324 nodes=13221 correct=True
[   476s] random_tree   n=8   no_reverse  50000 seeds+staged   ok      cost=249 bestJT+=324 nodes=28932 correct=True
[   476s] random_tree   n=8   no_reverse  50000 seeds+restart  ok      cost=270 bestJT+=324 nodes=13299 correct=True
[   476s] random_tree   n=12  full        10000 bfs            ok      cost=414369 bestJT+=549 nodes=16583 correct=True
[   477s] random_tree   n=12  full        10000 staged         ok      cost=14625 bestJT+=549 nodes=13197 correct=True
[   478s] random_tree   n=12  full        10000 backoff        ok      cost=160308 bestJT+=549 nodes=16511 correct=True
[   478s] random_tree   n=12  full        10000 backoff_tight  ok      cost=87075 bestJT+=549 nodes=8696 correct=True
[   479s] random_tree   n=12  full        10000 seeds          ok      cost=468 bestJT+=549 nodes=22065 correct=True
[   483s] random_tree   n=12  full        10000 restart        ok      cost=2709 bestJT+=549 nodes=4008 correct=True
[   483s] random_tree   n=12  full        10000 seeds+staged   ok      cost=405 bestJT+=549 nodes=17027 correct=True
[   483s] random_tree   n=12  full        10000 seeds+restart  ok      cost=492 bestJT+=549 nodes=4733 correct=True
[   487s] random_tree   n=12  full        50000 bfs            ok      cost=172989 bestJT+=549 nodes=111675 correct=True
[   490s] random_tree   n=12  full        50000 staged         ok      cost=6759 bestJT+=549 nodes=104046 correct=True
[   490s] random_tree   n=12  full        50000 backoff        ok      cost=51381 bestJT+=549 nodes=39866 correct=True
[   490s] random_tree   n=12  full        50000 backoff_tight  ok      cost=87075 bestJT+=549 nodes=8696 correct=True
[   498s] random_tree   n=12  full        50000 seeds          ok      cost=459 bestJT+=549 nodes=128674 correct=True
[   501s] random_tree   n=12  full        50000 restart        ok      cost=1449 bestJT+=549 nodes=18873 correct=True
[   501s] random_tree   n=12  full        50000 seeds+staged   ok      cost=405 bestJT+=549 nodes=54556 correct=True
[   501s] random_tree   n=12  full        50000 seeds+restart  ok      cost=468 bestJT+=549 nodes=22451 correct=True
[   501s] random_tree   n=12  no_reverse  10000 bfs            ok      cost=414369 bestJT+=549 nodes=16583 correct=True
[   501s] random_tree   n=12  no_reverse  10000 staged         ok      cost=14625 bestJT+=549 nodes=14697 correct=True
[   502s] random_tree   n=12  no_reverse  10000 backoff        ok      cost=160308 bestJT+=549 nodes=16460 correct=True
[   502s] random_tree   n=12  no_reverse  10000 backoff_tight  ok      cost=15489 bestJT+=549 nodes=34422 correct=True
[   502s] random_tree   n=12  no_reverse  10000 seeds          ok      cost=474 bestJT+=549 nodes=17222 correct=True
[   506s] random_tree   n=12  no_reverse  10000 restart        ok      cost=3168 bestJT+=549 nodes=3404 correct=True
[   506s] random_tree   n=12  no_reverse  10000 seeds+staged   ok      cost=405 bestJT+=549 nodes=15603 correct=True
[   506s] random_tree   n=12  no_reverse  10000 seeds+restart  ok      cost=495 bestJT+=549 nodes=3196 correct=True
[   512s] random_tree   n=12  no_reverse  50000 bfs            ok      cost=172989 bestJT+=549 nodes=111675 correct=True
[   513s] random_tree   n=12  no_reverse  50000 staged         ok      cost=6993 bestJT+=549 nodes=103554 correct=True
[   513s] random_tree   n=12  no_reverse  50000 backoff        ok      cost=26937 bestJT+=549 nodes=68094 correct=True
[   516s] random_tree   n=12  no_reverse  50000 backoff_tight  ok      cost=14364 bestJT+=549 nodes=40940 correct=True
[   522s] random_tree   n=12  no_reverse  50000 seeds          ok      cost=474 bestJT+=549 nodes=112425 correct=True
[   522s] random_tree   n=12  no_reverse  50000 restart        ok      cost=1917 bestJT+=549 nodes=17290 correct=True
[   526s] random_tree   n=12  no_reverse  50000 seeds+staged   ok      cost=405 bestJT+=549 nodes=104907 correct=True
[   526s] random_tree   n=12  no_reverse  50000 seeds+restart  ok      cost=474 bestJT+=549 nodes=17231 correct=True
[   526s] random_tree   n=16  full        10000 bfs            ok      cost=33408459 bestJT+=738 nodes=37704 correct=True
[   526s] random_tree   n=16  full        10000 staged         ok      cost=2520270 bestJT+=738 nodes=11484 correct=True
[   526s] random_tree   n=16  full        10000 backoff        ok      cost=5641056 bestJT+=738 nodes=23758 correct=True
[   526s] random_tree   n=16  full        10000 backoff_tight  ok      cost=2750778 bestJT+=738 nodes=14921 correct=True
[   529s] random_tree   n=16  full        10000 seeds          ok      cost=684 bestJT+=738 nodes=50947 correct=True
[   532s] random_tree   n=16  full        10000 restart        ok      cost=1249209 bestJT+=738 nodes=2570 correct=True
[   532s] random_tree   n=16  full        10000 seeds+staged   ok      cost=552 bestJT+=738 nodes=27257 correct=True
[   532s] random_tree   n=16  full        10000 seeds+restart  ok      cost=708 bestJT+=738 nodes=3102 correct=True
[   597s] random_tree   n=16  full        50000 bfs            ok      cost=13897017 bestJT+=738 nodes=756777 correct=True
[   597s] random_tree   n=16  full        50000 staged         ok      cost=921096 bestJT+=738 nodes=106501 correct=True
[   597s] random_tree   n=16  full        50000 backoff        ok      cost=5639112 bestJT+=738 nodes=29134 correct=True
[   597s] random_tree   n=16  full        50000 backoff_tight  ok      cost=2691288 bestJT+=738 nodes=22842 correct=True
[   597s] random_tree   n=16  full        50000 seeds          ok      cost=684 bestJT+=738 nodes=50947 correct=True
[   597s] random_tree   n=16  full        50000 restart        ok      cost=5223 bestJT+=738 nodes=43701 correct=True
[   597s] random_tree   n=16  full        50000 seeds+staged   ok      cost=552 bestJT+=738 nodes=82611 correct=True
[   597s] random_tree   n=16  full        50000 seeds+restart  ok      cost=684 bestJT+=738 nodes=51068 correct=True
[   597s] random_tree   n=16  no_reverse  10000 bfs            ok      cost=33408459 bestJT+=738 nodes=37704 correct=True
[   597s] random_tree   n=16  no_reverse  10000 staged         ok      cost=2520270 bestJT+=738 nodes=11967 correct=True
[   597s] random_tree   n=16  no_reverse  10000 backoff        ok      cost=3021948 bestJT+=738 nodes=37901 correct=True
[   597s] random_tree   n=16  no_reverse  10000 backoff_tight  ok      cost=3330234 bestJT+=738 nodes=14593 correct=True
[   597s] random_tree   n=16  no_reverse  10000 seeds          ok      cost=651 bestJT+=738 nodes=39527 correct=True
[   597s] random_tree   n=16  no_reverse  10000 restart        ok      cost=8625312 bestJT+=738 nodes=2394 correct=True
[   597s] random_tree   n=16  no_reverse  10000 seeds+staged   ok      cost=555 bestJT+=738 nodes=13649 correct=True
[   597s] random_tree   n=16  no_reverse  10000 seeds+restart  ok      cost=708 bestJT+=738 nodes=2313 correct=True
[   659s] random_tree   n=16  no_reverse  50000 bfs            ok      cost=13897017 bestJT+=738 nodes=756777 correct=True
[   659s] random_tree   n=16  no_reverse  50000 staged         ok      cost=921096 bestJT+=738 nodes=106425 correct=True
[   659s] random_tree   n=16  no_reverse  50000 backoff        ok      cost=1112274 bestJT+=738 nodes=67110 correct=True
[   659s] random_tree   n=16  no_reverse  50000 backoff_tight  ok      cost=1586988 bestJT+=738 nodes=34680 correct=True
[   691s] random_tree   n=16  no_reverse  50000 seeds          ok      cost=651 bestJT+=738 nodes=758648 correct=True
[   691s] random_tree   n=16  no_reverse  50000 restart        ok      cost=14868 bestJT+=738 nodes=39293 correct=True
[   691s] random_tree   n=16  no_reverse  50000 seeds+staged   ok      cost=555 bestJT+=738 nodes=108409 correct=True
[   691s] random_tree   n=16  no_reverse  50000 seeds+restart  ok      cost=651 bestJT+=738 nodes=39522 correct=True
[   691s] cycle         n=6   full        10000 bfs            ok      cost=513 bestJT+=567 nodes=2594 correct=True
[   691s] cycle         n=6   full        10000 staged         ok      cost=549 bestJT+=567 nodes=2594 correct=True
[   691s] cycle         n=6   full        10000 backoff        ok      cost=603 bestJT+=567 nodes=2594 correct=True
[   691s] cycle         n=6   full        10000 backoff_tight  ok      cost=594 bestJT+=567 nodes=2594 correct=True
[   691s] cycle         n=6   full        10000 seeds          ok      cost=504 bestJT+=567 nodes=2594 correct=True
[   691s] cycle         n=6   full        10000 restart        ok      cost=576 bestJT+=567 nodes=2009 correct=True
[   691s] cycle         n=6   full        10000 seeds+staged   ok      cost=504 bestJT+=567 nodes=2594 correct=True
[   691s] cycle         n=6   full        10000 seeds+restart  ok      cost=522 bestJT+=567 nodes=2381 correct=True
[   691s] cycle         n=6   full        50000 bfs            ok      cost=513 bestJT+=567 nodes=2594 correct=True
[   691s] cycle         n=6   full        50000 staged         ok      cost=549 bestJT+=567 nodes=2594 correct=True
[   691s] cycle         n=6   full        50000 backoff        ok      cost=603 bestJT+=567 nodes=2594 correct=True
[   691s] cycle         n=6   full        50000 backoff_tight  ok      cost=594 bestJT+=567 nodes=2594 correct=True
[   691s] cycle         n=6   full        50000 seeds          ok      cost=504 bestJT+=567 nodes=2594 correct=True
[   691s] cycle         n=6   full        50000 restart        ok      cost=513 bestJT+=567 nodes=2594 correct=True
[   691s] cycle         n=6   full        50000 seeds+staged   ok      cost=504 bestJT+=567 nodes=2594 correct=True
[   691s] cycle         n=6   full        50000 seeds+restart  ok      cost=504 bestJT+=567 nodes=2594 correct=True
[   691s] cycle         n=6   no_reverse  10000 bfs            ok      cost=513 bestJT+=567 nodes=2594 correct=True
[   691s] cycle         n=6   no_reverse  10000 staged         ok      cost=567 bestJT+=567 nodes=2594 correct=True
[   691s] cycle         n=6   no_reverse  10000 backoff        ok      cost=603 bestJT+=567 nodes=2594 correct=True
[   691s] cycle         n=6   no_reverse  10000 backoff_tight  ok      cost=594 bestJT+=567 nodes=2593 correct=True
[   691s] cycle         n=6   no_reverse  10000 seeds          ok      cost=504 bestJT+=567 nodes=2594 correct=True
[   691s] cycle         n=6   no_reverse  10000 restart        ok      cost=576 bestJT+=567 nodes=2366 correct=True
[   691s] cycle         n=6   no_reverse  10000 seeds+staged   ok      cost=504 bestJT+=567 nodes=2594 correct=True
[   691s] cycle         n=6   no_reverse  10000 seeds+restart  ok      cost=522 bestJT+=567 nodes=2467 correct=True
[   691s] cycle         n=6   no_reverse  50000 bfs            ok      cost=513 bestJT+=567 nodes=2594 correct=True
[   691s] cycle         n=6   no_reverse  50000 staged         ok      cost=567 bestJT+=567 nodes=2594 correct=True
[   691s] cycle         n=6   no_reverse  50000 backoff        ok      cost=603 bestJT+=567 nodes=2594 correct=True
[   691s] cycle         n=6   no_reverse  50000 backoff_tight  ok      cost=594 bestJT+=567 nodes=2593 correct=True
[   691s] cycle         n=6   no_reverse  50000 seeds          ok      cost=504 bestJT+=567 nodes=2594 correct=True
[   691s] cycle         n=6   no_reverse  50000 restart        ok      cost=513 bestJT+=567 nodes=2594 correct=True
[   691s] cycle         n=6   no_reverse  50000 seeds+staged   ok      cost=504 bestJT+=567 nodes=2594 correct=True
[   691s] cycle         n=6   no_reverse  50000 seeds+restart  ok      cost=504 bestJT+=567 nodes=2594 correct=True
[   691s] cycle         n=8   full        10000 bfs            ok      cost=4203 bestJT+=855 nodes=10755 correct=True
[   691s] cycle         n=8   full        10000 staged         ok      cost=1053 bestJT+=855 nodes=14003 correct=True
[   691s] cycle         n=8   full        10000 backoff        ok      cost=864 bestJT+=855 nodes=17267 correct=True
[   691s] cycle         n=8   full        10000 backoff_tight  ok      cost=1530 bestJT+=855 nodes=6803 correct=True
[   691s] cycle         n=8   full        10000 seeds          ok      cost=837 bestJT+=855 nodes=16570 correct=True
[   691s] cycle         n=8   full        10000 restart        ok      cost=1809 bestJT+=855 nodes=5513 correct=True
[   691s] cycle         n=8   full        10000 seeds+staged   ok      cost=837 bestJT+=855 nodes=12588 correct=True
[   691s] cycle         n=8   full        10000 seeds+restart  ok      cost=855 bestJT+=855 nodes=2487 correct=True
[   691s] cycle         n=8   full        50000 bfs            ok      cost=936 bestJT+=855 nodes=38102 correct=True
[   691s] cycle         n=8   full        50000 staged         ok      cost=936 bestJT+=855 nodes=70045 correct=True
[   691s] cycle         n=8   full        50000 backoff        ok      cost=1062 bestJT+=855 nodes=32578 correct=True
[   691s] cycle         n=8   full        50000 backoff_tight  ok      cost=1530 bestJT+=855 nodes=6803 correct=True
[   693s] cycle         n=8   full        50000 seeds          ok      cost=837 bestJT+=855 nodes=38102 correct=True
[   693s] cycle         n=8   full        50000 restart        ok      cost=1017 bestJT+=855 nodes=12287 correct=True
[   696s] cycle         n=8   full        50000 seeds+staged   ok      cost=837 bestJT+=855 nodes=38102 correct=True
[   696s] cycle         n=8   full        50000 seeds+restart  ok      cost=837 bestJT+=855 nodes=16586 correct=True
[   696s] cycle         n=8   no_reverse  10000 bfs            ok      cost=4203 bestJT+=855 nodes=10755 correct=True
[   696s] cycle         n=8   no_reverse  10000 staged         ok      cost=1053 bestJT+=855 nodes=13904 correct=True
[   696s] cycle         n=8   no_reverse  10000 backoff        ok      cost=918 bestJT+=855 nodes=16878 correct=True
[   696s] cycle         n=8   no_reverse  10000 backoff_tight  ok      cost=837 bestJT+=855 nodes=27761 correct=True
[   696s] cycle         n=8   no_reverse  10000 seeds          ok      cost=855 bestJT+=855 nodes=11869 correct=True
[   698s] cycle         n=8   no_reverse  10000 restart        ok      cost=2322 bestJT+=855 nodes=4809 correct=True
[   698s] cycle         n=8   no_reverse  10000 seeds+staged   ok      cost=837 bestJT+=855 nodes=14510 correct=True
[   698s] cycle         n=8   no_reverse  10000 seeds+restart  ok      cost=855 bestJT+=855 nodes=5171 correct=True
[   704s] cycle         n=8   no_reverse  50000 bfs            ok      cost=936 bestJT+=855 nodes=38102 correct=True
[   704s] cycle         n=8   no_reverse  50000 staged         ok      cost=918 bestJT+=855 nodes=69132 correct=True
[   704s] cycle         n=8   no_reverse  50000 backoff        ok      cost=1008 bestJT+=855 nodes=45800 correct=True
[   704s] cycle         n=8   no_reverse  50000 backoff_tight  ok      cost=837 bestJT+=855 nodes=27761 correct=True
[   711s] cycle         n=8   no_reverse  50000 seeds          ok      cost=837 bestJT+=855 nodes=38102 correct=True
[   711s] cycle         n=8   no_reverse  50000 restart        ok      cost=1476 bestJT+=855 nodes=11420 correct=True
[   711s] cycle         n=8   no_reverse  50000 seeds+staged   ok      cost=837 bestJT+=855 nodes=69196 correct=True
[   711s] cycle         n=8   no_reverse  50000 seeds+restart  ok      cost=855 bestJT+=855 nodes=11869 correct=True
[   711s] cycle         n=12  full        10000 bfs            ok      cost=754488 bestJT+=1458 nodes=20459 correct=True
[   711s] cycle         n=12  full        10000 staged         ok      cost=28377 bestJT+=1458 nodes=10743 correct=True
[   712s] cycle         n=12  full        10000 backoff        ok      cost=251127 bestJT+=1458 nodes=12754 correct=True
[   713s] cycle         n=12  full        10000 backoff_tight  ok      cost=187947 bestJT+=1458 nodes=8180 correct=True
[   714s] cycle         n=12  full        10000 seeds          ok      cost=1458 bestJT+=1458 nodes=25751 correct=True
[   717s] cycle         n=12  full        10000 restart        ok      cost=6777 bestJT+=1458 nodes=4338 correct=True
[   717s] cycle         n=12  full        10000 seeds+staged   ok      cost=1323 bestJT+=1458 nodes=18600 correct=True
[   717s] cycle         n=12  full        10000 seeds+restart  ok      cost=1458 bestJT+=1458 nodes=5160 correct=True
[   729s] cycle         n=12  full        50000 bfs            ok      cost=321624 bestJT+=1458 nodes=190521 correct=True
[   729s] cycle         n=12  full        50000 staged         ok      cost=9396 bestJT+=1458 nodes=80265 correct=True
[   729s] cycle         n=12  full        50000 backoff        ok      cost=106461 bestJT+=1458 nodes=24042 correct=True
[   729s] cycle         n=12  full        50000 backoff_tight  ok      cost=187947 bestJT+=1458 nodes=8180 correct=True
[   742s] cycle         n=12  full        50000 seeds          ok      cost=1458 bestJT+=1458 nodes=205872 correct=True
[   742s] cycle         n=12  full        50000 restart        ok      cost=5688 bestJT+=1458 nodes=23874 correct=True
[   742s] cycle         n=12  full        50000 seeds+staged   ok      cost=1323 bestJT+=1458 nodes=50678 correct=True
[   742s] cycle         n=12  full        50000 seeds+restart  ok      cost=1458 bestJT+=1458 nodes=25751 correct=True
[   742s] cycle         n=12  no_reverse  10000 bfs            ok      cost=754488 bestJT+=1458 nodes=20459 correct=True
[   742s] cycle         n=12  no_reverse  10000 staged         ok      cost=28377 bestJT+=1458 nodes=11616 correct=True
[   742s] cycle         n=12  no_reverse  10000 backoff        ok      cost=118260 bestJT+=1458 nodes=22881 correct=True
[   742s] cycle         n=12  no_reverse  10000 backoff_tight  ok      cost=65988 bestJT+=1458 nodes=19420 correct=True
[   742s] cycle         n=12  no_reverse  10000 seeds          ok      cost=1458 bestJT+=1458 nodes=21399 correct=True
[   745s] cycle         n=12  no_reverse  10000 restart        ok      cost=6903 bestJT+=1458 nodes=3076 correct=True
[   745s] cycle         n=12  no_reverse  10000 seeds+staged   ok      cost=1332 bestJT+=1458 nodes=12537 correct=True
[   745s] cycle         n=12  no_reverse  10000 seeds+restart  ok      cost=1458 bestJT+=1458 nodes=3650 correct=True
[   758s] cycle         n=12  no_reverse  50000 bfs            ok      cost=321624 bestJT+=1458 nodes=190521 correct=True
[   758s] cycle         n=12  no_reverse  50000 staged         ok      cost=9396 bestJT+=1458 nodes=80033 correct=True
[   758s] cycle         n=12  no_reverse  50000 backoff        ok      cost=20034 bestJT+=1458 nodes=69402 correct=True
[   758s] cycle         n=12  no_reverse  50000 backoff_tight  ok      cost=27108 bestJT+=1458 nodes=34709 correct=True
[   771s] cycle         n=12  no_reverse  50000 seeds          ok      cost=1458 bestJT+=1458 nodes=194547 correct=True
[   771s] cycle         n=12  no_reverse  50000 restart        ok      cost=6912 bestJT+=1458 nodes=20795 correct=True
[   771s] cycle         n=12  no_reverse  50000 seeds+staged   ok      cost=1332 bestJT+=1458 nodes=80975 correct=True
[   771s] cycle         n=12  no_reverse  50000 seeds+restart  ok      cost=1458 bestJT+=1458 nodes=21399 correct=True
[   771s] cycle         n=16  full        10000 bfs            ok      cost=61043310 bestJT+=2088 nodes=42273 correct=True
[   771s] cycle         n=16  full        10000 staged         ok      cost=6994278 bestJT+=2088 nodes=11094 correct=True
[   771s] cycle         n=16  full        10000 backoff        ok      cost=25936749 bestJT+=2088 nodes=11691 correct=True
[   771s] cycle         n=16  full        10000 backoff_tight  ok      cost=10923534 bestJT+=2088 nodes=4985 correct=True
[   775s] cycle         n=16  full        10000 seeds          ok      cost=2088 bestJT+=2088 nodes=49642 correct=True
[   780s] cycle         n=16  full        10000 restart        ok      cost=573084 bestJT+=2088 nodes=2822 correct=True
[   780s] cycle         n=16  full        10000 seeds+staged   ok      cost=1926 bestJT+=2088 nodes=10502 correct=True
[   780s] cycle         n=16  full        10000 seeds+restart  ok      cost=2088 bestJT+=2088 nodes=2982 correct=True
[   868s] cycle         n=16  full        50000 bfs            ok      cost=25942446 bestJT+=2088 nodes=1055897 correct=True
[   868s] cycle         n=16  full        50000 staged         ok      cost=410166 bestJT+=2088 nodes=113998 correct=True
[   868s] cycle         n=16  full        50000 backoff        ok      cost=3545784 bestJT+=2088 nodes=72428 correct=True
[   868s] cycle         n=16  full        50000 backoff_tight  ok      cost=10923534 bestJT+=2088 nodes=4985 correct=True
[   939s] cycle         n=16  full        50000 seeds          ok      cost=2088 bestJT+=2088 nodes=1073686 correct=True
[   939s] cycle         n=16  full        50000 restart        ok      cost=14238 bestJT+=2088 nodes=49524 correct=True
[   939s] cycle         n=16  full        50000 seeds+staged   ok      cost=1926 bestJT+=2088 nodes=72593 correct=True
[   939s] cycle         n=16  full        50000 seeds+restart  ok      cost=2088 bestJT+=2088 nodes=49642 correct=True
[   939s] cycle         n=16  no_reverse  10000 bfs            ok      cost=61043310 bestJT+=2088 nodes=42273 correct=True
[   939s] cycle         n=16  no_reverse  10000 staged         ok      cost=2225133 bestJT+=2088 nodes=19511 correct=True
[   939s] cycle         n=16  no_reverse  10000 backoff        ok      cost=25936749 bestJT+=2088 nodes=11691 correct=True
[   939s] cycle         n=16  no_reverse  10000 backoff_tight  ok      cost=4383918 bestJT+=2088 nodes=12257 correct=True
[   939s] cycle         n=16  no_reverse  10000 seeds          ok      cost=2088 bestJT+=2088 nodes=43497 correct=True
[   939s] cycle         n=16  no_reverse  10000 restart        ok      cost=23119245 bestJT+=2088 nodes=2289 correct=True
[   939s] cycle         n=16  no_reverse  10000 seeds+staged   ok      cost=1926 bestJT+=2088 nodes=10797 correct=True
[   939s] cycle         n=16  no_reverse  10000 seeds+restart  ok      cost=2088 bestJT+=2088 nodes=2364 correct=True
[   959s] cycle         n=16  no_reverse  50000 bfs            ok      cost=25942446 bestJT+=2088 nodes=1055897 correct=True
[   959s] cycle         n=16  no_reverse  50000 staged         ok      cost=410166 bestJT+=2088 nodes=115301 correct=True
[   959s] cycle         n=16  no_reverse  50000 backoff        ok      cost=4169376 bestJT+=2088 nodes=71393 correct=True
[   959s] cycle         n=16  no_reverse  50000 backoff_tight  ok      cost=1718991 bestJT+=2088 nodes=30341 correct=True
[  1046s] cycle         n=16  no_reverse  50000 seeds          ok      cost=2088 bestJT+=2088 nodes=1058532 correct=True
[  1046s] cycle         n=16  no_reverse  50000 restart        ok      cost=14103 bestJT+=2088 nodes=42955 correct=True
[  1046s] cycle         n=16  no_reverse  50000 seeds+staged   ok      cost=1926 bestJT+=2088 nodes=116575 correct=True
[  1046s] cycle         n=16  no_reverse  50000 seeds+restart  ok      cost=2088 bestJT+=2088 nodes=43497 correct=True
[  1046s] grid2         n=6   full        10000 bfs            ok      cost=639 bestJT+=567 nodes=5725 correct=True
[  1046s] grid2         n=6   full        10000 staged         ok      cost=540 bestJT+=567 nodes=5725 correct=True
[  1046s] grid2         n=6   full        10000 backoff        ok      cost=639 bestJT+=567 nodes=11005 correct=True
[  1046s] grid2         n=6   full        10000 backoff_tight  ok      cost=675 bestJT+=567 nodes=5745 correct=True
[  1046s] grid2         n=6   full        10000 seeds          ok      cost=531 bestJT+=567 nodes=5725 correct=True
[  1046s] grid2         n=6   full        10000 restart        ok      cost=603 bestJT+=567 nodes=2541 correct=True
[  1046s] grid2         n=6   full        10000 seeds+staged   ok      cost=531 bestJT+=567 nodes=5725 correct=True
[  1046s] grid2         n=6   full        10000 seeds+restart  ok      cost=549 bestJT+=567 nodes=3760 correct=True
[  1046s] grid2         n=6   full        50000 bfs            ok      cost=639 bestJT+=567 nodes=5725 correct=True
[  1046s] grid2         n=6   full        50000 staged         ok      cost=540 bestJT+=567 nodes=5725 correct=True
[  1046s] grid2         n=6   full        50000 backoff        ok      cost=639 bestJT+=567 nodes=11005 correct=True
[  1046s] grid2         n=6   full        50000 backoff_tight  ok      cost=675 bestJT+=567 nodes=5745 correct=True
[  1046s] grid2         n=6   full        50000 seeds          ok      cost=531 bestJT+=567 nodes=5725 correct=True
[  1046s] grid2         n=6   full        50000 restart        ok      cost=639 bestJT+=567 nodes=5725 correct=True
[  1046s] grid2         n=6   full        50000 seeds+staged   ok      cost=531 bestJT+=567 nodes=5725 correct=True
[  1046s] grid2         n=6   full        50000 seeds+restart  ok      cost=531 bestJT+=567 nodes=5725 correct=True
[  1046s] grid2         n=6   no_reverse  10000 bfs            ok      cost=639 bestJT+=567 nodes=5725 correct=True
[  1046s] grid2         n=6   no_reverse  10000 staged         ok      cost=522 bestJT+=567 nodes=5725 correct=True
[  1046s] grid2         n=6   no_reverse  10000 backoff        ok      cost=576 bestJT+=567 nodes=11623 correct=True
[  1046s] grid2         n=6   no_reverse  10000 backoff_tight  ok      cost=531 bestJT+=567 nodes=8085 correct=True
[  1046s] grid2         n=6   no_reverse  10000 seeds          ok      cost=531 bestJT+=567 nodes=5725 correct=True
[  1046s] grid2         n=6   no_reverse  10000 restart        ok      cost=765 bestJT+=567 nodes=2069 correct=True
[  1046s] grid2         n=6   no_reverse  10000 seeds+staged   ok      cost=531 bestJT+=567 nodes=5725 correct=True
[  1046s] grid2         n=6   no_reverse  10000 seeds+restart  ok      cost=549 bestJT+=567 nodes=2624 correct=True
[  1046s] grid2         n=6   no_reverse  50000 bfs            ok      cost=639 bestJT+=567 nodes=5725 correct=True
[  1046s] grid2         n=6   no_reverse  50000 staged         ok      cost=522 bestJT+=567 nodes=5725 correct=True
[  1046s] grid2         n=6   no_reverse  50000 backoff        ok      cost=576 bestJT+=567 nodes=11623 correct=True
[  1046s] grid2         n=6   no_reverse  50000 backoff_tight  ok      cost=531 bestJT+=567 nodes=8085 correct=True
[  1046s] grid2         n=6   no_reverse  50000 seeds          ok      cost=531 bestJT+=567 nodes=5725 correct=True
[  1046s] grid2         n=6   no_reverse  50000 restart        ok      cost=639 bestJT+=567 nodes=5725 correct=True
[  1046s] grid2         n=6   no_reverse  50000 seeds+staged   ok      cost=531 bestJT+=567 nodes=5725 correct=True
[  1046s] grid2         n=6   no_reverse  50000 seeds+restart  ok      cost=531 bestJT+=567 nodes=5725 correct=True
[  1046s] grid2         n=8   full        10000 bfs            ok      cost=5715 bestJT+=936 nodes=46136 correct=True
[  1046s] grid2         n=8   full        10000 staged         ok      cost=6444 bestJT+=936 nodes=15070 correct=True
[  1046s] grid2         n=8   full        10000 backoff        ok      cost=1935 bestJT+=936 nodes=23712 correct=True
[  1046s] grid2         n=8   full        10000 backoff_tight  ok      cost=3420 bestJT+=936 nodes=4652 correct=True
[  1046s] grid2         n=8   full        10000 seeds          ok      cost=936 bestJT+=936 nodes=13581 correct=True
[  1046s] grid2         n=8   full        10000 restart        ok      cost=2187 bestJT+=936 nodes=2105 correct=True
[  1046s] grid2         n=8   full        10000 seeds+staged   ok      cost=801 bestJT+=936 nodes=15441 correct=True
[  1046s] grid2         n=8   full        10000 seeds+restart  ok      cost=936 bestJT+=936 nodes=2973 correct=True
[  1046s] grid2         n=8   full        50000 bfs            ok      cost=2799 bestJT+=936 nodes=86191 correct=True
[  1046s] grid2         n=8   full        50000 staged         ok      cost=2259 bestJT+=936 nodes=58555 correct=True
[  1046s] grid2         n=8   full        50000 backoff        ok      cost=1710 bestJT+=936 nodes=50844 correct=True
[  1046s] grid2         n=8   full        50000 backoff_tight  ok      cost=3420 bestJT+=936 nodes=4652 correct=True
[  1046s] grid2         n=8   full        50000 seeds          ok      cost=936 bestJT+=936 nodes=56556 correct=True
[  1046s] grid2         n=8   full        50000 restart        ok      cost=1143 bestJT+=936 nodes=11131 correct=True
[  1046s] grid2         n=8   full        50000 seeds+staged   ok      cost=801 bestJT+=936 nodes=67854 correct=True
[  1046s] grid2         n=8   full        50000 seeds+restart  ok      cost=936 bestJT+=936 nodes=13581 correct=True
[  1046s] grid2         n=8   no_reverse  10000 bfs            ok      cost=5715 bestJT+=936 nodes=46136 correct=True
[  1046s] grid2         n=8   no_reverse  10000 staged         ok      cost=6444 bestJT+=936 nodes=15070 correct=True
[  1046s] grid2         n=8   no_reverse  10000 backoff        ok      cost=1791 bestJT+=936 nodes=23296 correct=True
[  1046s] grid2         n=8   no_reverse  10000 backoff_tight  ok      cost=3420 bestJT+=936 nodes=4458 correct=True
[  1046s] grid2         n=8   no_reverse  10000 seeds          ok      cost=936 bestJT+=936 nodes=10886 correct=True
[  1046s] grid2         n=8   no_reverse  10000 restart        ok      cost=2700 bestJT+=936 nodes=10025 correct=True
[  1046s] grid2         n=8   no_reverse  10000 seeds+staged   ok      cost=810 bestJT+=936 nodes=16323 correct=True
[  1046s] grid2         n=8   no_reverse  10000 seeds+restart  ok      cost=936 bestJT+=936 nodes=2454 correct=True
[  1046s] grid2         n=8   no_reverse  50000 bfs            ok      cost=2799 bestJT+=936 nodes=86255 correct=True
[  1046s] grid2         n=8   no_reverse  50000 staged         ok      cost=2169 bestJT+=936 nodes=58553 correct=True
[  1046s] grid2         n=8   no_reverse  50000 backoff        ok      cost=1980 bestJT+=936 nodes=55638 correct=True
[  1046s] grid2         n=8   no_reverse  50000 backoff_tight  ok      cost=3420 bestJT+=936 nodes=4458 correct=True
[  1047s] grid2         n=8   no_reverse  50000 seeds          ok      cost=936 bestJT+=936 nodes=87901 correct=True
[  1047s] grid2         n=8   no_reverse  50000 restart        ok      cost=2268 bestJT+=936 nodes=10025 correct=True
[  1052s] grid2         n=8   no_reverse  50000 seeds+staged   ok      cost=810 bestJT+=936 nodes=59758 correct=True
[  1052s] grid2         n=8   no_reverse  50000 seeds+restart  ok      cost=936 bestJT+=936 nodes=10886 correct=True
[  1052s] grid2         n=12  full        10000 bfs            ok      cost=1643463 bestJT+=1674 nodes=37516 correct=True
[  1052s] grid2         n=12  full        10000 staged         ok      cost=459675 bestJT+=1674 nodes=10891 correct=True
[  1052s] grid2         n=12  full        10000 backoff        ok      cost=278559 bestJT+=1674 nodes=24278 correct=True
[  1052s] grid2         n=12  full        10000 backoff_tight  ok      cost=294084 bestJT+=1674 nodes=20624 correct=True
[  1055s] grid2         n=12  full        10000 seeds          ok      cost=1674 bestJT+=1674 nodes=44360 correct=True
[  1058s] grid2         n=12  full        10000 restart        ok      cost=20250 bestJT+=1674 nodes=6005 correct=True
[  1058s] grid2         n=12  full        10000 seeds+staged   ok      cost=1386 bestJT+=1674 nodes=18327 correct=True
[  1059s] grid2         n=12  full        10000 seeds+restart  ok      cost=1674 bestJT+=1674 nodes=3022 correct=True
[  1151s] grid2         n=12  full        50000 bfs            ok      cost=771444 bestJT+=1674 nodes=1032798 correct=True
[  1151s] grid2         n=12  full        50000 staged         ok      cost=437751 bestJT+=1674 nodes=50077 correct=True
[  1151s] grid2         n=12  full        50000 backoff        ok      cost=278559 bestJT+=1674 nodes=24322 correct=True
[  1151s] grid2         n=12  full        50000 backoff_tight  ok      cost=294084 bestJT+=1674 nodes=20609 correct=True
[  1224s] grid2         n=12  full        50000 seeds          ok      cost=1674 bestJT+=1674 nodes=1053652 correct=True
[  1224s] grid2         n=12  full        50000 restart        ok      cost=23337 bestJT+=1674 nodes=43495 correct=True
[  1224s] grid2         n=12  full        50000 seeds+staged   ok      cost=1386 bestJT+=1674 nodes=50323 correct=True
[  1224s] grid2         n=12  full        50000 seeds+restart  ok      cost=1674 bestJT+=1674 nodes=44360 correct=True
[  1224s] grid2         n=12  no_reverse  10000 bfs            ok      cost=1643463 bestJT+=1674 nodes=37516 correct=True
[  1224s] grid2         n=12  no_reverse  10000 staged         ok      cost=459675 bestJT+=1674 nodes=10891 correct=True
[  1224s] grid2         n=12  no_reverse  10000 backoff        ok      cost=416259 bestJT+=1674 nodes=14978 correct=True
[  1224s] grid2         n=12  no_reverse  10000 backoff_tight  ok      cost=605286 bestJT+=1674 nodes=12841 correct=True
[  1224s] grid2         n=12  no_reverse  10000 seeds          ok      cost=1674 bestJT+=1674 nodes=40212 correct=True
[  1224s] grid2         n=12  no_reverse  10000 restart        ok      cost=18846 bestJT+=1674 nodes=4367 correct=True
[  1224s] grid2         n=12  no_reverse  10000 seeds+staged   ok      cost=1368 bestJT+=1674 nodes=10477 correct=True
[  1224s] grid2         n=12  no_reverse  10000 seeds+restart  ok      cost=1674 bestJT+=1674 nodes=2645 correct=True
[  1237s] grid2         n=12  no_reverse  50000 bfs            ok      cost=771444 bestJT+=1674 nodes=1032798 correct=True
[  1237s] grid2         n=12  no_reverse  50000 staged         ok      cost=437751 bestJT+=1674 nodes=50077 correct=True
[  1237s] grid2         n=12  no_reverse  50000 backoff        ok      cost=89154 bestJT+=1674 nodes=98654 correct=True
[  1237s] grid2         n=12  no_reverse  50000 backoff_tight  ok      cost=306126 bestJT+=1674 nodes=11917 correct=True
[  1348s] grid2         n=12  no_reverse  50000 seeds          ok      cost=1674 bestJT+=1674 nodes=1035656 correct=True
[  1348s] grid2         n=12  no_reverse  50000 restart        ok      cost=23193 bestJT+=1674 nodes=38606 correct=True
[  1348s] grid2         n=12  no_reverse  50000 seeds+staged   ok      cost=1368 bestJT+=1674 nodes=53178 correct=True
[  1348s] grid2         n=12  no_reverse  50000 seeds+restart  ok      cost=1674 bestJT+=1674 nodes=40212 correct=True
[  1348s] grid2         n=16  full        10000 bfs            ok      cost=139185198 bestJT+=2412 nodes=68526 correct=True
[  1348s] grid2         n=16  full        10000 staged         ok      cost=120221127 bestJT+=2412 nodes=10049 correct=True
[  1348s] grid2         n=16  full        10000 backoff        ok      cost=48762549 bestJT+=2412 nodes=24717 correct=True
[  1348s] grid2         n=16  full        10000 backoff_tight  ok      cost=110547189 bestJT+=2412 nodes=9309 correct=True
[  1348s] grid2         n=16  full        10000 seeds          ok      cost=2250 bestJT+=2412 nodes=10602 correct=True
[  1348s] grid2         n=16  full        10000 restart        ok      cost=83663289 bestJT+=2412 nodes=3028 correct=True
[  1348s] grid2         n=16  full        10000 seeds+staged   ok      cost=1962 bestJT+=2412 nodes=18202 correct=True
[  1348s] grid2         n=16  full        10000 seeds+restart  ok      cost=2412 bestJT+=2412 nodes=2585 correct=True
[  1348s] grid2         n=16  full        50000 bfs            ok      cost=139185198 bestJT+=2412 nodes=68526 correct=True
[  1348s] grid2         n=16  full        50000 staged         ok      cost=21589290 bestJT+=2412 nodes=89260 correct=True
[  1348s] grid2         n=16  full        50000 backoff        ok      cost=25556994 bestJT+=2412 nodes=37787 correct=True
[  1348s] grid2         n=16  full        50000 backoff_tight  ok      cost=110547189 bestJT+=2412 nodes=9309 correct=True
[  1348s] grid2         n=16  full        50000 seeds          ok      cost=2250 bestJT+=2412 nodes=80639 correct=True
[  1348s] grid2         n=16  full        50000 restart        ok      cost=1103256 bestJT+=2412 nodes=11027 correct=True
[  1348s] grid2         n=16  full        50000 seeds+staged   ok      cost=1935 bestJT+=2412 nodes=88319 correct=True
[  1348s] grid2         n=16  full        50000 seeds+restart  ok      cost=2250 bestJT+=2412 nodes=10602 correct=True
[  1348s] grid2         n=16  no_reverse  10000 bfs            ok      cost=139185198 bestJT+=2412 nodes=68526 correct=True
[  1348s] grid2         n=16  no_reverse  10000 staged         ok      cost=120221127 bestJT+=2412 nodes=10049 correct=True
[  1348s] grid2         n=16  no_reverse  10000 backoff        ok      cost=45055638 bestJT+=2412 nodes=22248 correct=True
[  1348s] grid2         n=16  no_reverse  10000 backoff_tight  ok      cost=83112732 bestJT+=2412 nodes=21727 correct=True
[  1348s] grid2         n=16  no_reverse  10000 seeds          ok      cost=2412 bestJT+=2412 nodes=11193 correct=True
[  1348s] grid2         n=16  no_reverse  10000 restart        ok      cost=204993729 bestJT+=2412 nodes=2625 correct=True
[  1348s] grid2         n=16  no_reverse  10000 seeds+staged   ok      cost=1926 bestJT+=2412 nodes=16313 correct=True
[  1351s] grid2         n=16  no_reverse  10000 seeds+restart  ok      cost=2412 bestJT+=2412 nodes=2377 correct=True
[  1353s] grid2         n=16  no_reverse  50000 bfs            ok      cost=139185198 bestJT+=2412 nodes=68526 correct=True
[  1359s] grid2         n=16  no_reverse  50000 staged         ok      cost=21589290 bestJT+=2412 nodes=90782 correct=True
[  1368s] grid2         n=16  no_reverse  50000 backoff        ok      cost=12925638 bestJT+=2412 nodes=113282 correct=True
[  1368s] grid2         n=16  no_reverse  50000 backoff_tight  ok      cost=35659044 bestJT+=2412 nodes=40075 correct=True
[  1375s] grid2         n=16  no_reverse  50000 seeds          ok      cost=2412 bestJT+=2412 nodes=74143 correct=True
[  1421s] grid2         n=16  no_reverse  50000 restart        ok      cost=164718 bestJT+=2412 nodes=71267 correct=True
[  1421s] grid2         n=16  no_reverse  50000 seeds+staged   ok      cost=1926 bestJT+=2412 nodes=97016 correct=True
[  1421s] grid2         n=16  no_reverse  50000 seeds+restart  ok      cost=2412 bestJT+=2412 nodes=11193 correct=True
[  1421s] grid3         n=6   full        10000 bfs            ok      cost=576 bestJT+=567 nodes=5725 correct=True
[  1421s] grid3         n=6   full        10000 staged         ok      cost=585 bestJT+=567 nodes=5725 correct=True
[  1421s] grid3         n=6   full        10000 backoff        ok      cost=558 bestJT+=567 nodes=6519 correct=True
[  1421s] grid3         n=6   full        10000 backoff_tight  ok      cost=594 bestJT+=567 nodes=5867 correct=True
[  1421s] grid3         n=6   full        10000 seeds          ok      cost=531 bestJT+=567 nodes=5725 correct=True
[  1421s] grid3         n=6   full        10000 restart        ok      cost=585 bestJT+=567 nodes=2507 correct=True
[  1421s] grid3         n=6   full        10000 seeds+staged   ok      cost=522 bestJT+=567 nodes=5725 correct=True
[  1421s] grid3         n=6   full        10000 seeds+restart  ok      cost=567 bestJT+=567 nodes=3519 correct=True
[  1421s] grid3         n=6   full        50000 bfs            ok      cost=576 bestJT+=567 nodes=5725 correct=True
[  1421s] grid3         n=6   full        50000 staged         ok      cost=585 bestJT+=567 nodes=5725 correct=True
[  1421s] grid3         n=6   full        50000 backoff        ok      cost=558 bestJT+=567 nodes=6519 correct=True
[  1421s] grid3         n=6   full        50000 backoff_tight  ok      cost=594 bestJT+=567 nodes=5867 correct=True
[  1421s] grid3         n=6   full        50000 seeds          ok      cost=531 bestJT+=567 nodes=5725 correct=True
[  1421s] grid3         n=6   full        50000 restart        ok      cost=576 bestJT+=567 nodes=5725 correct=True
[  1421s] grid3         n=6   full        50000 seeds+staged   ok      cost=522 bestJT+=567 nodes=5725 correct=True
[  1421s] grid3         n=6   full        50000 seeds+restart  ok      cost=531 bestJT+=567 nodes=5725 correct=True
[  1421s] grid3         n=6   no_reverse  10000 bfs            ok      cost=576 bestJT+=567 nodes=5725 correct=True
[  1421s] grid3         n=6   no_reverse  10000 staged         ok      cost=630 bestJT+=567 nodes=5725 correct=True
[  1421s] grid3         n=6   no_reverse  10000 backoff        ok      cost=558 bestJT+=567 nodes=5735 correct=True
[  1421s] grid3         n=6   no_reverse  10000 backoff_tight  ok      cost=594 bestJT+=567 nodes=5867 correct=True
[  1421s] grid3         n=6   no_reverse  10000 seeds          ok      cost=531 bestJT+=567 nodes=5725 correct=True
[  1421s] grid3         n=6   no_reverse  10000 restart        ok      cost=648 bestJT+=567 nodes=2082 correct=True
[  1421s] grid3         n=6   no_reverse  10000 seeds+staged   ok      cost=531 bestJT+=567 nodes=5725 correct=True
[  1421s] grid3         n=6   no_reverse  10000 seeds+restart  ok      cost=567 bestJT+=567 nodes=2519 correct=True
[  1421s] grid3         n=6   no_reverse  50000 bfs            ok      cost=576 bestJT+=567 nodes=5725 correct=True
[  1421s] grid3         n=6   no_reverse  50000 staged         ok      cost=630 bestJT+=567 nodes=5725 correct=True
[  1421s] grid3         n=6   no_reverse  50000 backoff        ok      cost=558 bestJT+=567 nodes=5735 correct=True
[  1421s] grid3         n=6   no_reverse  50000 backoff_tight  ok      cost=594 bestJT+=567 nodes=5867 correct=True
[  1421s] grid3         n=6   no_reverse  50000 seeds          ok      cost=531 bestJT+=567 nodes=5725 correct=True
[  1421s] grid3         n=6   no_reverse  50000 restart        ok      cost=576 bestJT+=567 nodes=5725 correct=True
[  1421s] grid3         n=6   no_reverse  50000 seeds+staged   ok      cost=531 bestJT+=567 nodes=5725 correct=True
[  1421s] grid3         n=6   no_reverse  50000 seeds+restart  ok      cost=531 bestJT+=567 nodes=5725 correct=True
[  1421s] grid3         n=9   full        10000 bfs            ok      cost=34830 bestJT+=2133 nodes=17879 correct=True
[  1421s] grid3         n=9   full        10000 staged         ok      cost=10665 bestJT+=2133 nodes=26148 correct=True
[  1421s] grid3         n=9   full        10000 backoff        ok      cost=4239 bestJT+=2133 nodes=17231 correct=True
[  1421s] grid3         n=9   full        10000 backoff_tight  ok      cost=9585 bestJT+=2133 nodes=7937 correct=True
[  1421s] grid3         n=9   full        10000 seeds          ok      cost=1998 bestJT+=2133 nodes=25563 correct=True
[  1421s] grid3         n=9   full        10000 restart        ok      cost=6399 bestJT+=2133 nodes=3275 correct=True
[  1421s] grid3         n=9   full        10000 seeds+staged   ok      cost=1899 bestJT+=2133 nodes=17774 correct=True
[  1421s] grid3         n=9   full        10000 seeds+restart  ok      cost=1917 bestJT+=2133 nodes=5236 correct=True
[  1427s] grid3         n=9   full        50000 bfs            ok      cost=24192 bestJT+=2133 nodes=176943 correct=True
[  1427s] grid3         n=9   full        50000 staged         ok      cost=4347 bestJT+=2133 nodes=69367 correct=True
[  1427s] grid3         n=9   full        50000 backoff        ok      cost=2700 bestJT+=2133 nodes=34361 correct=True
[  1427s] grid3         n=9   full        50000 backoff_tight  ok      cost=9585 bestJT+=2133 nodes=7937 correct=True
[  1440s] grid3         n=9   full        50000 seeds          ok      cost=1998 bestJT+=2133 nodes=199920 correct=True
[  1440s] grid3         n=9   full        50000 restart        ok      cost=3726 bestJT+=2133 nodes=21084 correct=True
[  1441s] grid3         n=9   full        50000 seeds+staged   ok      cost=1980 bestJT+=2133 nodes=135466 correct=True
[  1441s] grid3         n=9   full        50000 seeds+restart  ok      cost=1998 bestJT+=2133 nodes=25571 correct=True
[  1441s] grid3         n=9   no_reverse  10000 bfs            ok      cost=34830 bestJT+=2133 nodes=17879 correct=True
[  1441s] grid3         n=9   no_reverse  10000 staged         ok      cost=10665 bestJT+=2133 nodes=26148 correct=True
[  1441s] grid3         n=9   no_reverse  10000 backoff        ok      cost=4239 bestJT+=2133 nodes=17231 correct=True
[  1441s] grid3         n=9   no_reverse  10000 backoff_tight  ok      cost=10962 bestJT+=2133 nodes=13567 correct=True
[  1441s] grid3         n=9   no_reverse  10000 seeds          ok      cost=1998 bestJT+=2133 nodes=20750 correct=True
[  1443s] grid3         n=9   no_reverse  10000 restart        ok      cost=6588 bestJT+=2133 nodes=2919 correct=True
[  1444s] grid3         n=9   no_reverse  10000 seeds+staged   ok      cost=1980 bestJT+=2133 nodes=29363 correct=True
[  1444s] grid3         n=9   no_reverse  10000 seeds+restart  ok      cost=1917 bestJT+=2133 nodes=4217 correct=True
[  1457s] grid3         n=9   no_reverse  50000 bfs            ok      cost=24192 bestJT+=2133 nodes=176943 correct=True
[  1457s] grid3         n=9   no_reverse  50000 staged         ok      cost=4347 bestJT+=2133 nodes=69317 correct=True
[  1457s] grid3         n=9   no_reverse  50000 backoff        ok      cost=2520 bestJT+=2133 nodes=41456 correct=True
[  1457s] grid3         n=9   no_reverse  50000 backoff_tight  ok      cost=6723 bestJT+=2133 nodes=11466 correct=True
[  1467s] grid3         n=9   no_reverse  50000 seeds          ok      cost=1998 bestJT+=2133 nodes=180097 correct=True
[  1467s] grid3         n=9   no_reverse  50000 restart        ok      cost=5112 bestJT+=2133 nodes=18453 correct=True
[  1467s] grid3         n=9   no_reverse  50000 seeds+staged   ok      cost=1980 bestJT+=2133 nodes=72474 correct=True
[  1467s] grid3         n=9   no_reverse  50000 seeds+restart  ok      cost=1998 bestJT+=2133 nodes=20758 correct=True
[  1467s] grid3         n=12  full        10000 bfs            ok      cost=1371168 bestJT+=3402 nodes=41901 correct=True
[  1467s] grid3         n=12  full        10000 staged         ok      cost=444582 bestJT+=3402 nodes=12628 correct=True
[  1468s] grid3         n=12  full        10000 backoff        ok      cost=343035 bestJT+=3402 nodes=20794 correct=True
[  1468s] grid3         n=12  full        10000 backoff_tight  ok      cost=266517 bestJT+=3402 nodes=22680 correct=True
[  1472s] grid3         n=12  full        10000 seeds          ok      cost=3105 bestJT+=3402 nodes=56879 correct=True
[  1474s] grid3         n=12  full        10000 restart        ok      cost=63612 bestJT+=3402 nodes=6499 correct=True
[  1474s] grid3         n=12  full        10000 seeds+staged   ok      cost=3294 bestJT+=3402 nodes=10093 correct=True
[  1475s] grid3         n=12  full        10000 seeds+restart  ok      cost=3348 bestJT+=3402 nodes=3333 correct=True
[  1593s] grid3         n=12  full        50000 bfs            ok      cost=661797 bestJT+=3402 nodes=1378738 correct=True
[  1593s] grid3         n=12  full        50000 staged         ok      cost=305586 bestJT+=3402 nodes=53687 correct=True
[  1593s] grid3         n=12  full        50000 backoff        ok      cost=107460 bestJT+=3402 nodes=31553 correct=True
[  1593s] grid3         n=12  full        50000 backoff_tight  ok      cost=266517 bestJT+=3402 nodes=22712 correct=True
[  1593s] grid3         n=12  full        50000 seeds          ok      cost=3105 bestJT+=3402 nodes=56879 correct=True
[  1593s] grid3         n=12  full        50000 restart        ok      cost=47331 bestJT+=3402 nodes=49270 correct=True
[  1593s] grid3         n=12  full        50000 seeds+staged   ok      cost=3069 bestJT+=3402 nodes=66460 correct=True
[  1593s] grid3         n=12  full        50000 seeds+restart  ok      cost=3105 bestJT+=3402 nodes=56893 correct=True
[  1593s] grid3         n=12  no_reverse  10000 bfs            ok      cost=1371168 bestJT+=3402 nodes=41901 correct=True
[  1593s] grid3         n=12  no_reverse  10000 staged         ok      cost=444582 bestJT+=3402 nodes=12628 correct=True
[  1593s] grid3         n=12  no_reverse  10000 backoff        ok      cost=572346 bestJT+=3402 nodes=13675 correct=True
[  1593s] grid3         n=12  no_reverse  10000 backoff_tight  ok      cost=629424 bestJT+=3402 nodes=19613 correct=True
[  1593s] grid3         n=12  no_reverse  10000 seeds          ok      cost=3078 bestJT+=3402 nodes=49667 correct=True
[  1593s] grid3         n=12  no_reverse  10000 restart        ok      cost=54198 bestJT+=3402 nodes=5717 correct=True
[  1593s] grid3         n=12  no_reverse  10000 seeds+staged   ok      cost=3024 bestJT+=3402 nodes=10389 correct=True
[  1593s] grid3         n=12  no_reverse  10000 seeds+restart  ok      cost=3348 bestJT+=3402 nodes=3020 correct=True
[  1641s] grid3         n=12  no_reverse  50000 bfs            ok      cost=661797 bestJT+=3402 nodes=1378738 correct=True
[  1641s] grid3         n=12  no_reverse  50000 staged         ok      cost=305586 bestJT+=3402 nodes=53687 correct=True
[  1641s] grid3         n=12  no_reverse  50000 backoff        ok      cost=91206 bestJT+=3402 nodes=146494 correct=True
[  1641s] grid3         n=12  no_reverse  50000 backoff_tight  ok      cost=318033 bestJT+=3402 nodes=15128 correct=True
[  1716s] grid3         n=12  no_reverse  50000 seeds          ok      cost=3213 bestJT+=3402 nodes=1388039 correct=True
[  1716s] grid3         n=12  no_reverse  50000 restart        ok      cost=47520 bestJT+=3402 nodes=43808 correct=True
[  1716s] grid3         n=12  no_reverse  50000 seeds+staged   ok      cost=3024 bestJT+=3402 nodes=63121 correct=True
[  1716s] grid3         n=12  no_reverse  50000 seeds+restart  ok      cost=3078 bestJT+=3402 nodes=49681 correct=True
[  1716s] grid3         n=15  full        10000 bfs            ok      cost=44259291 bestJT+=4752 nodes=67220 correct=True
[  1716s] grid3         n=15  full        10000 staged         ok      cost=15935049 bestJT+=4752 nodes=10513 correct=True
[  1716s] grid3         n=15  full        10000 backoff        ok      cost=8588187 bestJT+=4752 nodes=19493 correct=True
[  1716s] grid3         n=15  full        10000 backoff_tight  ok      cost=14975496 bestJT+=4752 nodes=8336 correct=True
[  1716s] grid3         n=15  full        10000 seeds          ok      cost=4563 bestJT+=4752 nodes=15658 correct=True
[  1716s] grid3         n=15  full        10000 restart        ok      cost=49067829 bestJT+=4752 nodes=2498 correct=True
[  1716s] grid3         n=15  full        10000 seeds+staged   ok      cost=4257 bestJT+=4752 nodes=16483 correct=True
[  1716s] grid3         n=15  full        10000 seeds+restart  ok      cost=4644 bestJT+=4752 nodes=2374 correct=True
[  1716s] grid3         n=15  full        50000 bfs            ok      cost=44259291 bestJT+=4752 nodes=67220 correct=True
[  1716s] grid3         n=15  full        50000 staged         ok      cost=5730615 bestJT+=4752 nodes=68264 correct=True
[  1716s] grid3         n=15  full        50000 backoff        ok      cost=6324210 bestJT+=4752 nodes=44317 correct=True
[  1716s] grid3         n=15  full        50000 backoff_tight  ok      cost=14975496 bestJT+=4752 nodes=8336 correct=True
[  1716s] grid3         n=15  full        50000 seeds          ok      cost=4617 bestJT+=4752 nodes=92274 correct=True
[  1716s] grid3         n=15  full        50000 restart        ok      cost=590436 bestJT+=4752 nodes=10650 correct=True
[  1716s] grid3         n=15  full        50000 seeds+staged   ok      cost=4311 bestJT+=4752 nodes=52821 correct=True
[  1716s] grid3         n=15  full        50000 seeds+restart  ok      cost=4563 bestJT+=4752 nodes=15673 correct=True
[  1716s] grid3         n=15  no_reverse  10000 bfs            ok      cost=44259291 bestJT+=4752 nodes=67220 correct=True
[  1716s] grid3         n=15  no_reverse  10000 staged         ok      cost=9478350 bestJT+=4752 nodes=15712 correct=True
[  1716s] grid3         n=15  no_reverse  10000 backoff        ok      cost=7288596 bestJT+=4752 nodes=34419 correct=True
[  1716s] grid3         n=15  no_reverse  10000 backoff_tight  ok      cost=17039052 bestJT+=4752 nodes=23362 correct=True
[  1716s] grid3         n=15  no_reverse  10000 seeds          ok      cost=4563 bestJT+=4752 nodes=13003 correct=True
[  1716s] grid3         n=15  no_reverse  10000 restart        ok      cost=49067829 bestJT+=4752 nodes=2495 correct=True
[  1716s] grid3         n=15  no_reverse  10000 seeds+staged   ok      cost=4122 bestJT+=4752 nodes=17867 correct=True
[  1716s] grid3         n=15  no_reverse  10000 seeds+restart  ok      cost=4644 bestJT+=4752 nodes=2260 correct=True
[  1716s] grid3         n=15  no_reverse  50000 bfs            ok      cost=44259291 bestJT+=4752 nodes=67220 correct=True
[  1716s] grid3         n=15  no_reverse  50000 staged         ok      cost=5730615 bestJT+=4752 nodes=69830 correct=True
[  1716s] grid3         n=15  no_reverse  50000 backoff        ok      cost=2968083 bestJT+=4752 nodes=72072 correct=True
[  1718s] grid3         n=15  no_reverse  50000 backoff_tight  ok      cost=16651683 bestJT+=4752 nodes=23479 correct=True
[  1728s] grid3         n=15  no_reverse  50000 seeds          ok      cost=4563 bestJT+=4752 nodes=78567 correct=True
[  1774s] grid3         n=15  no_reverse  50000 restart        ok      cost=139932 bestJT+=4752 nodes=68862 correct=True
[  1774s] grid3         n=15  no_reverse  50000 seeds+staged   ok      cost=4122 bestJT+=4752 nodes=80376 correct=True
[  1774s] grid3         n=15  no_reverse  50000 seeds+restart  ok      cost=4563 bestJT+=4752 nodes=13003 correct=True
[  1774s] random_sparse n=6   full        10000 bfs            ok      cost=393 bestJT+=432 nodes=3582 correct=True
[  1774s] random_sparse n=6   full        10000 staged         ok      cost=366 bestJT+=432 nodes=3582 correct=True
[  1774s] random_sparse n=6   full        10000 backoff        ok      cost=456 bestJT+=432 nodes=3582 correct=True
[  1774s] random_sparse n=6   full        10000 backoff_tight  ok      cost=420 bestJT+=432 nodes=4739 correct=True
[  1774s] random_sparse n=6   full        10000 seeds          ok      cost=366 bestJT+=432 nodes=3582 correct=True
[  1774s] random_sparse n=6   full        10000 restart        ok      cost=411 bestJT+=432 nodes=2496 correct=True
[  1774s] random_sparse n=6   full        10000 seeds+staged   ok      cost=357 bestJT+=432 nodes=3582 correct=True
[  1774s] random_sparse n=6   full        10000 seeds+restart  ok      cost=369 bestJT+=432 nodes=2692 correct=True
[  1774s] random_sparse n=6   full        50000 bfs            ok      cost=393 bestJT+=432 nodes=3582 correct=True
[  1774s] random_sparse n=6   full        50000 staged         ok      cost=366 bestJT+=432 nodes=3582 correct=True
[  1774s] random_sparse n=6   full        50000 backoff        ok      cost=456 bestJT+=432 nodes=3582 correct=True
[  1774s] random_sparse n=6   full        50000 backoff_tight  ok      cost=420 bestJT+=432 nodes=4739 correct=True
[  1774s] random_sparse n=6   full        50000 seeds          ok      cost=366 bestJT+=432 nodes=3582 correct=True
[  1774s] random_sparse n=6   full        50000 restart        ok      cost=393 bestJT+=432 nodes=3582 correct=True
[  1774s] random_sparse n=6   full        50000 seeds+staged   ok      cost=357 bestJT+=432 nodes=3582 correct=True
[  1774s] random_sparse n=6   full        50000 seeds+restart  ok      cost=366 bestJT+=432 nodes=3582 correct=True
[  1774s] random_sparse n=6   no_reverse  10000 bfs            ok      cost=393 bestJT+=432 nodes=3582 correct=True
[  1774s] random_sparse n=6   no_reverse  10000 staged         ok      cost=366 bestJT+=432 nodes=3582 correct=True
[  1774s] random_sparse n=6   no_reverse  10000 backoff        ok      cost=456 bestJT+=432 nodes=3582 correct=True
[  1774s] random_sparse n=6   no_reverse  10000 backoff_tight  ok      cost=420 bestJT+=432 nodes=4739 correct=True
[  1774s] random_sparse n=6   no_reverse  10000 seeds          ok      cost=366 bestJT+=432 nodes=3582 correct=True
[  1774s] random_sparse n=6   no_reverse  10000 restart        ok      cost=411 bestJT+=432 nodes=2123 correct=True
[  1774s] random_sparse n=6   no_reverse  10000 seeds+staged   ok      cost=357 bestJT+=432 nodes=3582 correct=True
[  1774s] random_sparse n=6   no_reverse  10000 seeds+restart  ok      cost=387 bestJT+=432 nodes=2474 correct=True
[  1774s] random_sparse n=6   no_reverse  50000 bfs            ok      cost=393 bestJT+=432 nodes=3582 correct=True
[  1774s] random_sparse n=6   no_reverse  50000 staged         ok      cost=366 bestJT+=432 nodes=3582 correct=True
[  1774s] random_sparse n=6   no_reverse  50000 backoff        ok      cost=456 bestJT+=432 nodes=3582 correct=True
[  1774s] random_sparse n=6   no_reverse  50000 backoff_tight  ok      cost=420 bestJT+=432 nodes=4739 correct=True
[  1774s] random_sparse n=6   no_reverse  50000 seeds          ok      cost=366 bestJT+=432 nodes=3582 correct=True
[  1774s] random_sparse n=6   no_reverse  50000 restart        ok      cost=393 bestJT+=432 nodes=3582 correct=True
[  1774s] random_sparse n=6   no_reverse  50000 seeds+staged   ok      cost=357 bestJT+=432 nodes=3582 correct=True
[  1774s] random_sparse n=6   no_reverse  50000 seeds+restart  ok      cost=366 bestJT+=432 nodes=3582 correct=True
[  1774s] random_sparse n=8   full        10000 bfs            ok      cost=4113 bestJT+=621 nodes=24580 correct=True
[  1774s] random_sparse n=8   full        10000 staged         ok      cost=2259 bestJT+=621 nodes=22482 correct=True
[  1774s] random_sparse n=8   full        10000 backoff        ok      cost=1233 bestJT+=621 nodes=18732 correct=True
[  1774s] random_sparse n=8   full        10000 backoff_tight  ok      cost=2799 bestJT+=621 nodes=10095 correct=True
[  1774s] random_sparse n=8   full        10000 seeds          ok      cost=549 bestJT+=621 nodes=29016 correct=True
[  1774s] random_sparse n=8   full        10000 restart        ok      cost=2115 bestJT+=621 nodes=2121 correct=True
[  1774s] random_sparse n=8   full        10000 seeds+staged   ok      cost=453 bestJT+=621 nodes=11058 correct=True
[  1774s] random_sparse n=8   full        10000 seeds+restart  ok      cost=537 bestJT+=621 nodes=2188 correct=True
[  1774s] random_sparse n=8   full        50000 bfs            ok      cost=2736 bestJT+=621 nodes=50765 correct=True
[  1774s] random_sparse n=8   full        50000 staged         ok      cost=1083 bestJT+=621 nodes=69363 correct=True
[  1774s] random_sparse n=8   full        50000 backoff        ok      cost=1308 bestJT+=621 nodes=60238 correct=True
[  1774s] random_sparse n=8   full        50000 backoff_tight  ok      cost=2799 bestJT+=621 nodes=10095 correct=True
[  1774s] random_sparse n=8   full        50000 seeds          ok      cost=549 bestJT+=621 nodes=62854 correct=True
[  1774s] random_sparse n=8   full        50000 restart        ok      cost=783 bestJT+=621 nodes=27156 correct=True
[  1778s] random_sparse n=8   full        50000 seeds+staged   ok      cost=453 bestJT+=621 nodes=53445 correct=True
[  1778s] random_sparse n=8   full        50000 seeds+restart  ok      cost=549 bestJT+=621 nodes=29023 correct=True
[  1778s] random_sparse n=8   no_reverse  10000 bfs            ok      cost=4113 bestJT+=621 nodes=24580 correct=True
[  1778s] random_sparse n=8   no_reverse  10000 staged         ok      cost=2484 bestJT+=621 nodes=22472 correct=True
[  1778s] random_sparse n=8   no_reverse  10000 backoff        ok      cost=1227 bestJT+=621 nodes=18751 correct=True
[  1778s] random_sparse n=8   no_reverse  10000 backoff_tight  ok      cost=1719 bestJT+=621 nodes=11110 correct=True
[  1780s] random_sparse n=8   no_reverse  10000 seeds          ok      cost=549 bestJT+=621 nodes=25073 correct=True
[  1781s] random_sparse n=8   no_reverse  10000 restart        ok      cost=1722 bestJT+=621 nodes=7414 correct=True
[  1781s] random_sparse n=8   no_reverse  10000 seeds+staged   ok      cost=462 bestJT+=621 nodes=23019 correct=True
[  1783s] random_sparse n=8   no_reverse  10000 seeds+restart  ok      cost=531 bestJT+=621 nodes=7498 correct=True
[  1785s] random_sparse n=8   no_reverse  50000 bfs            ok      cost=2736 bestJT+=621 nodes=50825 correct=True
[  1787s] random_sparse n=8   no_reverse  50000 staged         ok      cost=1083 bestJT+=621 nodes=69103 correct=True
[  1789s] random_sparse n=8   no_reverse  50000 backoff        ok      cost=1308 bestJT+=621 nodes=60238 correct=True
[  1789s] random_sparse n=8   no_reverse  50000 backoff_tight  ok      cost=1002 bestJT+=621 nodes=20926 correct=True
[  1792s] random_sparse n=8   no_reverse  50000 seeds          ok      cost=549 bestJT+=621 nodes=51378 correct=True
[  1793s] random_sparse n=8   no_reverse  50000 restart        ok      cost=1026 bestJT+=621 nodes=25284 correct=True
[  1795s] random_sparse n=8   no_reverse  50000 seeds+staged   ok      cost=453 bestJT+=621 nodes=69555 correct=True
[  1796s] random_sparse n=8   no_reverse  50000 seeds+restart  ok      cost=549 bestJT+=621 nodes=25076 correct=True
[  1796s] random_sparse n=12  full        10000 bfs            ok      cost=1086804 bestJT+=1368 nodes=28919 correct=True
[  1796s] random_sparse n=12  full        10000 staged         ok      cost=304056 bestJT+=1368 nodes=11336 correct=True
[  1797s] random_sparse n=12  full        10000 backoff        ok      cost=156987 bestJT+=1368 nodes=31036 correct=True
[  1798s] random_sparse n=12  full        10000 backoff_tight  ok      cost=140913 bestJT+=1368 nodes=26369 correct=True
[  1800s] random_sparse n=12  full        10000 seeds          ok      cost=1251 bestJT+=1368 nodes=40930 correct=True
[  1803s] random_sparse n=12  full        10000 restart        ok      cost=8118 bestJT+=1368 nodes=5262 correct=True
[  1803s] random_sparse n=12  full        10000 seeds+staged   ok      cost=1143 bestJT+=1368 nodes=10112 correct=True
[  1803s] random_sparse n=12  full        10000 seeds+restart  ok      cost=1368 bestJT+=1368 nodes=3665 correct=True
[  1847s] random_sparse n=12  full        50000 bfs            ok      cost=452412 bestJT+=1368 nodes=499798 correct=True
[  1847s] random_sparse n=12  full        50000 staged         ok      cost=225972 bestJT+=1368 nodes=65404 correct=True
[  1847s] random_sparse n=12  full        50000 backoff        ok      cost=45171 bestJT+=1368 nodes=124976 correct=True
[  1847s] random_sparse n=12  full        50000 backoff_tight  ok      cost=140913 bestJT+=1368 nodes=26369 correct=True
[  1877s] random_sparse n=12  full        50000 seeds          ok      cost=1251 bestJT+=1368 nodes=542211 correct=True
[  1877s] random_sparse n=12  full        50000 restart        ok      cost=3654 bestJT+=1368 nodes=32664 correct=True
[  1877s] random_sparse n=12  full        50000 seeds+staged   ok      cost=1134 bestJT+=1368 nodes=86388 correct=True
[  1877s] random_sparse n=12  full        50000 seeds+restart  ok      cost=1251 bestJT+=1368 nodes=41166 correct=True
[  1877s] random_sparse n=12  no_reverse  10000 bfs            ok      cost=1086804 bestJT+=1368 nodes=28919 correct=True
[  1877s] random_sparse n=12  no_reverse  10000 staged         ok      cost=304056 bestJT+=1368 nodes=11340 correct=True
[  1877s] random_sparse n=12  no_reverse  10000 backoff        ok      cost=467370 bestJT+=1368 nodes=11872 correct=True
[  1877s] random_sparse n=12  no_reverse  10000 backoff_tight  ok      cost=267309 bestJT+=1368 nodes=17275 correct=True
[  1877s] random_sparse n=12  no_reverse  10000 seeds          ok      cost=1305 bestJT+=1368 nodes=33277 correct=True
[  1877s] random_sparse n=12  no_reverse  10000 restart        ok      cost=16839 bestJT+=1368 nodes=4026 correct=True
[  1877s] random_sparse n=12  no_reverse  10000 seeds+staged   ok      cost=1143 bestJT+=1368 nodes=11430 correct=True
[  1877s] random_sparse n=12  no_reverse  10000 seeds+restart  ok      cost=1368 bestJT+=1368 nodes=2903 correct=True
[  1902s] random_sparse n=12  no_reverse  50000 bfs            ok      cost=452412 bestJT+=1368 nodes=499798 correct=True
[  1902s] random_sparse n=12  no_reverse  50000 staged         ok      cost=225972 bestJT+=1368 nodes=65403 correct=True
[  1902s] random_sparse n=12  no_reverse  50000 backoff        ok      cost=57465 bestJT+=1368 nodes=95403 correct=True
[  1902s] random_sparse n=12  no_reverse  50000 backoff_tight  ok      cost=141768 bestJT+=1368 nodes=30937 correct=True
[  1939s] random_sparse n=12  no_reverse  50000 seeds          ok      cost=1305 bestJT+=1368 nodes=506452 correct=True
[  1939s] random_sparse n=12  no_reverse  50000 restart        ok      cost=6615 bestJT+=1368 nodes=29734 correct=True
[  1939s] random_sparse n=12  no_reverse  50000 seeds+staged   ok      cost=1143 bestJT+=1368 nodes=70928 correct=True
[  1939s] random_sparse n=12  no_reverse  50000 seeds+restart  ok      cost=1305 bestJT+=1368 nodes=33347 correct=True
[  1939s] random_sparse n=16  full        10000 bfs            ok      cost=129550491 bestJT+=2565 nodes=55374 correct=True
[  1939s] random_sparse n=16  full        10000 staged         ok      cost=16204059 bestJT+=2565 nodes=13513 correct=True
[  1939s] random_sparse n=16  full        10000 backoff        ok      cost=26489340 bestJT+=2565 nodes=22089 correct=True
[  1939s] random_sparse n=16  full        10000 backoff_tight  ok      cost=17845344 bestJT+=2565 nodes=10573 correct=True
[  1939s] random_sparse n=16  full        10000 seeds          ok      cost=2379 bestJT+=2565 nodes=15994 correct=True
[  1939s] random_sparse n=16  full        10000 restart        ok      cost=147123900 bestJT+=2565 nodes=2612 correct=True
[  1939s] random_sparse n=16  full        10000 seeds+staged   ok      cost=2313 bestJT+=2565 nodes=19164 correct=True
[  1939s] random_sparse n=16  full        10000 seeds+restart  ok      cost=2511 bestJT+=2565 nodes=2219 correct=True
[  1939s] random_sparse n=16  full        50000 bfs            ok      cost=129550491 bestJT+=2565 nodes=55374 correct=True
[  1940s] random_sparse n=16  full        50000 staged         ok      cost=5089653 bestJT+=2565 nodes=125657 correct=True
[  1940s] random_sparse n=16  full        50000 backoff        ok      cost=12044556 bestJT+=2565 nodes=39297 correct=True
[  1940s] random_sparse n=16  full        50000 backoff_tight  ok      cost=7851438 bestJT+=2565 nodes=35964 correct=True
[  1951s] random_sparse n=16  full        50000 seeds          ok      cost=2370 bestJT+=2565 nodes=82111 correct=True
[  1982s] random_sparse n=16  full        50000 restart        ok      cost=25500 bestJT+=2565 nodes=66062 correct=True
[  1982s] random_sparse n=16  full        50000 seeds+staged   ok      cost=2277 bestJT+=2565 nodes=154471 correct=True
[  1982s] random_sparse n=16  full        50000 seeds+restart  ok      cost=2379 bestJT+=2565 nodes=16213 correct=True
[  1982s] random_sparse n=16  no_reverse  10000 bfs            ok      cost=129550491 bestJT+=2565 nodes=55374 correct=True
[  1982s] random_sparse n=16  no_reverse  10000 staged         ok      cost=16204059 bestJT+=2565 nodes=14171 correct=True
[  1982s] random_sparse n=16  no_reverse  10000 backoff        ok      cost=12937257 bestJT+=2565 nodes=31491 correct=True
[  1982s] random_sparse n=16  no_reverse  10000 backoff_tight  ok      cost=29950515 bestJT+=2565 nodes=11702 correct=True
[  1982s] random_sparse n=16  no_reverse  10000 seeds          ok      cost=2379 bestJT+=2565 nodes=11478 correct=True
[  1982s] random_sparse n=16  no_reverse  10000 restart        ok      cost=147123900 bestJT+=2565 nodes=2609 correct=True
[  1982s] random_sparse n=16  no_reverse  10000 seeds+staged   ok      cost=2277 bestJT+=2565 nodes=16579 correct=True
[  1982s] random_sparse n=16  no_reverse  10000 seeds+restart  ok      cost=2511 bestJT+=2565 nodes=2054 correct=True
[  1982s] random_sparse n=16  no_reverse  50000 bfs            ok      cost=129550491 bestJT+=2565 nodes=55374 correct=True
[  1986s] random_sparse n=16  no_reverse  50000 staged         ok      cost=6737004 bestJT+=2565 nodes=50715 correct=True
[  1990s] random_sparse n=16  no_reverse  50000 backoff        ok      cost=7798887 bestJT+=2565 nodes=85650 correct=True
[  1990s] random_sparse n=16  no_reverse  50000 backoff_tight  ok      cost=8234892 bestJT+=2565 nodes=39306 correct=True
[  1996s] random_sparse n=16  no_reverse  50000 seeds          ok      cost=2370 bestJT+=2565 nodes=66385 correct=True
[  2040s] random_sparse n=16  no_reverse  50000 restart        ok      cost=53343 bestJT+=2565 nodes=58785 correct=True
[  2040s] random_sparse n=16  no_reverse  50000 seeds+staged   ok      cost=2277 bestJT+=2565 nodes=59204 correct=True
[  2040s] random_sparse n=16  no_reverse  50000 seeds+restart  ok      cost=2379 bestJT+=2565 nodes=11592 correct=True
[  2040s] chmm4         n=4   full        10000 bfs            ok      cost=2763 bestJT+= nodes=24702 correct=True
[  2040s] chmm4         n=4   full        10000 staged         ok      cost=2811 bestJT+= nodes=11215 correct=True
[  2040s] chmm4         n=4   full        10000 backoff        ok      cost=2502 bestJT+= nodes=12037 correct=True
[  2040s] chmm4         n=4   full        10000 backoff_tight  ok      cost=2718 bestJT+= nodes=16959 correct=True
[  2040s] chmm4         n=4   full        10000 restart        ok      cost=2532 bestJT+= nodes=8406 correct=True
[  2040s] chmm4         n=4   full        50000 bfs            ok      cost=2907 bestJT+= nodes=65876 correct=True
[  2040s] chmm4         n=4   full        50000 staged         ok      cost=2754 bestJT+= nodes=76225 correct=True
[  2040s] chmm4         n=4   full        50000 backoff        ok      cost=2529 bestJT+= nodes=52439 correct=True
[  2040s] chmm4         n=4   full        50000 backoff_tight  ok      cost=2718 bestJT+= nodes=29205 correct=True
[  2040s] chmm4         n=4   full        50000 restart        ok      cost=2637 bestJT+= nodes=26051 correct=True
[  2040s] chmm4         n=4   no_reverse  10000 bfs            ok      cost=2592 bestJT+= nodes=23240 correct=True
[  2040s] chmm4         n=4   no_reverse  10000 staged         ok      cost=2520 bestJT+= nodes=14008 correct=True
[  2040s] chmm4         n=4   no_reverse  10000 backoff        ok      cost=2493 bestJT+= nodes=58594 correct=True
[  2040s] chmm4         n=4   no_reverse  10000 backoff_tight  ok      cost=2493 bestJT+= nodes=14499 correct=True
[  2040s] chmm4         n=4   no_reverse  10000 restart        ok      cost=2532 bestJT+= nodes=7776 correct=True
[  2040s] chmm4         n=4   no_reverse  50000 bfs            ok      cost=2754 bestJT+= nodes=64475 correct=True
[  2040s] chmm4         n=4   no_reverse  50000 staged         ok      cost=2517 bestJT+= nodes=61899 correct=True
[  2040s] chmm4         n=4   no_reverse  50000 backoff        ok      cost=2493 bestJT+= nodes=58594 correct=True
[  2040s] chmm4         n=4   no_reverse  50000 backoff_tight  ok      cost=2493 bestJT+= nodes=15441 correct=True
[  2040s] chmm4         n=4   no_reverse  50000 restart        ok      cost=2586 bestJT+= nodes=23449 correct=True
[  2045s] coupled4x2    n=8   full        10000 bfs            ok      cost=1456 bestJT+= nodes=24702 correct=True
[  2045s] coupled4x2    n=8   full        10000 staged         ok      cost=1008 bestJT+= nodes=11215 correct=True
[  2049s] coupled4x2    n=8   full        10000 backoff        ok      cost=1056 bestJT+= nodes=12037 correct=True
[  2058s] coupled4x2    n=8   full        10000 backoff_tight  ok      cost=2028 bestJT+= nodes=16959 correct=True
[  2058s] coupled4x2    n=8   full        10000 restart        ok      cost=1384 bestJT+= nodes=7910 correct=True
[  2064s] coupled4x2    n=8   full        50000 bfs            ok      cost=1504 bestJT+= nodes=65876 correct=True
[  2075s] coupled4x2    n=8   full        50000 staged         ok      cost=1848 bestJT+= nodes=76225 correct=True
[  2075s] coupled4x2    n=8   full        50000 backoff        ok      cost=1576 bestJT+= nodes=52439 correct=True
[  2078s] coupled4x2    n=8   full        50000 backoff_tight  ok      cost=2028 bestJT+= nodes=29205 correct=True
[  2083s] coupled4x2    n=8   full        50000 restart        ok      cost=1456 bestJT+= nodes=24898 correct=True
[  2084s] coupled4x2    n=8   no_reverse  10000 bfs            ok      cost=1464 bestJT+= nodes=23240 correct=True
[  2087s] coupled4x2    n=8   no_reverse  10000 staged         ok      cost=1424 bestJT+= nodes=14008 correct=True
[  2104s] coupled4x2    n=8   no_reverse  10000 backoff        ok      cost=1192 bestJT+= nodes=58594 correct=True
[  2104s] coupled4x2    n=8   no_reverse  10000 backoff_tight  ok      cost=1008 bestJT+= nodes=14499 correct=True
[  2104s] coupled4x2    n=8   no_reverse  10000 restart        ok      cost=1408 bestJT+= nodes=7616 correct=True
[  2109s] coupled4x2    n=8   no_reverse  50000 bfs            ok      cost=1736 bestJT+= nodes=64475 correct=True
[  2115s] coupled4x2    n=8   no_reverse  50000 staged         ok      cost=1512 bestJT+= nodes=61899 correct=True
[  2123s] coupled4x2    n=8   no_reverse  50000 backoff        ok      cost=1192 bestJT+= nodes=58594 correct=True
[  2123s] coupled4x2    n=8   no_reverse  50000 backoff_tight  ok      cost=1088 bestJT+= nodes=15441 correct=True
[  2126s] coupled4x2    n=8   no_reverse  50000 restart        ok      cost=1704 bestJT+= nodes=23368 correct=True
