case,family,n,rules,node_limit,strategy,step,nodes,seconds,cost
fg,chain,6,full,50000,bfs,0,29,0.0279,3780
fg,chain,6,full,50000,bfs,1,67,0.0364,3564
fg,chain,6,full,50000,bfs,2,151,0.0382,3564
fg,chain,6,full,50000,bfs,3,342,0.0412,1458
fg,chain,6,full,50000,bfs,4,630,0.0427,711
fg,chain,6,full,50000,bfs,5,1030,0.0473,468
fg,chain,6,full,50000,bfs,6,1419,0.0559,306
fg,chain,6,full,50000,bfs,7,1631,0.055,207
fg,chain,6,full,50000,bfs,8,1685,0.0576,174
fg,chain,6,full,50000,bfs,9,1691,0.0592,174
fg,chain,6,full,50000,bfs,10,1691,0.0598,174
fg,chain,6,full,50000,staged,0,29,0.0215,3780
fg,chain,6,full,50000,staged,1,73,0.0311,3096
fg,chain,6,full,50000,staged,2,271,0.0364,1287
fg,chain,6,full,50000,staged,3,992,0.0458,378
fg,chain,6,full,50000,staged,4,1686,0.0596,174
fg,chain,6,full,50000,staged,5,1694,0.0609,174
fg,chain,6,full,50000,staged,6,1691,0.0656,174
fg,chain,6,full,50000,staged,7,1691,0.0679,174
fg,chain,6,full,50000,backoff,0,29,0.0202,3780
fg,chain,6,full,50000,backoff,8,1690,0.0483,174
fg,chain,6,full,50000,backoff,16,1691,0.0613,174
fg,chain,6,full,50000,backoff,24,1691,0.0665,174
fg,chain,6,full,50000,backoff,32,1691,0.0728,174
fg,chain,6,full,50000,backoff_tight,0,29,0.0219,3780
fg,chain,6,full,50000,backoff_tight,8,1384,0.0466,201
fg,chain,6,full,50000,backoff_tight,16,1691,0.0608,174
fg,chain,6,full,50000,backoff_tight,24,1691,0.0632,174
fg,chain,6,full,50000,backoff_tight,32,1691,0.0691,174
fg,chain,6,full,50000,seeds,0,61,0.0754,216
fg,chain,6,full,50000,seeds,1,139,0.0802,216
fg,chain,6,full,50000,seeds,2,287,0.0816,195
fg,chain,6,full,50000,seeds,3,623,0.0838,195
fg,chain,6,full,50000,seeds,4,1139,0.0911,174
fg,chain,6,full,50000,seeds,5,1611,0.0918,174
fg,chain,6,full,50000,seeds,6,1679,0.0945,174
fg,chain,6,full,50000,seeds,7,1691,0.0962,174
fg,chain,6,full,50000,seeds,8,1691,0.0969,174
fg,chain,6,full,50000,restart,1,1691,0.0647,174
fg,chain,6,full,50000,seeds+staged,0,61,0.0847,216
fg,chain,6,full,50000,seeds+staged,1,166,0.0939,216
fg,chain,6,full,50000,seeds+staged,2,571,0.0987,174
fg,chain,6,full,50000,seeds+staged,3,1422,0.1113,174
fg,chain,6,full,50000,seeds+staged,4,1691,0.1139,174
fg,chain,6,full,50000,seeds+staged,5,1691,0.1177,174
fg,chain,6,full,50000,seeds+restart,1,1691,0.1749,174
fg,chain,6,no_reverse,50000,bfs,0,29,0.0309,3780
fg,chain,6,no_reverse,50000,bfs,1,67,0.0389,3564
fg,chain,6,no_reverse,50000,bfs,2,151,0.0404,3564
fg,chain,6,no_reverse,50000,bfs,3,342,0.0429,1458
fg,chain,6,no_reverse,50000,bfs,4,630,0.0459,711
fg,chain,6,no_reverse,50000,bfs,5,1030,0.0499,468
fg,chain,6,no_reverse,50000,bfs,6,1419,0.0629,306
fg,chain,6,no_reverse,50000,bfs,7,1631,0.0608,207
fg,chain,6,no_reverse,50000,bfs,8,1685,0.0717,174
fg,chain,6,no_reverse,50000,bfs,9,1691,0.0687,174
fg,chain,6,no_reverse,50000,bfs,10,1691,0.0683,174
fg,chain,6,no_reverse,50000,staged,0,29,0.0217,3780
fg,chain,6,no_reverse,50000,staged,1,72,0.0313,3096
fg,chain,6,no_reverse,50000,staged,2,237,0.0356,1287
fg,chain,6,no_reverse,50000,staged,3,872,0.0449,414
fg,chain,6,no_reverse,50000,staged,4,1579,0.0573,225
fg,chain,6,no_reverse,50000,staged,5,1691,0.071,174
fg,chain,6,no_reverse,50000,staged,6,1691,0.0691,174
fg,chain,6,no_reverse,50000,backoff,0,29,0.0343,3780
fg,chain,6,no_reverse,50000,backoff,8,1690,0.0722,174
fg,chain,6,no_reverse,50000,backoff,16,1691,0.0896,174
fg,chain,6,no_reverse,50000,backoff,24,1691,0.0908,174
fg,chain,6,no_reverse,50000,backoff,32,1691,0.0956,174
fg,chain,6,no_reverse,50000,backoff_tight,0,29,0.023,3780
fg,chain,6,no_reverse,50000,backoff_tight,8,1387,0.0478,201
fg,chain,6,no_reverse,50000,backoff_tight,16,1691,0.0582,174
fg,chain,6,no_reverse,50000,backoff_tight,24,1691,0.0599,174
fg,chain,6,no_reverse,50000,backoff_tight,32,1691,0.0664,174
fg,chain,6,no_reverse,50000,seeds,0,61,0.1262,216
fg,chain,6,no_reverse,50000,seeds,1,125,0.1351,216
fg,chain,6,no_reverse,50000,seeds,2,211,0.1355,195
fg,chain,6,no_reverse,50000,seeds,3,404,0.1396,195
fg,chain,6,no_reverse,50000,seeds,4,691,0.1472,174
fg,chain,6,no_reverse,50000,seeds,5,1084,0.1599,174
fg,chain,6,no_reverse,50000,seeds,6,1461,0.157,174
fg,chain,6,no_reverse,50000,seeds,7,1656,0.1641,174
fg,chain,6,no_reverse,50000,seeds,8,1690,0.1574,174
fg,chain,6,no_reverse,50000,seeds,9,1691,0.1577,174
fg,chain,6,no_reverse,50000,seeds,10,1691,0.1601,174
fg,chain,6,no_reverse,50000,restart,1,1691,0.0835,174
fg,chain,6,no_reverse,50000,seeds+staged,0,61,0.115,216
fg,chain,6,no_reverse,50000,seeds+staged,1,128,0.1257,216
fg,chain,6,no_reverse,50000,seeds+staged,2,299,0.1296,174
fg,chain,6,no_reverse,50000,seeds+staged,3,919,0.1407,174
fg,chain,6,no_reverse,50000,seeds+staged,4,1584,0.1602,174
fg,chain,6,no_reverse,50000,seeds+staged,5,1691,0.1651,174
fg,chain,6,no_reverse,50000,seeds+staged,6,1691,0.1627,174
fg,chain,6,no_reverse,50000,seeds+restart,1,1691,0.2266,174
fg,chain,8,full,50000,bfs,0,48,0.0317,34389
fg,chain,8,full,50000,bfs,1,118,0.0376,32013
fg,chain,8,full,50000,bfs,2,296,0.0395,31527
fg,chain,8,full,50000,bfs,3,912,0.0439,11871
fg,chain,8,full,50000,bfs,4,2733,0.0611,4986
fg,chain,8,full,50000,bfs,5,5588,0.084,2475
fg,chain,8,full,50000,bfs,6,10218,0.1332,1377
fg,chain,8,full,50000,bfs,7,16420,0.2071,981
fg,chain,8,full,50000,bfs,8,21811,0.3245,477
fg,chain,8,full,50000,bfs,9,24085,0.3225,315
fg,chain,8,full,50000,bfs,10,24538,0.4413,294
fg,chain,8,full,50000,bfs,11,24591,0.383,252
fg,chain,8,full,50000,bfs,12,24591,0.3931,252
fg,chain,8,full,50000,staged,0,48,0.0244,34389
fg,chain,8,full,50000,staged,1,124,0.0321,27657
fg,chain,8,full,50000,staged,2,428,0.0361,11061
fg,chain,8,full,50000,staged,3,2932,0.0617,1884
fg,chain,8,full,50000,staged,4,12861,0.1905,450
fg,chain,8,full,50000,staged,5,23691,0.3499,303
fg,chain,8,full,50000,staged,6,25414,0.4543,252
fg,chain,8,full,50000,staged,7,24591,0.4809,252
fg,chain,8,full,50000,staged,8,24591,0.539,252
fg,chain,8,full,50000,backoff,0,48,0.0337,34389
fg,chain,8,full,50000,backoff,8,2721,0.0719,4653
fg,chain,8,full,50000,backoff,16,12578,0.1871,927
fg,chain,8,full,50000,backoff,24,13982,0.2009,927
fg,chain,8,full,50000,backoff,32,17911,0.4111,309
fg,chain,8,full,50000,backoff_tight,0,48,0.0324,34389
fg,chain,8,full,50000,backoff_tight,8,1487,0.0535,3555
fg,chain,8,full,50000,backoff_tight,16,3751,0.0823,1998
fg,chain,8,full,50000,backoff_tight,24,6733,0.1111,954
fg,chain,8,full,50000,backoff_tight,32,10685,0.2102,900
fg,chain,8,full,50000,seeds,0,96,0.2391,324
fg,chain,8,full,50000,seeds,1,230,0.2478,324
fg,chain,8,full,50000,seeds,2,504,0.2481,303
fg,chain,8,full,50000,seeds,3,1379,0.2583,303
fg,chain,8,full,50000,seeds,4,3843,0.2782,273
fg,chain,8,full,50000,seeds,5,8152,0.3251,273
fg,chain,8,full,50000,seeds,6,15078,0.3979,252
fg,chain,8,full,50000,seeds,7,22365,0.5361,252
fg,chain,8,full,50000,seeds,8,24382,0.6034,252
fg,chain,8,full,50000,seeds,9,24580,0.726,252
fg,chain,8,full,50000,seeds,10,24591,0.6345,252
fg,chain,8,full,50000,seeds,11,24591,0.6551,252
fg,chain,8,full,50000,restart,1,10218,0.2878,1377
fg,chain,8,full,50000,restart,2,12080,0.6854,702
fg,chain,8,full,50000,restart,3,12334,1.1142,603
fg,chain,8,full,50000,restart,4,12703,1.4669,489
fg,chain,8,full,50000,restart,5,12476,1.9448,468
fg,chain,8,full,50000,restart,6,12384,2.4462,468
fg,chain,8,full,50000,seeds+staged,0,96,0.234,324
fg,chain,8,full,50000,seeds+staged,1,273,0.2445,324
fg,chain,8,full,50000,seeds+staged,2,1012,0.2659,252
fg,chain,8,full,50000,seeds+staged,3,5077,0.308,252
fg,chain,8,full,50000,seeds+staged,4,17705,0.4816,252
fg,chain,8,full,50000,seeds+staged,5,25301,0.7716,252
fg,chain,8,full,50000,seeds+staged,6,24592,0.7579,252
fg,chain,8,full,50000,seeds+staged,7,24591,0.8432,252
fg,chain,8,full,50000,seeds+staged,8,24591,0.8103,252
fg,chain,8,full,50000,seeds+restart,1,15078,0.6293,252
fg,chain,8,full,50000,seeds+restart,2,15109,1.3251,252
fg,chain,8,no_reverse,50000,bfs,0,48,0.05,34389
fg,chain,8,no_reverse,50000,bfs,1,118,0.0576,32013
fg,chain,8,no_reverse,50000,bfs,2,296,0.0604,31527
fg,chain,8,no_reverse,50000,bfs,3,912,0.0674,11871
fg,chain,8,no_reverse,50000,bfs,4,2733,0.093,4986
fg,chain,8,no_reverse,50000,bfs,5,5588,0.1079,2475
fg,chain,8,no_reverse,50000,bfs,6,10218,0.1568,1377
fg,chain,8,no_reverse,50000,bfs,7,16420,0.263,981
fg,chain,8,no_reverse,50000,bfs,8,21811,0.3369,477
fg,chain,8,no_reverse,50000,bfs,9,24085,0.3671,315
fg,chain,8,no_reverse,50000,bfs,10,24538,0.4197,294
fg,chain,8,no_reverse,50000,bfs,11,24591,0.3817,252
fg,chain,8,no_reverse,50000,bfs,12,24591,0.4129,252
fg,chain,8,no_reverse,50000,staged,0,48,0.0345,34389
fg,chain,8,no_reverse,50000,staged,1,123,0.0436,27657
fg,chain,8,no_reverse,50000,staged,2,390,0.0485,11061
fg,chain,8,no_reverse,50000,staged,3,2290,0.0737,1920
fg,chain,8,no_reverse,50000,staged,4,11076,0.1749,519
fg,chain,8,no_reverse,50000,staged,5,20086,0.3241,351
fg,chain,8,no_reverse,50000,staged,6,23622,0.4861,303
fg,chain,8,no_reverse,50000,staged,7,24591,0.4269,252
fg,chain,8,no_reverse,50000,staged,8,24591,0.503,252
fg,chain,8,no_reverse,50000,backoff,0,48,0.0358,34389
fg,chain,8,no_reverse,50000,backoff,8,5886,0.121,2673
fg,chain,8,no_reverse,50000,backoff,16,16415,0.2843,333
fg,chain,8,no_reverse,50000,backoff,24,25472,0.3982,252
fg,chain,8,no_reverse,50000,backoff,32,25474,0.4538,252
fg,chain,8,no_reverse,50000,backoff_tight,0,48,0.0509,34389
fg,chain,8,no_reverse,50000,backoff_tight,8,1451,0.0768,3555
fg,chain,8,no_reverse,50000,backoff_tight,16,3825,0.1132,1890
fg,chain,8,no_reverse,50000,backoff_tight,24,12185,0.2582,981
fg,chain,8,no_reverse,50000,backoff_tight,32,17988,0.3634,576
fg,chain,8,no_reverse,50000,seeds,0,96,0.2521,324
fg,chain,8,no_reverse,50000,seeds,1,208,0.2568,324
fg,chain,8,no_reverse,50000,seeds,2,388,0.2587,303
fg,chain,8,no_reverse,50000,seeds,3,1006,0.2722,303
fg,chain,8,no_reverse,50000,seeds,4,2828,0.2774,273
fg,chain,8,no_reverse,50000,seeds,5,5681,0.3058,273
fg,chain,8,no_reverse,50000,seeds,6,10263,0.3528,252
fg,chain,8,no_reverse,50000,seeds,7,16506,0.4306,252
fg,chain,8,no_reverse,50000,seeds,8,21884,0.4924,252
fg,chain,8,no_reverse,50000,seeds,9,24140,0.5568,252
fg,chain,8,no_reverse,50000,seeds,10,24558,0.6131,252
fg,chain,8,no_reverse,50000,seeds,11,24591,0.5943,252
fg,chain,8,no_reverse,50000,seeds,12,24591,0.7026,252
fg,chain,8,no_reverse,50000,restart,1,10218,0.2383,1377
fg,chain,8,no_reverse,50000,restart,2,10577,0.5625,810
fg,chain,8,no_reverse,50000,restart,3,10499,0.8434,774
fg,chain,8,no_reverse,50000,restart,4,10502,1.0869,750
fg,chain,8,no_reverse,50000,restart,5,10494,1.3048,750
fg,chain,8,no_reverse,50000,seeds+staged,0,96,0.2293,324
fg,chain,8,no_reverse,50000,seeds+staged,1,211,0.2383,324
fg,chain,8,no_reverse,50000,seeds+staged,2,488,0.2432,252
fg,chain,8,no_reverse,50000,seeds+staged,3,2384,0.2678,252
fg,chain,8,no_reverse,50000,seeds+staged,4,11164,0.371,252
fg,chain,8,no_reverse,50000,seeds+staged,5,20127,0.5047,252
fg,chain,8,no_reverse,50000,seeds+staged,6,23623,0.6091,252
fg,chain,8,no_reverse,50000,seeds+staged,7,24591,0.6646,252
fg,chain,8,no_reverse,50000,seeds+staged,8,24591,0.7377,252
fg,chain,8,no_reverse,50000,seeds+restart,1,10263,0.533,252
fg,chain,8,no_reverse,50000,seeds+restart,2,10265,0.9875,252
fg,chain,12,full,50000,bfs,0,98,0.0842,2789991
fg,chain,12,full,50000,bfs,1,256,0.094,2590839
fg,chain,12,full,50000,bfs,2,698,0.0996,1818396
fg,chain,12,full,50000,bfs,3,2590,0.1248,1028997
fg,chain,12,full,50000,bfs,4,16346,0.2462,439452
fg,chain,12,full,50000,bfs,5,106345,1.3595,181089
fg,chain,12,full,50000,staged,0,98,0.0707,2789991
fg,chain,12,full,50000,staged,1,256,0.0846,2590839
fg,chain,12,full,50000,staged,2,829,0.0967,538947
fg,chain,12,full,50000,staged,3,6010,0.1943,68391
fg,chain,12,full,50000,staged,4,60815,1.057,7884
fg,chain,12,full,50000,backoff,0,98,0.078,2789991
fg,chain,12,full,50000,backoff,8,7442,0.1824,170154
fg,chain,12,full,50000,backoff,16,26373,0.4965,43254
fg,chain,12,full,50000,backoff,24,34027,0.5371,43254
fg,chain,12,full,50000,backoff,32,31691,0.735,38475
fg,chain,12,full,50000,backoff_tight,0,98,0.0743,2789991
fg,chain,12,full,50000,backoff_tight,8,2283,0.115,237357
fg,chain,12,full,50000,backoff_tight,16,10935,0.2367,46440
fg,chain,12,full,50000,backoff_tight,24,13934,0.3201,46440
fg,chain,12,full,50000,backoff_tight,32,13567,0.3286,46440
fg,chain,12,full,50000,seeds,0,172,0.5966,540
fg,chain,12,full,50000,seeds,1,433,0.6038,540
fg,chain,12,full,50000,seeds,2,1041,0.6127,513
fg,chain,12,full,50000,seeds,3,3355,0.6257,513
fg,chain,12,full,50000,seeds,4,18272,0.7549,498
fg,chain,12,full,50000,seeds,5,111526,1.9591,498
fg,chain,12,full,50000,restart,1,16346,0.4825,439452
fg,chain,12,full,50000,restart,2,24269,1.3024,64584
fg,chain,12,full,50000,restart,3,19951,2.0743,11871
fg,chain,12,full,50000,restart,4,20301,2.9958,5589
fg,chain,12,full,50000,restart,5,19640,3.7091,4545
fg,chain,12,full,50000,restart,6,19341,4.4895,4248
fg,chain,12,full,50000,restart,7,19139,5.2072,3816
fg,chain,12,full,50000,restart,8,18967,5.9638,3672
fg,chain,12,full,50000,restart,9,18910,6.8435,3672
fg,chain,12,full,50000,seeds+staged,0,172,0.6746,540
fg,chain,12,full,50000,seeds+staged,1,493,0.6952,540
fg,chain,12,full,50000,seeds+staged,2,1963,0.7279,408
fg,chain,12,full,50000,seeds+staged,3,11712,0.8942,408
fg,chain,12,full,50000,seeds+staged,4,74418,2.0407,408
fg,chain,12,full,50000,seeds+restart,1,18272,1.0534,498
fg,chain,12,full,50000,seeds+restart,2,18275,2.3268,498
fg,chain,12,no_reverse,50000,bfs,0,98,0.0771,2789991
fg,chain,12,no_reverse,50000,bfs,1,256,0.0826,2590839
fg,chain,12,no_reverse,50000,bfs,2,698,0.0862,1818396
fg,chain,12,no_reverse,50000,bfs,3,2590,0.1057,1028997
fg,chain,12,no_reverse,50000,bfs,4,16346,0.2154,439452
fg,chain,12,no_reverse,50000,bfs,5,106345,1.4024,181089
fg,chain,12,no_reverse,50000,staged,0,98,0.1079,2789991
fg,chain,12,no_reverse,50000,staged,1,256,0.1232,2590839
fg,chain,12,no_reverse,50000,staged,2,804,0.1368,538947
fg,chain,12,no_reverse,50000,staged,3,4953,0.2237,68391
fg,chain,12,no_reverse,50000,staged,4,60583,1.0784,7884
fg,chain,12,no_reverse,50000,backoff,0,98,0.0869,2789991
fg,chain,12,no_reverse,50000,backoff,8,11489,0.2387,170127
fg,chain,12,no_reverse,50000,backoff,16,39094,0.535,35046
fg,chain,12,no_reverse,50000,backoff,24,65999,1.6409,14148
fg,chain,12,no_reverse,50000,backoff_tight,0,98,0.0858,2789991
fg,chain,12,no_reverse,50000,backoff_tight,8,2283,0.1193,237357
fg,chain,12,no_reverse,50000,backoff_tight,16,12898,0.2594,46440
fg,chain,12,no_reverse,50000,backoff_tight,24,28078,0.4264,17154
fg,chain,12,no_reverse,50000,backoff_tight,32,29139,0.5521,13023
fg,chain,12,no_reverse,50000,seeds,0,172,0.6718,540
fg,chain,12,no_reverse,50000,seeds,1,395,0.6792,540
fg,chain,12,no_reverse,50000,seeds,2,849,0.6878,513
fg,chain,12,no_reverse,50000,seeds,3,2741,0.6956,513
fg,chain,12,no_reverse,50000,seeds,4,16498,0.8052,498
fg,chain,12,no_reverse,50000,seeds,5,106498,1.8525,498
fg,chain,12,no_reverse,50000,restart,1,16346,0.4594,439452
fg,chain,12,no_reverse,50000,restart,2,21613,1.2058,75033
fg,chain,12,no_reverse,50000,restart,3,18563,1.961,12735
fg,chain,12,no_reverse,50000,restart,4,17195,2.5408,5535
fg,chain,12,no_reverse,50000,restart,5,16716,3.2223,5130
fg,chain,12,no_reverse,50000,restart,6,16698,3.8696,4914
fg,chain,12,no_reverse,50000,restart,7,16701,4.5639,4662
fg,chain,12,no_reverse,50000,restart,8,16694,5.2461,4518
fg,chain,12,no_reverse,50000,restart,9,16684,5.8579,4518
fg,chain,12,no_reverse,50000,seeds+staged,0,172,0.6517,540
fg,chain,12,no_reverse,50000,seeds+staged,1,395,0.6648,540
fg,chain,12,no_reverse,50000,seeds+staged,2,975,0.6783,408
fg,chain,12,no_reverse,50000,seeds+staged,3,5124,0.7116,408
fg,chain,12,no_reverse,50000,seeds+staged,4,60760,1.5433,408
fg,chain,12,no_reverse,50000,seeds+restart,1,16498,1.0002,498
fg,chain,12,no_reverse,50000,seeds+restart,2,16499,2.1126,498
fg,chain,16,full,50000,bfs,0,164,0.1307,225995193
fg,chain,16,full,50000,bfs,1,442,0.138,209852865
fg,chain,16,full,50000,bfs,2,1240,0.1471,147256362
fg,chain,16,full,50000,bfs,3,4761,0.1707,75336516
fg,chain,16,full,50000,bfs,4,37864,0.4206,33368823
fg,chain,16,full,50000,bfs,5,758212,14.2238,13874229
fg,chain,16,full,50000,staged,0,164,0.1339,225995193
fg,chain,16,full,50000,staged,1,442,0.1493,209852865
fg,chain,16,full,50000,staged,2,1374,0.1641,43465797
fg,chain,16,full,50000,staged,3,10942,0.3916,3254238
fg,chain,16,full,50000,staged,4,95955,2.9448,223272
fg,chain,16,full,50000,backoff,0,164,0.1349,225995193
fg,chain,16,full,50000,backoff,8,7386,0.2291,33357051
fg,chain,16,full,50000,backoff,16,33937,1.0993,5542434
fg,chain,16,full,50000,backoff,24,48212,1.3295,5542434
fg,chain,16,full,50000,backoff,32,51214,1.2539,5542434
fg,chain,16,full,50000,backoff_tight,0,164,0.1474,225995193
fg,chain,16,full,50000,backoff_tight,8,3394,0.2574,33388371
fg,chain,16,full,50000,backoff_tight,16,7902,0.2835,13948776
fg,chain,16,full,50000,backoff_tight,24,15257,0.3894,5609853
fg,chain,16,full,50000,backoff_tight,32,15291,0.4741,5609853
fg,chain,16,full,50000,seeds,0,258,1.047,756
fg,chain,16,full,50000,seeds,1,669,1.0578,756
fg,chain,16,full,50000,seeds,2,1721,1.0709,738
fg,chain,16,full,50000,seeds,3,5848,1.1105,738
fg,chain,16,full,50000,seeds,4,40631,1.6475,738
fg,chain,16,full,50000,seeds,5,765807,17.64,738
fg,chain,16,full,50000,restart,1,37864,0.8921,33368823
fg,chain,16,full,50000,restart,2,50169,2.8305,2068641
fg,chain,16,full,50000,restart,3,51302,5.3369,241551
fg,chain,16,full,50000,restart,4,48150,7.8683,99495
fg,chain,16,full,50000,restart,5,48346,10.7569,37152
fg,chain,16,full,50000,restart,6,47038,13.7599,13761
fg,chain,16,full,50000,restart,7,44849,16.5327,10845
fg,chain,16,full,50000,restart,8,44736,18.7743,10332
fg,chain,16,full,50000,restart,9,44535,21.5235,10251
fg,chain,16,full,50000,restart,10,44437,24.1151,10251
fg,chain,16,full,50000,seeds+staged,0,258,1.304,756
fg,chain,16,full,50000,seeds+staged,1,737,1.3393,756
fg,chain,16,full,50000,seeds+staged,2,2938,1.3742,564
fg,chain,16,full,50000,seeds+staged,3,19519,1.6562,564
fg,chain,16,full,50000,seeds+staged,4,104553,4.0312,564
fg,chain,16,full,50000,seeds+restart,1,40631,3.1333,738
fg,chain,16,full,50000,seeds+restart,2,40631,6.3814,738
fg,chain,16,no_reverse,50000,bfs,0,164,0.1479,225995193
fg,chain,16,no_reverse,50000,bfs,1,442,0.1672,209852865
fg,chain,16,no_reverse,50000,bfs,2,1240,0.1839,147256362
fg,chain,16,no_reverse,50000,bfs,3,4761,0.1971,75336516
fg,chain,16,no_reverse,50000,bfs,4,37864,0.4715,33368823
fg,chain,16,no_reverse,50000,bfs,5,758212,13.8946,13874229
fg,chain,16,no_reverse,50000,staged,0,164,0.125,225995193
fg,chain,16,no_reverse,50000,staged,1,442,0.1371,209852865
fg,chain,16,no_reverse,50000,staged,2,1353,0.1511,43465797
fg,chain,16,no_reverse,50000,staged,3,9263,0.3748,3254508
fg,chain,16,no_reverse,50000,staged,4,97477,2.4714,223272
fg,chain,16,no_reverse,50000,backoff,0,164,0.1305,225995193
fg,chain,16,no_reverse,50000,backoff,8,7386,0.2489,33357051
fg,chain,16,no_reverse,50000,backoff,16,33937,0.6262,5542434
fg,chain,16,no_reverse,50000,backoff,24,77880,1.8791,2139246
fg,chain,16,no_reverse,50000,backoff_tight,0,164,0.1251,225995193
fg,chain,16,no_reverse,50000,backoff_tight,8,3394,0.178,33388371
fg,chain,16,no_reverse,50000,backoff_tight,16,8934,0.2789,13948776
fg,chain,16,no_reverse,50000,backoff_tight,24,19645,0.4032,4157694
fg,chain,16,no_reverse,50000,backoff_tight,32,23410,0.5751,3979845
fg,chain,16,no_reverse,50000,seeds,0,258,1.0213,756
fg,chain,16,no_reverse,50000,seeds,1,615,1.0237,756
fg,chain,16,no_reverse,50000,seeds,2,1449,1.0285,738
fg,chain,16,no_reverse,50000,seeds,3,4970,1.0501,738
fg,chain,16,no_reverse,50000,seeds,4,38073,1.3141,738
fg,chain,16,no_reverse,50000,seeds,5,758421,16.6439,738
fg,chain,16,no_reverse,50000,restart,1,37864,0.9958,33368823
fg,chain,16,no_reverse,50000,restart,2,46991,2.9544,2068641
fg,chain,16,no_reverse,50000,restart,3,45651,4.938,241551
fg,chain,16,no_reverse,50000,restart,4,41067,7.2473,99576
fg,chain,16,no_reverse,50000,restart,5,40322,9.577,41139
fg,chain,16,no_reverse,50000,restart,6,39411,11.6167,15075
fg,chain,16,no_reverse,50000,restart,7,38478,13.4305,11943
fg,chain,16,no_reverse,50000,restart,8,38363,15.0871,11727
fg,chain,16,no_reverse,50000,restart,9,38351,16.8346,11727
fg,chain,16,no_reverse,50000,seeds+staged,0,258,1.1563,756
fg,chain,16,no_reverse,50000,seeds+staged,1,615,1.1728,756
fg,chain,16,no_reverse,50000,seeds+staged,2,1590,1.1905,564
fg,chain,16,no_reverse,50000,seeds+staged,3,9500,1.2806,564
fg,chain,16,no_reverse,50000,seeds+staged,4,97711,2.4919,564
fg,chain,16,no_reverse,50000,seeds+restart,1,38073,2.3742,738
fg,chain,16,no_reverse,50000,seeds+restart,2,38073,4.7881,738
fg,star,6,full,50000,bfs,0,29,0.0169,3780
fg,star,6,full,50000,bfs,1,67,0.0214,3564
fg,star,6,full,50000,bfs,2,153,0.0224,2511
fg,star,6,full,50000,bfs,3,370,0.0243,1269
fg,star,6,full,50000,bfs,4,808,0.0272,657
fg,star,6,full,50000,bfs,5,1536,0.0325,468
fg,star,6,full,50000,bfs,6,2280,0.0414,279
fg,star,6,full,50000,bfs,7,2843,0.0444,201
fg,star,6,full,50000,bfs,8,3105,0.0495,171
fg,star,6,full,50000,bfs,9,3156,0.0499,171
fg,star,6,full,50000,bfs,10,3156,0.0592,171
fg,star,6,full,50000,staged,0,29,0.0238,3780
fg,star,6,full,50000,staged,1,73,0.0334,3096
fg,star,6,full,50000,staged,2,388,0.0397,594
fg,star,6,full,50000,staged,3,1589,0.0538,186
fg,star,6,full,50000,staged,4,3056,0.0782,171
fg,star,6,full,50000,staged,5,3180,0.083,171
fg,star,6,full,50000,staged,6,3156,0.0865,171
fg,star,6,full,50000,staged,7,3156,0.0911,171
fg,star,6,full,50000,backoff,0,29,0.0218,3780
fg,star,6,full,50000,backoff,8,3138,0.0616,171
fg,star,6,full,50000,backoff,16,3156,0.077,171
fg,star,6,full,50000,backoff,24,3156,0.0934,171
fg,star,6,full,50000,backoff,32,3156,0.1064,171
fg,star,6,full,50000,backoff_tight,0,29,0.0224,3780
fg,star,6,full,50000,backoff_tight,8,1091,0.0435,441
fg,star,6,full,50000,backoff_tight,16,1947,0.0611,291
fg,star,6,full,50000,backoff_tight,24,2489,0.0678,213
fg,star,6,full,50000,backoff_tight,32,3156,0.0808,168
fg,star,6,full,50000,seeds,0,129,0.12,252
fg,star,6,full,50000,seeds,1,311,0.1331,237
fg,star,6,full,50000,seeds,2,759,0.1289,204
fg,star,6,full,50000,seeds,3,1938,0.1396,168
fg,star,6,full,50000,seeds,4,3163,0.146,168
fg,star,6,full,50000,seeds,5,3188,0.1592,168
fg,star,6,full,50000,seeds,6,3156,0.1576,168
fg,star,6,full,50000,seeds,7,3156,0.1631,168
fg,star,6,full,50000,restart,1,3156,0.083,171
fg,star,6,full,50000,seeds+staged,0,129,0.1094,252
fg,star,6,full,50000,seeds+staged,1,398,0.1197,240
fg,star,6,full,50000,seeds+staged,2,1910,0.141,168
fg,star,6,full,50000,seeds+staged,3,3497,0.1565,168
fg,star,6,full,50000,seeds+staged,4,3155,0.1698,168
fg,star,6,full,50000,seeds+staged,5,3156,0.1696,168
fg,star,6,full,50000,seeds+staged,6,3156,0.168,168
fg,star,6,full,50000,seeds+restart,1,3156,0.2195,168
fg,star,6,no_reverse,50000,bfs,0,29,0.0165,3780
fg,star,6,no_reverse,50000,bfs,1,67,0.0203,3564
fg,star,6,no_reverse,50000,bfs,2,153,0.0212,2511
fg,star,6,no_reverse,50000,bfs,3,370,0.023,1269
fg,star,6,no_reverse,50000,bfs,4,808,0.0258,657
fg,star,6,no_reverse,50000,bfs,5,1536,0.0304,468
fg,star,6,no_reverse,50000,bfs,6,2280,0.0396,279
fg,star,6,no_reverse,50000,bfs,7,2843,0.0424,201
fg,star,6,no_reverse,50000,bfs,8,3105,0.0523,171
fg,star,6,no_reverse,50000,bfs,9,3156,0.053,171
fg,star,6,no_reverse,50000,bfs,10,3156,0.0563,171
fg,star,6,no_reverse,50000,staged,0,29,0.024,3780
fg,star,6,no_reverse,50000,staged,1,72,0.032,3096
fg,star,6,no_reverse,50000,staged,2,332,0.0389,594
fg,star,6,no_reverse,50000,staged,3,1509,0.0492,192
fg,star,6,no_reverse,50000,staged,4,3267,0.0691,171
fg,star,6,no_reverse,50000,staged,5,3172,0.0714,171
fg,star,6,no_reverse,50000,staged,6,3156,0.075,165
fg,star,6,no_reverse,50000,staged,7,3156,0.0774,165
fg,star,6,no_reverse,50000,backoff,0,29,0.018,3780
fg,star,6,no_reverse,50000,backoff,8,3138,0.0469,171
fg,star,6,no_reverse,50000,backoff,16,3156,0.0571,171
fg,star,6,no_reverse,50000,backoff,24,3156,0.0687,171
fg,star,6,no_reverse,50000,backoff,32,3156,0.0773,171
fg,star,6,no_reverse,50000,backoff_tight,0,29,0.02,3780
fg,star,6,no_reverse,50000,backoff_tight,8,1097,0.0387,441
fg,star,6,no_reverse,50000,backoff_tight,16,2877,0.0631,183
fg,star,6,no_reverse,50000,backoff_tight,24,3156,0.0659,171
fg,star,6,no_reverse,50000,backoff_tight,32,3156,0.084,171
fg,star,6,no_reverse,50000,seeds,0,129,0.121,252
fg,star,6,no_reverse,50000,seeds,1,267,0.1266,237
fg,star,6,no_reverse,50000,seeds,2,565,0.1296,204
fg,star,6,no_reverse,50000,seeds,3,1032,0.1377,171
fg,star,6,no_reverse,50000,seeds,4,1669,0.1394,168
fg,star,6,no_reverse,50000,seeds,5,2345,0.1468,168
fg,star,6,no_reverse,50000,seeds,6,2892,0.1561,168
fg,star,6,no_reverse,50000,seeds,7,3158,0.164,168
fg,star,6,no_reverse,50000,seeds,8,3156,0.1708,168
fg,star,6,no_reverse,50000,seeds,9,3156,0.1651,168
fg,star,6,no_reverse,50000,restart,1,3156,0.1092,171
fg,star,6,no_reverse,50000,seeds+staged,0,129,0.1219,252
fg,star,6,no_reverse,50000,seeds+staged,1,270,0.1303,237
fg,star,6,no_reverse,50000,seeds+staged,2,834,0.1389,171
fg,star,6,no_reverse,50000,seeds+staged,3,2297,0.1595,168
fg,star,6,no_reverse,50000,seeds+staged,4,3411,0.1713,168
fg,star,6,no_reverse,50000,seeds+staged,5,3156,0.1775,168
fg,star,6,no_reverse,50000,seeds+staged,6,3156,0.1799,168
fg,star,6,no_reverse,50000,seeds+restart,1,3156,0.1456,168
fg,star,8,full,50000,bfs,0,48,0.0321,34389
fg,star,8,full,50000,bfs,1,118,0.049,32013
fg,star,8,full,50000,bfs,2,298,0.045,22590
fg,star,8,full,50000,bfs,3,938,0.0503,11088
fg,star,8,full,50000,bfs,4,3037,0.077,4959
fg,star,8,full,50000,bfs,5,8009,0.1359,2196
fg,star,8,full,50000,bfs,6,19211,0.2369,1071
fg,star,8,full,50000,bfs,7,37253,0.4497,819
fg,star,8,full,50000,bfs,8,56979,0.8128,516
fg,star,8,full,50000,staged,0,48,0.0414,34389
fg,star,8,full,50000,staged,1,124,0.0545,27657
fg,star,8,full,50000,staged,2,597,0.0611,5040
fg,star,8,full,50000,staged,3,5970,0.1365,525
fg,star,8,full,50000,staged,4,36633,0.5527,246
fg,star,8,full,50000,staged,5,65769,1.03,243
fg,star,8,full,50000,backoff,0,48,0.0306,34389
fg,star,8,full,50000,backoff,8,5511,0.1006,3600
fg,star,8,full,50000,backoff,16,12118,0.1668,1506
fg,star,8,full,50000,backoff,24,16856,0.2339,1506
fg,star,8,full,50000,backoff,32,17273,0.3467,1506
fg,star,8,full,50000,backoff_tight,0,48,0.0395,34389
fg,star,8,full,50000,backoff_tight,8,2319,0.0823,3708
fg,star,8,full,50000,backoff_tight,16,2359,0.0818,3708
fg,star,8,full,50000,backoff_tight,24,5135,0.1265,1671
fg,star,8,full,50000,backoff_tight,32,6647,0.1386,1671
fg,star,8,full,50000,seeds,0,259,0.3012,423
fg,star,8,full,50000,seeds,1,666,0.3088,384
fg,star,8,full,50000,seeds,2,2177,0.3254,327
fg,star,8,full,50000,seeds,3,8564,0.3999,252
fg,star,8,full,50000,seeds,4,31633,0.687,252
fg,star,8,full,50000,seeds,5,65041,1.3151,252
fg,star,8,full,50000,restart,1,19211,0.424,1071
fg,star,8,full,50000,restart,2,11787,0.7564,483
fg,star,8,full,50000,restart,3,17760,1.2407,372
fg,star,8,full,50000,restart,4,12192,1.6543,252
fg,star,8,full,50000,restart,5,14486,2.1895,252
fg,star,8,full,50000,seeds+staged,0,259,0.2524,423
fg,star,8,full,50000,seeds+staged,1,917,0.2713,384
fg,star,8,full,50000,seeds+staged,2,6360,0.311,252
fg,star,8,full,50000,seeds+staged,3,43319,0.8529,249
fg,star,8,full,50000,seeds+staged,4,51944,0.8723,249
fg,star,8,full,50000,seeds+restart,1,31633,0.9126,252
fg,star,8,full,50000,seeds+restart,2,10033,1.3859,252
fg,star,8,no_reverse,50000,bfs,0,48,0.0253,34389
fg,star,8,no_reverse,50000,bfs,1,118,0.0295,32013
fg,star,8,no_reverse,50000,bfs,2,298,0.031,22590
fg,star,8,no_reverse,50000,bfs,3,938,0.0347,11088
fg,star,8,no_reverse,50000,bfs,4,3037,0.0506,4959
fg,star,8,no_reverse,50000,bfs,5,8009,0.0888,2196
fg,star,8,no_reverse,50000,bfs,6,19211,0.1713,1071
fg,star,8,no_reverse,50000,bfs,7,37253,0.5526,819
fg,star,8,no_reverse,50000,bfs,8,56979,0.6816,516
fg,star,8,no_reverse,50000,staged,0,48,0.0362,34389
fg,star,8,no_reverse,50000,staged,1,123,0.0449,27657
fg,star,8,no_reverse,50000,staged,2,515,0.051,4518
fg,star,8,no_reverse,50000,staged,3,4699,0.0991,582
fg,star,8,no_reverse,50000,staged,4,33871,0.4505,249
fg,star,8,no_reverse,50000,staged,5,58465,0.8116,240
fg,star,8,no_reverse,50000,backoff,0,48,0.0313,34389
fg,star,8,no_reverse,50000,backoff,8,5451,0.1027,3600
fg,star,8,no_reverse,50000,backoff,16,12358,0.1855,1506
fg,star,8,no_reverse,50000,backoff,24,29753,0.3893,687
fg,star,8,no_reverse,50000,backoff,32,35196,0.4996,687
fg,star,8,no_reverse,50000,backoff_tight,0,48,0.0441,34389
fg,star,8,no_reverse,50000,backoff_tight,8,2286,0.0815,3708
fg,star,8,no_reverse,50000,backoff_tight,16,5025,0.1177,1671
fg,star,8,no_reverse,50000,backoff_tight,24,21500,0.3119,771
fg,star,8,no_reverse,50000,backoff_tight,32,20901,0.3672,657
fg,star,8,no_reverse,50000,seeds,0,259,0.2556,423
fg,star,8,no_reverse,50000,seeds,1,589,0.2621,384
fg,star,8,no_reverse,50000,seeds,2,1769,0.2736,327
fg,star,8,no_reverse,50000,seeds,3,5381,0.2947,312
fg,star,8,no_reverse,50000,seeds,4,10027,0.3475,249
fg,star,8,no_reverse,50000,seeds,5,18966,0.4509,252
fg,star,8,no_reverse,50000,seeds,6,30239,0.5918,252
fg,star,8,no_reverse,50000,seeds,7,47619,0.887,252
fg,star,8,no_reverse,50000,seeds,8,66976,1.1095,252
fg,star,8,no_reverse,50000,restart,1,19211,0.3613,1071
fg,star,8,no_reverse,50000,restart,2,19820,0.8151,489
fg,star,8,no_reverse,50000,restart,3,10113,1.0596,306
fg,star,8,no_reverse,50000,restart,4,13638,1.4343,249
fg,star,8,no_reverse,50000,restart,5,11998,1.75,243
fg,star,8,no_reverse,50000,restart,6,12061,2.1306,243
fg,star,8,no_reverse,50000,seeds+staged,0,259,0.2299,423
fg,star,8,no_reverse,50000,seeds+staged,1,593,0.2445,384
fg,star,8,no_reverse,50000,seeds+staged,2,2307,0.276,291
fg,star,8,no_reverse,50000,seeds+staged,3,10583,0.346,252
fg,star,8,no_reverse,50000,seeds+staged,4,46340,0.8587,252
fg,star,8,no_reverse,50000,seeds+staged,5,57714,1.0658,252
fg,star,8,no_reverse,50000,seeds+restart,1,10027,0.5034,249
fg,star,8,no_reverse,50000,seeds+restart,2,14001,1.3799,240
fg,star,8,no_reverse,50000,seeds+restart,3,13896,2.0051,240
fg,star,12,full,50000,bfs,0,98,0.0718,2789991
fg,star,12,full,50000,bfs,1,256,0.0803,2590839
fg,star,12,full,50000,bfs,2,698,0.0858,1818396
fg,star,12,full,50000,bfs,3,2603,0.1112,930582
fg,star,12,full,50000,bfs,4,16611,0.1913,412749
fg,star,12,full,50000,bfs,5,112866,1.328,171918
fg,star,12,full,50000,staged,0,98,0.0723,2789991
fg,star,12,full,50000,staged,1,256,0.0893,2590839
fg,star,12,full,50000,staged,2,878,0.1028,478377
fg,star,12,full,50000,staged,3,10682,0.2372,34110
fg,star,12,full,50000,staged,4,80275,1.2102,2577
fg,star,12,full,50000,backoff,0,98,0.07,2789991
fg,star,12,full,50000,backoff,8,5573,0.1476,381735
fg,star,12,full,50000,backoff,16,18915,0.3252,159174
fg,star,12,full,50000,backoff,24,23596,0.4789,159174
fg,star,12,full,50000,backoff,32,46841,0.7646,41346
fg,star,12,full,50000,backoff_tight,0,98,0.0662,2789991
fg,star,12,full,50000,backoff_tight,8,2805,0.1117,189153
fg,star,12,full,50000,backoff_tight,16,3543,0.1221,188991
fg,star,12,full,50000,backoff_tight,24,9507,0.1979,79743
fg,star,12,full,50000,backoff_tight,32,9885,0.2242,79743
fg,star,12,full,50000,seeds,0,544,0.5421,873
fg,star,12,full,50000,seeds,1,1474,0.5495,726
fg,star,12,full,50000,seeds,2,5647,0.5791,555
fg,star,12,full,50000,seeds,3,34168,0.8834,567
fg,star,12,full,50000,seeds,4,359575,5.0524,420
fg,star,12,full,50000,restart,1,16611,0.3447,412749
fg,star,12,full,50000,restart,2,21228,1.0516,36819
fg,star,12,full,50000,restart,3,23997,1.9291,5226
fg,star,12,full,50000,restart,4,23745,2.8371,2457
fg,star,12,full,50000,restart,5,27242,3.8322,1998
fg,star,12,full,50000,restart,6,27697,4.8265,1626
fg,star,12,full,50000,restart,7,38780,5.8818,1164
fg,star,12,full,50000,restart,8,45178,7.2465,978
fg,star,12,full,50000,restart,9,58433,8.775,762
fg,star,12,full,50000,restart,10,10462,9.443,756
fg,star,12,full,50000,restart,11,10386,9.9403,756
fg,star,12,full,50000,seeds+staged,0,544,0.5192,873
fg,star,12,full,50000,seeds+staged,1,2120,0.537,726
fg,star,12,full,50000,seeds+staged,2,15535,0.6873,597
fg,star,12,full,50000,seeds+staged,3,83348,1.3782,429
fg,star,12,full,50000,seeds+restart,1,34168,1.3423,567
fg,star,12,full,50000,seeds+restart,2,39489,2.8937,567
fg,star,12,no_reverse,50000,bfs,0,98,0.0735,2789991
fg,star,12,no_reverse,50000,bfs,1,256,0.0798,2590839
fg,star,12,no_reverse,50000,bfs,2,698,0.0841,1818396
fg,star,12,no_reverse,50000,bfs,3,2603,0.1046,930582
fg,star,12,no_reverse,50000,bfs,4,16611,0.2184,412749
fg,star,12,no_reverse,50000,bfs,5,112866,1.2137,171918
fg,star,12,no_reverse,50000,staged,0,98,0.0558,2789991
fg,star,12,no_reverse,50000,staged,1,256,0.0639,2590839
fg,star,12,no_reverse,50000,staged,2,847,0.0706,478386
fg,star,12,no_reverse,50000,staged,3,8129,0.1667,34218
fg,star,12,no_reverse,50000,staged,4,80036,1.2596,2577
fg,star,12,no_reverse,50000,backoff,0,98,0.1043,2789991
fg,star,12,no_reverse,50000,backoff,8,5573,0.2113,381735
fg,star,12,no_reverse,50000,backoff,16,18871,0.3497,159174
fg,star,12,no_reverse,50000,backoff,24,49658,0.9445,41265
fg,star,12,no_reverse,50000,backoff,32,60793,1.0468,41265
fg,star,12,no_reverse,50000,backoff_tight,0,98,0.0731,2789991
fg,star,12,no_reverse,50000,backoff_tight,8,2805,0.1211,189153
fg,star,12,no_reverse,50000,backoff_tight,16,10206,0.2066,79743
fg,star,12,no_reverse,50000,backoff_tight,24,21587,0.4336,24885
fg,star,12,no_reverse,50000,backoff_tight,32,31954,0.6112,24558
fg,star,12,no_reverse,50000,seeds,0,544,0.5581,873
fg,star,12,no_reverse,50000,seeds,1,1354,0.562,726
fg,star,12,no_reverse,50000,seeds,2,4941,0.5901,555
fg,star,12,no_reverse,50000,seeds,3,28392,0.771,567
fg,star,12,no_reverse,50000,seeds,4,223487,2.8567,549
fg,star,12,no_reverse,50000,restart,1,16611,0.3474,412749
fg,star,12,no_reverse,50000,restart,2,19408,1.0359,36819
fg,star,12,no_reverse,50000,restart,3,19798,1.7504,5244
fg,star,12,no_reverse,50000,restart,4,17889,2.3412,2430
fg,star,12,no_reverse,50000,restart,5,19203,2.9928,2013
fg,star,12,no_reverse,50000,restart,6,19155,3.7021,1623
fg,star,12,no_reverse,50000,restart,7,23355,4.5795,1191
fg,star,12,no_reverse,50000,restart,8,30936,5.7398,1059
fg,star,12,no_reverse,50000,restart,9,33526,6.7615,951
fg,star,12,no_reverse,50000,restart,10,33484,8.0746,951
fg,star,12,no_reverse,50000,seeds+staged,0,544,0.5911,873
fg,star,12,no_reverse,50000,seeds+staged,1,1354,0.6093,726
fg,star,12,no_reverse,50000,seeds+staged,2,5674,0.6533,600
fg,star,12,no_reverse,50000,seeds+staged,3,40010,1.0189,432
fg,star,12,no_reverse,50000,seeds+staged,4,56920,1.2433,447
fg,star,12,no_reverse,50000,seeds+restart,1,28392,1.1209,567
fg,star,12,no_reverse,50000,seeds+restart,2,33142,2.5798,567
fg,star,16,full,50000,bfs,0,164,0.1523,225995193
fg,star,16,full,50000,bfs,1,442,0.1605,209852865
fg,star,16,full,50000,bfs,2,1240,0.167,147256362
fg,star,16,full,50000,bfs,3,4761,0.1912,75336516
fg,star,16,full,50000,bfs,4,37921,0.4634,33368823
fg,star,16,full,50000,bfs,5,763380,10.6925,13874229
fg,star,16,full,50000,staged,0,164,0.1338,225995193
fg,star,16,full,50000,staged,1,442,0.1559,209852865
fg,star,16,full,50000,staged,2,1374,0.1751,43465797
fg,star,16,full,50000,staged,3,11570,0.314,3254229
fg,star,16,full,50000,staged,4,52345,0.9372,484380
fg,star,16,full,50000,backoff,0,164,0.1325,225995193
fg,star,16,full,50000,backoff,8,12293,0.3094,13871709
fg,star,16,full,50000,backoff,16,30624,0.5373,5550390
fg,star,16,full,50000,backoff,24,38822,0.749,5550390
fg,star,16,full,50000,backoff,32,86861,1.806,1576116
fg,star,16,full,50000,backoff_tight,0,164,0.1077,225995193
fg,star,16,full,50000,backoff_tight,8,3408,0.1715,33388371
fg,star,16,full,50000,backoff_tight,16,9726,0.2739,13882869
fg,star,16,full,50000,backoff_tight,24,9764,0.2574,13882869
fg,star,16,full,50000,backoff_tight,32,9744,0.3378,13882869
fg,star,16,full,50000,seeds,0,923,1.1913,1467
fg,star,16,full,50000,seeds,1,2569,1.2,1014
fg,star,16,full,50000,seeds,2,10453,1.2723,843
fg,star,16,full,50000,seeds,3,72052,1.9758,813
fg,star,16,full,50000,restart,1,37921,1.0129,33368823
fg,star,16,full,50000,restart,2,50739,3.2684,2068380
fg,star,16,full,50000,restart,3,54301,5.7953,161427
fg,star,16,full,50000,restart,4,51085,8.6839,47532
fg,star,16,full,50000,restart,5,10390,9.5308,18834
fg,star,16,full,50000,restart,6,53062,12.1421,4857
fg,star,16,full,50000,restart,7,53660,14.8778,3972
fg,star,16,full,50000,restart,8,61468,17.7817,3516
fg,star,16,full,50000,restart,9,10612,18.6706,3171
fg,star,16,full,50000,restart,10,10510,19.4295,2811
fg,star,16,full,50000,restart,11,10519,20.3551,2532
fg,star,16,full,50000,restart,12,10562,21.7654,2316
fg,star,16,full,50000,restart,13,10558,22.6043,2136
fg,star,16,full,50000,restart,14,10541,23.4119,1992
fg,star,16,full,50000,restart,15,10527,24.2276,1920
fg,star,16,full,50000,restart,16,10531,25.0606,1920
fg,star,16,full,50000,seeds+staged,0,923,1.2737,1467
fg,star,16,full,50000,seeds+staged,1,3794,1.3338,1011
fg,star,16,full,50000,seeds+staged,2,28505,1.6037,855
fg,star,16,full,50000,seeds+staged,3,168715,3.4821,747
fg,star,16,full,50000,seeds+restart,1,10453,1.7482,843
fg,star,16,full,50000,seeds+restart,2,12148,4.232,816
fg,star,16,full,50000,seeds+restart,3,11835,5.8699,816
fg,star,16,no_reverse,50000,bfs,0,164,0.1379,225995193
fg,star,16,no_reverse,50000,bfs,1,442,0.148,209852865
fg,star,16,no_reverse,50000,bfs,2,1240,0.1573,147256362
fg,star,16,no_reverse,50000,bfs,3,4761,0.1811,75336516
fg,star,16,no_reverse,50000,bfs,4,37921,0.4556,33368823
fg,star,16,no_reverse,50000,bfs,5,763380,11.2326,13874229
fg,star,16,no_reverse,50000,staged,0,164,0.1692,225995193
fg,star,16,no_reverse,50000,staged,1,442,0.1826,209852865
fg,star,16,no_reverse,50000,staged,2,1353,0.1946,43465797
fg,star,16,no_reverse,50000,staged,3,9820,0.4127,3254499
fg,star,16,no_reverse,50000,staged,4,52406,1.0345,484380
fg,star,16,no_reverse,50000,backoff,0,164,0.1146,225995193
fg,star,16,no_reverse,50000,backoff,8,12293,0.2963,13871709
fg,star,16,no_reverse,50000,backoff,16,30624,0.5789,5550390
fg,star,16,no_reverse,50000,backoff,24,82639,1.4855,1888563
fg,star,16,no_reverse,50000,backoff_tight,0,164,0.1279,225995193
fg,star,16,no_reverse,50000,backoff_tight,8,3408,0.1824,33388371
fg,star,16,no_reverse,50000,backoff_tight,16,22612,0.4529,5556582
fg,star,16,no_reverse,50000,backoff_tight,24,27681,0.5231,5556582
fg,star,16,no_reverse,50000,backoff_tight,32,27681,0.5709,5556582
fg,star,16,no_reverse,50000,seeds,0,923,1.2419,1467
fg,star,16,no_reverse,50000,seeds,1,2411,1.2517,1014
fg,star,16,no_reverse,50000,seeds,2,9452,1.3031,843
fg,star,16,no_reverse,50000,seeds,3,63494,1.8655,813
fg,star,16,no_reverse,50000,restart,1,37921,1.0374,33368823
fg,star,16,no_reverse,50000,restart,2,47537,3.1853,2068380
fg,star,16,no_reverse,50000,restart,3,48082,5.2745,162120
fg,star,16,no_reverse,50000,restart,4,42235,7.3956,57168
fg,star,16,no_reverse,50000,restart,5,43426,9.5707,20592
fg,star,16,no_reverse,50000,restart,6,43778,11.8072,5199
fg,star,16,no_reverse,50000,restart,7,43879,14.0062,3897
fg,star,16,no_reverse,50000,restart,8,47411,15.9316,3432
fg,star,16,no_reverse,50000,restart,9,58136,19.1231,3081
fg,star,16,no_reverse,50000,restart,10,58044,21.9414,2793
fg,star,16,no_reverse,50000,restart,11,58057,24.6085,2505
fg,star,16,no_reverse,50000,restart,12,58022,27.2112,2253
fg,star,16,no_reverse,50000,restart,13,57982,30.0869,2109
fg,star,16,no_reverse,50000,restart,14,57979,33.1825,1965
fg,star,16,no_reverse,50000,restart,15,57926,36.2127,1965
fg,star,16,no_reverse,50000,seeds+staged,0,923,1.2052,1467
fg,star,16,no_reverse,50000,seeds+staged,1,2411,1.2228,1014
fg,star,16,no_reverse,50000,seeds+staged,2,10410,1.2988,843
fg,star,16,no_reverse,50000,seeds+staged,3,78892,2.2535,741
fg,star,16,no_reverse,50000,seeds+restart,1,63494,2.7584,813
fg,star,16,no_reverse,50000,seeds+restart,2,10780,4.3962,792
fg,star,16,no_reverse,50000,seeds+restart,3,11150,6.1202,792
fg,random_tree,6,full,50000,bfs,0,29,0.0183,3780
fg,random_tree,6,full,50000,bfs,1,67,0.0232,3618
fg,random_tree,6,full,50000,bfs,2,153,0.0242,2511
fg,random_tree,6,full,50000,bfs,3,362,0.0262,1188
fg,random_tree,6,full,50000,bfs,4,738,0.0292,630
fg,random_tree,6,full,50000,bfs,5,1258,0.0342,369
fg,random_tree,6,full,50000,bfs,6,1656,0.04,300
fg,random_tree,6,full,50000,bfs,7,1872,0.0404,219
fg,random_tree,6,full,50000,bfs,8,1947,0.0417,186
fg,random_tree,6,full,50000,bfs,9,1958,0.0463,171
fg,random_tree,6,full,50000,bfs,10,1958,0.0462,171
fg,random_tree,6,full,50000,staged,0,29,0.0258,3780
fg,random_tree,6,full,50000,staged,1,73,0.0381,3168
fg,random_tree,6,full,50000,staged,2,327,0.0468,693
fg,random_tree,6,full,50000,staged,3,1163,0.0619,303
fg,random_tree,6,full,50000,staged,4,1920,0.0761,186
fg,random_tree,6,full,50000,staged,5,1958,0.0779,171
fg,random_tree,6,full,50000,staged,6,1958,0.0805,171
fg,random_tree,6,full,50000,backoff,0,29,0.0297,3780
fg,random_tree,6,full,50000,backoff,8,1956,0.0762,171
fg,random_tree,6,full,50000,backoff,16,1958,0.0926,171
fg,random_tree,6,full,50000,backoff,24,1958,0.0975,171
fg,random_tree,6,full,50000,backoff,32,1958,0.1091,171
fg,random_tree,6,full,50000,backoff_tight,0,29,0.0264,3780
fg,random_tree,6,full,50000,backoff_tight,8,989,0.0606,459
fg,random_tree,6,full,50000,backoff_tight,16,1955,0.0862,171
fg,random_tree,6,full,50000,backoff_tight,24,1958,0.0888,171
fg,random_tree,6,full,50000,backoff_tight,32,1958,0.1007,171
fg,random_tree,6,full,50000,seeds,0,76,0.1558,216
fg,random_tree,6,full,50000,seeds,1,173,0.163,210
fg,random_tree,6,full,50000,seeds,2,334,0.1628,192
fg,random_tree,6,full,50000,seeds,3,730,0.1663,192
fg,random_tree,6,full,50000,seeds,4,1467,0.1761,171
fg,random_tree,6,full,50000,seeds,5,1890,0.1826,171
fg,random_tree,6,full,50000,seeds,6,1945,0.1887,171
fg,random_tree,6,full,50000,seeds,7,1958,0.1872,171
fg,random_tree,6,full,50000,seeds,8,1958,0.1867,171
fg,random_tree,6,full,50000,restart,1,1958,0.0764,171
fg,random_tree,6,full,50000,seeds+staged,0,76,0.1202,216
fg,random_tree,6,full,50000,seeds+staged,1,202,0.13,210
fg,random_tree,6,full,50000,seeds+staged,2,699,0.137,171
fg,random_tree,6,full,50000,seeds+staged,3,1885,0.1517,171
fg,random_tree,6,full,50000,seeds+staged,4,1998,0.1546,171
fg,random_tree,6,full,50000,seeds+staged,5,1958,0.1591,171
fg,random_tree,6,full,50000,seeds+staged,6,1958,0.1629,171
fg,random_tree,6,full,50000,seeds+restart,1,1958,0.1661,171
fg,random_tree,6,no_reverse,50000,bfs,0,29,0.0214,3780
fg,random_tree,6,no_reverse,50000,bfs,1,67,0.0262,3618
fg,random_tree,6,no_reverse,50000,bfs,2,153,0.0277,2511
fg,random_tree,6,no_reverse,50000,bfs,3,362,0.0296,1188
fg,random_tree,6,no_reverse,50000,bfs,4,738,0.0329,630
fg,random_tree,6,no_reverse,50000,bfs,5,1258,0.0383,369
fg,random_tree,6,no_reverse,50000,bfs,6,1656,0.0465,300
fg,random_tree,6,no_reverse,50000,bfs,7,1872,0.0468,219
fg,random_tree,6,no_reverse,50000,bfs,8,1947,0.0497,186
fg,random_tree,6,no_reverse,50000,bfs,9,1958,0.0542,171
fg,random_tree,6,no_reverse,50000,bfs,10,1958,0.0522,171
fg,random_tree,6,no_reverse,50000,staged,0,29,0.0275,3780
fg,random_tree,6,no_reverse,50000,staged,1,72,0.036,3168
fg,random_tree,6,no_reverse,50000,staged,2,285,0.041,693
fg,random_tree,6,no_reverse,50000,staged,3,1059,0.0503,336
fg,random_tree,6,no_reverse,50000,staged,4,1985,0.0799,222
fg,random_tree,6,no_reverse,50000,staged,5,1962,0.074,171
fg,random_tree,6,no_reverse,50000,staged,6,1958,0.0769,171
fg,random_tree,6,no_reverse,50000,staged,7,1958,0.0803,171
fg,random_tree,6,no_reverse,50000,backoff,0,29,0.0218,3780
fg,random_tree,6,no_reverse,50000,backoff,8,1956,0.0505,171
fg,random_tree,6,no_reverse,50000,backoff,16,1958,0.0615,171
fg,random_tree,6,no_reverse,50000,backoff,24,1958,0.0657,171
fg,random_tree,6,no_reverse,50000,backoff,32,1958,0.0729,171
fg,random_tree,6,no_reverse,50000,backoff_tight,0,29,0.0211,3780
fg,random_tree,6,no_reverse,50000,backoff_tight,8,1000,0.039,459
fg,random_tree,6,no_reverse,50000,backoff_tight,16,1958,0.0543,171
fg,random_tree,6,no_reverse,50000,backoff_tight,24,1958,0.0576,171
fg,random_tree,6,no_reverse,50000,backoff_tight,32,1958,0.0641,171
fg,random_tree,6,no_reverse,50000,seeds,0,76,0.1235,216
fg,random_tree,6,no_reverse,50000,seeds,1,146,0.1291,210
fg,random_tree,6,no_reverse,50000,seeds,2,251,0.1351,192
fg,random_tree,6,no_reverse,50000,seeds,3,459,0.1329,192
fg,random_tree,6,no_reverse,50000,seeds,4,850,0.1364,177
fg,random_tree,6,no_reverse,50000,seeds,5,1358,0.1464,177
fg,random_tree,6,no_reverse,50000,seeds,6,1737,0.147,171
fg,random_tree,6,no_reverse,50000,seeds,7,1929,0.1504,171
fg,random_tree,6,no_reverse,50000,seeds,8,1957,0.1548,171
fg,random_tree,6,no_reverse,50000,seeds,9,1958,0.1546,171
fg,random_tree,6,no_reverse,50000,seeds,10,1958,0.1543,171
fg,random_tree,6,no_reverse,50000,restart,1,1958,0.0717,171
fg,random_tree,6,no_reverse,50000,seeds+staged,0,76,0.1177,216
fg,random_tree,6,no_reverse,50000,seeds+staged,1,150,0.126,210
fg,random_tree,6,no_reverse,50000,seeds+staged,2,369,0.13,171
fg,random_tree,6,no_reverse,50000,seeds+staged,3,1161,0.1439,171
fg,random_tree,6,no_reverse,50000,seeds+staged,4,2077,0.1521,171
fg,random_tree,6,no_reverse,50000,seeds+staged,5,1960,0.1567,171
fg,random_tree,6,no_reverse,50000,seeds+staged,6,1958,0.1602,171
fg,random_tree,6,no_reverse,50000,seeds+staged,7,1958,0.1601,171
fg,random_tree,6,no_reverse,50000,seeds+restart,1,1958,0.1672,171
fg,random_tree,8,full,50000,bfs,0,48,0.032,34389
fg,random_tree,8,full,50000,bfs,1,118,0.038,32121
fg,random_tree,8,full,50000,bfs,2,298,0.04,22752
fg,random_tree,8,full,50000,bfs,3,930,0.0444,12303
fg,random_tree,8,full,50000,bfs,4,2905,0.0633,5958
fg,random_tree,8,full,50000,bfs,5,6754,0.1071,2394
fg,random_tree,8,full,50000,bfs,6,13122,0.1472,1260
fg,random_tree,8,full,50000,bfs,7,20301,0.2143,675
fg,random_tree,8,full,50000,bfs,8,25423,0.285,459
fg,random_tree,8,full,50000,bfs,9,27961,0.3898,369
fg,random_tree,8,full,50000,bfs,10,28792,0.5398,288
fg,random_tree,8,full,50000,bfs,11,28925,0.44,249
fg,random_tree,8,full,50000,bfs,12,28932,0.5382,249
fg,random_tree,8,full,50000,bfs,13,28932,0.4725,249
fg,random_tree,8,full,50000,staged,0,48,0.0252,34389
fg,random_tree,8,full,50000,staged,1,124,0.0331,27783
fg,random_tree,8,full,50000,staged,2,494,0.0377,5958
fg,random_tree,8,full,50000,staged,3,3387,0.0675,2205
fg,random_tree,8,full,50000,staged,4,16100,0.2021,465
fg,random_tree,8,full,50000,staged,5,29573,0.5101,279
fg,random_tree,8,full,50000,staged,6,29419,0.6457,249
fg,random_tree,8,full,50000,staged,7,28932,0.6875,249
fg,random_tree,8,full,50000,staged,8,28932,0.7133,249
fg,random_tree,8,full,50000,backoff,0,48,0.0337,34389
fg,random_tree,8,full,50000,backoff,8,3033,0.0831,3843
fg,random_tree,8,full,50000,backoff,16,12917,0.2293,846
fg,random_tree,8,full,50000,backoff,24,13742,0.2411,846
fg,random_tree,8,full,50000,backoff,32,15304,0.3563,432
fg,random_tree,8,full,50000,backoff_tight,0,48,0.0345,34389
fg,random_tree,8,full,50000,backoff_tight,8,1699,0.0685,2988
fg,random_tree,8,full,50000,backoff_tight,16,3823,0.0958,2079
fg,random_tree,8,full,50000,backoff_tight,24,8574,0.1596,846
fg,random_tree,8,full,50000,backoff_tight,32,9593,0.1674,846
fg,random_tree,8,full,50000,seeds,0,148,0.2313,324
fg,random_tree,8,full,50000,seeds,1,352,0.2386,297
fg,random_tree,8,full,50000,seeds,2,823,0.2427,318
fg,random_tree,8,full,50000,seeds,3,2081,0.257,318
fg,random_tree,8,full,50000,seeds,4,5236,0.2762,276
fg,random_tree,8,full,50000,seeds,5,11963,0.3386,270
fg,random_tree,8,full,50000,seeds,6,22311,0.4819,249
fg,random_tree,8,full,50000,seeds,7,28202,0.6002,249
fg,random_tree,8,full,50000,seeds,8,28897,0.7011,249
fg,random_tree,8,full,50000,seeds,9,28934,0.6908,249
fg,random_tree,8,full,50000,seeds,10,28932,0.7593,249
fg,random_tree,8,full,50000,seeds,11,28932,0.6832,249
fg,random_tree,8,full,50000,restart,1,13122,0.3328,1260
fg,random_tree,8,full,50000,restart,2,16705,0.8318,594
fg,random_tree,8,full,50000,restart,3,17651,1.3237,267
fg,random_tree,8,full,50000,restart,4,15399,1.71,267
fg,random_tree,8,full,50000,seeds+staged,0,148,0.2125,324
fg,random_tree,8,full,50000,seeds+staged,1,372,0.2223,297
fg,random_tree,8,full,50000,seeds+staged,2,1673,0.2392,249
fg,random_tree,8,full,50000,seeds+staged,3,9362,0.3383,249
fg,random_tree,8,full,50000,seeds+staged,4,28217,0.6033,249
fg,random_tree,8,full,50000,seeds+staged,5,30068,0.8136,249
fg,random_tree,8,full,50000,seeds+staged,6,28932,0.8833,249
fg,random_tree,8,full,50000,seeds+staged,7,28932,0.8178,249
fg,random_tree,8,full,50000,seeds+restart,1,11963,0.4824,270
fg,random_tree,8,full,50000,seeds+restart,2,11976,0.9935,255
fg,random_tree,8,full,50000,seeds+restart,3,11976,1.5846,255
fg,random_tree,8,no_reverse,50000,bfs,0,48,0.038,34389
fg,random_tree,8,no_reverse,50000,bfs,1,118,0.0437,32121
fg,random_tree,8,no_reverse,50000,bfs,2,298,0.0456,22752
fg,random_tree,8,no_reverse,50000,bfs,3,930,0.0503,12303
fg,random_tree,8,no_reverse,50000,bfs,4,2905,0.0683,5958
fg,random_tree,8,no_reverse,50000,bfs,5,6754,0.1014,2394
fg,random_tree,8,no_reverse,50000,bfs,6,13122,0.1501,1260
fg,random_tree,8,no_reverse,50000,bfs,7,20301,0.2458,675
fg,random_tree,8,no_reverse,50000,bfs,8,25423,0.3444,459
fg,random_tree,8,no_reverse,50000,bfs,9,27961,0.4624,369
fg,random_tree,8,no_reverse,50000,bfs,10,28792,0.5273,288
fg,random_tree,8,no_reverse,50000,bfs,11,28925,0.4924,249
fg,random_tree,8,no_reverse,50000,bfs,12,28932,0.5692,249
fg,random_tree,8,no_reverse,50000,bfs,13,28932,0.5153,249
fg,random_tree,8,no_reverse,50000,staged,0,48,0.0484,34389
fg,random_tree,8,no_reverse,50000,staged,1,123,0.0601,27783
fg,random_tree,8,no_reverse,50000,staged,2,444,0.0664,5958
fg,random_tree,8,no_reverse,50000,staged,3,2652,0.109,2412
fg,random_tree,8,no_reverse,50000,staged,4,14571,0.2707,564
fg,random_tree,8,no_reverse,50000,staged,5,28569,0.5119,279
fg,random_tree,8,no_reverse,50000,staged,6,29196,0.6427,249
fg,random_tree,8,no_reverse,50000,staged,7,28932,0.6456,249
fg,random_tree,8,no_reverse,50000,staged,8,28932,0.693,249
fg,random_tree,8,no_reverse,50000,backoff,0,48,0.0331,34389
fg,random_tree,8,no_reverse,50000,backoff,8,6436,0.125,2016
fg,random_tree,8,no_reverse,50000,backoff,16,26201,0.4219,303
fg,random_tree,8,no_reverse,50000,backoff,24,26600,0.5561,273
fg,random_tree,8,no_reverse,50000,backoff,32,26601,0.5461,273
fg,random_tree,8,no_reverse,50000,backoff_tight,0,48,0.0469,34389
fg,random_tree,8,no_reverse,50000,backoff_tight,8,1663,0.0763,2988
fg,random_tree,8,no_reverse,50000,backoff_tight,16,7477,0.1704,900
fg,random_tree,8,no_reverse,50000,backoff_tight,24,22022,0.338,432
fg,random_tree,8,no_reverse,50000,backoff_tight,32,21358,0.4018,432
fg,random_tree,8,no_reverse,50000,seeds,0,148,0.2451,324
fg,random_tree,8,no_reverse,50000,seeds,1,298,0.2508,297
fg,random_tree,8,no_reverse,50000,seeds,2,557,0.2549,318
fg,random_tree,8,no_reverse,50000,seeds,3,1212,0.2616,318
fg,random_tree,8,no_reverse,50000,seeds,4,3129,0.2736,276
fg,random_tree,8,no_reverse,50000,seeds,5,6978,0.3086,276
fg,random_tree,8,no_reverse,50000,seeds,6,13299,0.384,270
fg,random_tree,8,no_reverse,50000,seeds,7,20482,0.4773,255
fg,random_tree,8,no_reverse,50000,seeds,8,25572,0.4986,255
fg,random_tree,8,no_reverse,50000,seeds,9,28072,0.6093,249
fg,random_tree,8,no_reverse,50000,seeds,10,28859,0.6487,249
fg,random_tree,8,no_reverse,50000,seeds,11,28932,0.6767,249
fg,random_tree,8,no_reverse,50000,seeds,12,28932,0.6117,249
fg,random_tree,8,no_reverse,50000,restart,1,13122,0.3227,1260
fg,random_tree,8,no_reverse,50000,restart,2,13882,0.7029,945
fg,random_tree,8,no_reverse,50000,restart,3,13350,1.1939,882
fg,random_tree,8,no_reverse,50000,restart,4,13328,1.606,798
fg,random_tree,8,no_reverse,50000,restart,5,13221,1.9757,792
fg,random_tree,8,no_reverse,50000,restart,6,13221,2.3319,792
fg,random_tree,8,no_reverse,50000,seeds+staged,0,148,0.2365,324
fg,random_tree,8,no_reverse,50000,seeds+staged,1,302,0.2472,297
fg,random_tree,8,no_reverse,50000,seeds+staged,2,644,0.2526,249
fg,random_tree,8,no_reverse,50000,seeds+staged,3,2854,0.2832,249
fg,random_tree,8,no_reverse,50000,seeds+staged,4,14810,0.4352,249
fg,random_tree,8,no_reverse,50000,seeds+staged,5,28661,0.8829,249
fg,random_tree,8,no_reverse,50000,seeds+staged,6,29065,0.9626,249
fg,random_tree,8,no_reverse,50000,seeds+staged,7,28932,1.0372,249
fg,random_tree,8,no_reverse,50000,seeds+staged,8,28932,0.9616,249
fg,random_tree,8,no_reverse,50000,seeds+restart,1,13299,0.4693,270
fg,random_tree,8,no_reverse,50000,seeds+restart,2,13299,1.0332,270
fg,random_tree,12,full,50000,bfs,0,98,0.0719,2789991
fg,random_tree,12,full,50000,bfs,1,256,0.0787,2591055
fg,random_tree,12,full,50000,bfs,2,698,0.0825,1820610
fg,random_tree,12,full,50000,bfs,3,2603,0.1051,931230
fg,random_tree,12,full,50000,bfs,4,16583,0.2245,414369
fg,random_tree,12,full,50000,bfs,5,111675,1.3298,172989
fg,random_tree,12,full,50000,staged,0,98,0.0755,2789991
fg,random_tree,12,full,50000,staged,1,256,0.0873,2591055
fg,random_tree,12,full,50000,staged,2,878,0.0962,480501
fg,random_tree,12,full,50000,staged,3,8941,0.1985,35802
fg,random_tree,12,full,50000,staged,4,104046,1.8984,6759
fg,random_tree,12,full,50000,backoff,0,98,0.054,2789991
fg,random_tree,12,full,50000,backoff,8,5519,0.121,385164
fg,random_tree,12,full,50000,backoff,16,16511,0.2812,160308
fg,random_tree,12,full,50000,backoff,24,20213,0.3294,160308
fg,random_tree,12,full,50000,backoff,32,39866,0.8059,51381
fg,random_tree,12,full,50000,backoff_tight,0,98,0.0893,2789991
fg,random_tree,12,full,50000,backoff_tight,8,2764,0.148,191475
fg,random_tree,12,full,50000,backoff_tight,16,3480,0.1626,190179
fg,random_tree,12,full,50000,backoff_tight,24,8518,0.2337,87075
fg,random_tree,12,full,50000,backoff_tight,32,8696,0.2485,87075
fg,random_tree,12,full,50000,seeds,0,296,0.6378,549
fg,random_tree,12,full,50000,seeds,1,726,0.6445,525
fg,random_tree,12,full,50000,seeds,2,1496,0.6472,498
fg,random_tree,12,full,50000,seeds,3,4605,0.6723,492
fg,random_tree,12,full,50000,seeds,4,22065,0.8571,468
fg,random_tree,12,full,50000,seeds,5,128674,2.0417,459
fg,random_tree,12,full,50000,restart,1,16583,0.4226,414369
fg,random_tree,12,full,50000,restart,2,21214,1.1592,43029
fg,random_tree,12,full,50000,restart,3,24142,2.0602,10224
fg,random_tree,12,full,50000,restart,4,24073,2.9606,6462
fg,random_tree,12,full,50000,restart,5,23061,3.7553,4293
fg,random_tree,12,full,50000,restart,6,23006,4.6208,2619
fg,random_tree,12,full,50000,restart,7,21690,5.3328,2172
fg,random_tree,12,full,50000,restart,8,20483,6.0672,1872
fg,random_tree,12,full,50000,restart,9,19320,6.7696,1824
fg,random_tree,12,full,50000,restart,10,19344,7.4992,1788
fg,random_tree,12,full,50000,restart,11,19278,8.3911,1659
fg,random_tree,12,full,50000,restart,12,18960,9.2688,1551
fg,random_tree,12,full,50000,restart,13,18895,9.8334,1449
fg,random_tree,12,full,50000,restart,14,18873,10.634,1449
fg,random_tree,12,full,50000,seeds+staged,0,296,0.5568,549
fg,random_tree,12,full,50000,seeds+staged,1,868,0.582,525
fg,random_tree,12,full,50000,seeds+staged,2,3645,0.6193,405
fg,random_tree,12,full,50000,seeds+staged,3,39877,1.2066,405
fg,random_tree,12,full,50000,seeds+staged,4,54556,1.4693,405
fg,random_tree,12,full,50000,seeds+restart,1,22065,1.1579,468
fg,random_tree,12,full,50000,seeds+restart,2,22451,2.7192,468
fg,random_tree,12,no_reverse,50000,bfs,0,98,0.0683,2789991
fg,random_tree,12,no_reverse,50000,bfs,1,256,0.0737,2591055
fg,random_tree,12,no_reverse,50000,bfs,2,698,0.0774,1820610
fg,random_tree,12,no_reverse,50000,bfs,3,2603,0.0948,931230
fg,random_tree,12,no_reverse,50000,bfs,4,16583,0.1977,414369
fg,random_tree,12,no_reverse,50000,bfs,5,111675,1.4283,172989
fg,random_tree,12,no_reverse,50000,staged,0,98,0.0686,2789991
fg,random_tree,12,no_reverse,50000,staged,1,256,0.0778,2591055
fg,random_tree,12,no_reverse,50000,staged,2,847,0.0861,480546
fg,random_tree,12,no_reverse,50000,staged,3,7044,0.1819,36612
fg,random_tree,12,no_reverse,50000,staged,4,103554,1.8494,6993
fg,random_tree,12,no_reverse,50000,backoff,0,98,0.0732,2789991
fg,random_tree,12,no_reverse,50000,backoff,8,5519,0.1553,385164
fg,random_tree,12,no_reverse,50000,backoff,16,16460,0.2976,160308
fg,random_tree,12,no_reverse,50000,backoff,24,68094,1.2653,26937
fg,random_tree,12,no_reverse,50000,backoff_tight,0,98,0.0551,2789991
fg,random_tree,12,no_reverse,50000,backoff_tight,8,2764,0.0918,191475
fg,random_tree,12,no_reverse,50000,backoff_tight,16,9598,0.1738,87075
fg,random_tree,12,no_reverse,50000,backoff_tight,24,34422,0.5488,15489
fg,random_tree,12,no_reverse,50000,backoff_tight,32,40940,0.6058,14364
fg,random_tree,12,no_reverse,50000,seeds,0,296,0.5722,549
fg,random_tree,12,no_reverse,50000,seeds,1,622,0.5828,525
fg,random_tree,12,no_reverse,50000,seeds,2,1248,0.5847,501
fg,random_tree,12,no_reverse,50000,seeds,3,3174,0.5991,495
fg,random_tree,12,no_reverse,50000,seeds,4,17222,0.7121,474
fg,random_tree,12,no_reverse,50000,seeds,5,112425,1.8497,474
fg,random_tree,12,no_reverse,50000,restart,1,16583,0.3927,414369
fg,random_tree,12,no_reverse,50000,restart,2,19342,1.1341,43029
fg,random_tree,12,no_reverse,50000,restart,3,19906,1.9197,10296
fg,random_tree,12,no_reverse,50000,restart,4,18794,2.6726,6300
fg,random_tree,12,no_reverse,50000,restart,5,18209,3.3705,4500
fg,random_tree,12,no_reverse,50000,restart,6,17822,3.9546,2757
fg,random_tree,12,no_reverse,50000,restart,7,17334,4.487,2139
fg,random_tree,12,no_reverse,50000,restart,8,17389,4.9464,1965
fg,random_tree,12,no_reverse,50000,restart,9,17292,5.4865,1917
fg,random_tree,12,no_reverse,50000,restart,10,17290,6.0117,1917
fg,random_tree,12,no_reverse,50000,seeds+staged,0,296,0.5603,549
fg,random_tree,12,no_reverse,50000,seeds+staged,1,622,0.5761,525
fg,random_tree,12,no_reverse,50000,seeds+staged,2,1428,0.5876,405
fg,random_tree,12,no_reverse,50000,seeds+staged,3,8010,0.6658,405
fg,random_tree,12,no_reverse,50000,seeds+staged,4,104907,2.4063,405
fg,random_tree,12,no_reverse,50000,seeds+restart,1,17222,0.8571,474
fg,random_tree,12,no_reverse,50000,seeds+restart,2,17231,1.8499,474
fg,random_tree,16,full,50000,bfs,0,164,0.1484,225995193
fg,random_tree,16,full,50000,bfs,1,442,0.1581,209853189
fg,random_tree,16,full,50000,bfs,2,1240,0.164,147265002
fg,random_tree,16,full,50000,bfs,3,4749,0.194,75342024
fg,random_tree,16,full,50000,bfs,4,37704,0.4769,33408459
fg,random_tree,16,full,50000,bfs,5,756777,11.1224,13897017
fg,random_tree,16,full,50000,staged,0,164,0.1047,225995193
fg,random_tree,16,full,50000,staged,1,442,0.1164,209853189
fg,random_tree,16,full,50000,staged,2,1326,0.1288,43467471
fg,random_tree,16,full,50000,staged,3,7954,0.2247,6492789
fg,random_tree,16,full,50000,staged,4,106501,1.9633,921096
fg,random_tree,16,full,50000,backoff,0,164,0.1289,225995193
fg,random_tree,16,full,50000,backoff,8,9915,0.2819,13896081
fg,random_tree,16,full,50000,backoff,16,23758,0.521,5641056
fg,random_tree,16,full,50000,backoff,24,23673,0.5531,5641056
fg,random_tree,16,full,50000,backoff,32,29134,0.7624,5639112
fg,random_tree,16,full,50000,backoff_tight,0,164,0.1601,225995193
fg,random_tree,16,full,50000,backoff_tight,8,3714,0.2263,20532726
fg,random_tree,16,full,50000,backoff_tight,16,9689,0.307,8279685
fg,random_tree,16,full,50000,backoff_tight,24,14921,0.357,2750778
fg,random_tree,16,full,50000,backoff_tight,32,22842,0.6104,2691288
fg,random_tree,16,full,50000,seeds,0,470,0.9653,738
fg,random_tree,16,full,50000,seeds,1,1171,0.9632,723
fg,random_tree,16,full,50000,seeds,2,2999,0.9731,708
fg,random_tree,16,full,50000,seeds,3,9008,1.0327,666
fg,random_tree,16,full,50000,seeds,4,50947,1.4652,684
fg,random_tree,16,full,50000,restart,1,37704,1.0808,33408459
fg,random_tree,16,full,50000,restart,2,57954,3.4817,2779236
fg,random_tree,16,full,50000,restart,3,61538,6.8397,488898
fg,random_tree,16,full,50000,restart,4,53561,9.6461,229491
fg,random_tree,16,full,50000,restart,5,53347,12.6333,90153
fg,random_tree,16,full,50000,restart,6,49796,15.4868,34164
fg,random_tree,16,full,50000,restart,7,48739,17.9027,20835
fg,random_tree,16,full,50000,restart,8,46780,20.0131,14625
fg,random_tree,16,full,50000,restart,9,47936,22.5574,10659
fg,random_tree,16,full,50000,restart,10,49279,25.2178,8586
fg,random_tree,16,full,50000,restart,11,45269,27.3813,7335
fg,random_tree,16,full,50000,restart,12,44723,29.6754,6285
fg,random_tree,16,full,50000,restart,13,43649,31.9193,5412
fg,random_tree,16,full,50000,restart,14,43679,34.1007,5223
fg,random_tree,16,full,50000,restart,15,43701,36.2543,5223
fg,random_tree,16,full,50000,seeds+staged,0,470,1.168,738
fg,random_tree,16,full,50000,seeds+staged,1,1388,1.1706,723
fg,random_tree,16,full,50000,seeds+staged,2,6291,1.225,552
fg,random_tree,16,full,50000,seeds+staged,3,82611,2.4035,552
fg,random_tree,16,full,50000,seeds+restart,1,50947,3.088,684
fg,random_tree,16,full,50000,seeds+restart,2,51068,6.4916,684
fg,random_tree,16,no_reverse,50000,bfs,0,164,0.1584,225995193
fg,random_tree,16,no_reverse,50000,bfs,1,442,0.1647,209853189
fg,random_tree,16,no_reverse,50000,bfs,2,1240,0.1703,147265002
fg,random_tree,16,no_reverse,50000,bfs,3,4749,0.193,75342024
fg,random_tree,16,no_reverse,50000,bfs,4,37704,0.4473,33408459
fg,random_tree,16,no_reverse,50000,bfs,5,756777,15.3696,13897017
fg,random_tree,16,no_reverse,50000,staged,0,164,0.1337,225995193
fg,random_tree,16,no_reverse,50000,staged,1,442,0.1462,209853189
fg,random_tree,16,no_reverse,50000,staged,2,1317,0.1596,43467471
fg,random_tree,16,no_reverse,50000,staged,3,7122,0.2394,6810678
fg,random_tree,16,no_reverse,50000,staged,4,106425,2.1919,921096
fg,random_tree,16,no_reverse,50000,backoff,0,164,0.1339,225995193
fg,random_tree,16,no_reverse,50000,backoff,8,9915,0.3138,13896081
fg,random_tree,16,no_reverse,50000,backoff,16,37901,0.8908,3021948
fg,random_tree,16,no_reverse,50000,backoff,24,67110,1.4454,1112274
fg,random_tree,16,no_reverse,50000,backoff_tight,0,164,0.1284,225995193
fg,random_tree,16,no_reverse,50000,backoff_tight,8,3714,0.1957,20532726
fg,random_tree,16,no_reverse,50000,backoff_tight,16,14593,0.3561,3330234
fg,random_tree,16,no_reverse,50000,backoff_tight,24,34680,0.6928,1586988
fg,random_tree,16,no_reverse,50000,backoff_tight,32,34680,0.6822,1586988
fg,random_tree,16,no_reverse,50000,seeds,0,470,1.0812,738
fg,random_tree,16,no_reverse,50000,seeds,1,1009,1.0974,723
fg,random_tree,16,no_reverse,50000,seeds,2,2225,1.0956,708
fg,random_tree,16,no_reverse,50000,seeds,3,6416,1.1252,708
fg,random_tree,16,no_reverse,50000,seeds,4,39527,1.3844,651
fg,random_tree,16,no_reverse,50000,seeds,5,758648,12.5925,651
fg,random_tree,16,no_reverse,50000,restart,1,37704,0.8955,33408459
fg,random_tree,16,no_reverse,50000,restart,2,56380,3.5774,2779236
fg,random_tree,16,no_reverse,50000,restart,3,56779,6.2412,501210
fg,random_tree,16,no_reverse,50000,restart,4,46686,8.5957,239913
fg,random_tree,16,no_reverse,50000,restart,5,41868,11.1599,100971
fg,random_tree,16,no_reverse,50000,restart,6,41442,13.4971,43290
fg,random_tree,16,no_reverse,50000,restart,7,42013,15.5285,30375
fg,random_tree,16,no_reverse,50000,restart,8,40120,17.4677,24417
fg,random_tree,16,no_reverse,50000,restart,9,41169,19.5189,19728
fg,random_tree,16,no_reverse,50000,restart,10,39366,21.5031,17649
fg,random_tree,16,no_reverse,50000,restart,11,39866,23.3011,16245
fg,random_tree,16,no_reverse,50000,restart,12,39047,25.0805,15363
fg,random_tree,16,no_reverse,50000,restart,13,39081,27.0764,15030
fg,random_tree,16,no_reverse,50000,restart,14,39271,28.8886,14895
fg,random_tree,16,no_reverse,50000,restart,15,39293,30.4865,14868
fg,random_tree,16,no_reverse,50000,restart,16,39293,32.1122,14868
fg,random_tree,16,no_reverse,50000,seeds+staged,0,470,0.8998,738
fg,random_tree,16,no_reverse,50000,seeds+staged,1,1009,0.9095,723
fg,random_tree,16,no_reverse,50000,seeds+staged,2,2227,0.9225,552
fg,random_tree,16,no_reverse,50000,seeds+staged,3,8917,1.0018,555
fg,random_tree,16,no_reverse,50000,seeds+staged,4,108409,3.3452,555
fg,random_tree,16,no_reverse,50000,seeds+restart,1,39527,2.2492,651
fg,random_tree,16,no_reverse,50000,seeds+restart,2,39522,4.6101,651
fg,cycle,6,full,50000,bfs,0,31,0.0266,4509
fg,cycle,6,full,50000,bfs,1,72,0.0333,3753
fg,cycle,6,full,50000,bfs,2,174,0.0347,3645
fg,cycle,6,full,50000,bfs,3,494,0.038,1755
fg,cycle,6,full,50000,bfs,4,1141,0.044,1215
fg,cycle,6,full,50000,bfs,5,1804,0.056,756
fg,cycle,6,full,50000,bfs,6,2339,0.058,576
fg,cycle,6,full,50000,bfs,7,2546,0.0691,504
fg,cycle,6,full,50000,bfs,8,2589,0.09,513
fg,cycle,6,full,50000,bfs,9,2594,0.0696,513
fg,cycle,6,full,50000,bfs,10,2594,0.0708,513
fg,cycle,6,full,50000,staged,0,31,0.0229,4509
fg,cycle,6,full,50000,staged,1,72,0.0319,3753
fg,cycle,6,full,50000,staged,2,245,0.0369,2025
fg,cycle,6,full,50000,staged,3,1043,0.0464,621
fg,cycle,6,full,50000,staged,4,2296,0.0675,540
fg,cycle,6,full,50000,staged,5,2587,0.0822,549
fg,cycle,6,full,50000,staged,6,2594,0.0904,549
fg,cycle,6,full,50000,staged,7,2594,0.0961,549
fg,cycle,6,full,50000,backoff,0,31,0.0234,4509
fg,cycle,6,full,50000,backoff,8,2540,0.0638,603
fg,cycle,6,full,50000,backoff,16,2594,0.0855,603
fg,cycle,6,full,50000,backoff,24,2594,0.1006,603
fg,cycle,6,full,50000,backoff,32,2594,0.1187,603
fg,cycle,6,full,50000,backoff_tight,0,31,0.0319,4509
fg,cycle,6,full,50000,backoff_tight,8,1183,0.0635,1188
fg,cycle,6,full,50000,backoff_tight,16,2525,0.0807,648
fg,cycle,6,full,50000,backoff_tight,24,2594,0.1053,594
fg,cycle,6,full,50000,backoff_tight,32,2594,0.1215,594
fg,cycle,6,full,50000,seeds,0,94,0.1627,567
fg,cycle,6,full,50000,seeds,1,213,0.1708,567
fg,cycle,6,full,50000,seeds,2,420,0.1736,567
fg,cycle,6,full,50000,seeds,3,920,0.1848,567
fg,cycle,6,full,50000,seeds,4,1839,0.1939,567
fg,cycle,6,full,50000,seeds,5,2380,0.2008,522
fg,cycle,6,full,50000,seeds,6,2569,0.2031,504
fg,cycle,6,full,50000,seeds,7,2593,0.2053,504
fg,cycle,6,full,50000,seeds,8,2594,0.2066,504
fg,cycle,6,full,50000,seeds,9,2594,0.2089,504
fg,cycle,6,full,50000,restart,1,2594,0.1006,513
fg,cycle,6,full,50000,seeds+staged,0,94,0.1933,567
fg,cycle,6,full,50000,seeds+staged,1,249,0.2085,567
fg,cycle,6,full,50000,seeds+staged,2,848,0.2214,504
fg,cycle,6,full,50000,seeds+staged,3,2147,0.2512,504
fg,cycle,6,full,50000,seeds+staged,4,2594,0.2637,504
fg,cycle,6,full,50000,seeds+staged,5,2596,0.2735,504
fg,cycle,6,full,50000,seeds+staged,6,2594,0.2839,504
fg,cycle,6,full,50000,seeds+staged,7,2594,0.2839,504
fg,cycle,6,full,50000,seeds+restart,1,2594,0.2057,504
fg,cycle,6,no_reverse,50000,bfs,0,31,0.0311,4509
fg,cycle,6,no_reverse,50000,bfs,1,72,0.0373,3753
fg,cycle,6,no_reverse,50000,bfs,2,174,0.039,3645
fg,cycle,6,no_reverse,50000,bfs,3,494,0.0438,1755
fg,cycle,6,no_reverse,50000,bfs,4,1141,0.0508,1215
fg,cycle,6,no_reverse,50000,bfs,5,1804,0.0696,756
fg,cycle,6,no_reverse,50000,bfs,6,2339,0.0634,576
fg,cycle,6,no_reverse,50000,bfs,7,2546,0.0681,504
fg,cycle,6,no_reverse,50000,bfs,8,2589,0.0716,513
fg,cycle,6,no_reverse,50000,bfs,9,2594,0.0777,513
fg,cycle,6,no_reverse,50000,bfs,10,2594,0.0772,513
fg,cycle,6,no_reverse,50000,staged,0,31,0.0342,4509
fg,cycle,6,no_reverse,50000,staged,1,72,0.0458,3753
fg,cycle,6,no_reverse,50000,staged,2,229,0.0525,2025
fg,cycle,6,no_reverse,50000,staged,3,959,0.0642,711
fg,cycle,6,no_reverse,50000,staged,4,2332,0.0914,558
fg,cycle,6,no_reverse,50000,staged,5,2627,0.0986,567
fg,cycle,6,no_reverse,50000,staged,6,2594,0.1042,567
fg,cycle,6,no_reverse,50000,staged,7,2594,0.1054,567
fg,cycle,6,no_reverse,50000,backoff,0,31,0.0305,4509
fg,cycle,6,no_reverse,50000,backoff,8,2540,0.0765,603
fg,cycle,6,no_reverse,50000,backoff,16,2594,0.0881,603
fg,cycle,6,no_reverse,50000,backoff,24,2594,0.1029,603
fg,cycle,6,no_reverse,50000,backoff,32,2594,0.1128,603
fg,cycle,6,no_reverse,50000,backoff_tight,0,31,0.0234,4509
fg,cycle,6,no_reverse,50000,backoff_tight,8,1164,0.0443,1188
fg,cycle,6,no_reverse,50000,backoff_tight,16,2458,0.0773,594
fg,cycle,6,no_reverse,50000,backoff_tight,24,2821,0.0888,594
fg,cycle,6,no_reverse,50000,backoff_tight,32,2593,0.1016,594
fg,cycle,6,no_reverse,50000,seeds,0,94,0.1335,567
fg,cycle,6,no_reverse,50000,seeds,1,197,0.1392,567
fg,cycle,6,no_reverse,50000,seeds,2,339,0.1407,567
fg,cycle,6,no_reverse,50000,seeds,3,672,0.1442,567
fg,cycle,6,no_reverse,50000,seeds,4,1344,0.1533,567
fg,cycle,6,no_reverse,50000,seeds,5,1973,0.1597,522
fg,cycle,6,no_reverse,50000,seeds,6,2467,0.1646,522
fg,cycle,6,no_reverse,50000,seeds,7,2589,0.1714,504
fg,cycle,6,no_reverse,50000,seeds,8,2594,0.1833,504
fg,cycle,6,no_reverse,50000,seeds,9,2594,0.1842,504
fg,cycle,6,no_reverse,50000,restart,1,2594,0.0849,513
fg,cycle,6,no_reverse,50000,seeds+staged,0,94,0.1625,567
fg,cycle,6,no_reverse,50000,seeds+staged,1,197,0.173,567
fg,cycle,6,no_reverse,50000,seeds+staged,2,405,0.1787,504
fg,cycle,6,no_reverse,50000,seeds+staged,3,1136,0.1947,504
fg,cycle,6,no_reverse,50000,seeds+staged,4,2465,0.2116,504
fg,cycle,6,no_reverse,50000,seeds+staged,5,2643,0.2214,504
fg,cycle,6,no_reverse,50000,seeds+staged,6,2594,0.2268,504
fg,cycle,6,no_reverse,50000,seeds+staged,7,2594,0.229,504
fg,cycle,6,no_reverse,50000,seeds+restart,1,2594,0.2698,504
fg,cycle,8,full,50000,bfs,0,50,0.0522,40950
fg,cycle,8,full,50000,bfs,1,123,0.0581,33660
fg,cycle,8,full,50000,bfs,2,319,0.0608,31716
fg,cycle,8,full,50000,bfs,3,1103,0.0711,18891
fg,cycle,8,full,50000,bfs,4,4436,0.1125,8793
fg,cycle,8,full,50000,bfs,5,10755,0.1961,4203
fg,cycle,8,full,50000,bfs,6,19140,0.2958,2853
fg,cycle,8,full,50000,bfs,7,28571,0.496,1638
fg,cycle,8,full,50000,bfs,8,34801,0.5929,1080
fg,cycle,8,full,50000,bfs,9,37480,0.6836,909
fg,cycle,8,full,50000,bfs,10,38016,0.6465,963
fg,cycle,8,full,50000,bfs,11,38098,0.6601,936
fg,cycle,8,full,50000,bfs,12,38102,0.7272,936
fg,cycle,8,full,50000,bfs,13,38102,0.6684,936
fg,cycle,8,full,50000,staged,0,50,0.0427,40950
fg,cycle,8,full,50000,staged,1,123,0.0539,33660
fg,cycle,8,full,50000,staged,2,393,0.0605,16596
fg,cycle,8,full,50000,staged,3,2668,0.0995,3375
fg,cycle,8,full,50000,staged,4,14996,0.2255,1008
fg,cycle,8,full,50000,staged,5,33244,0.5986,936
fg,cycle,8,full,50000,staged,6,70045,1.0852,936
fg,cycle,8,full,50000,backoff,0,50,0.0481,40950
fg,cycle,8,full,50000,backoff,8,2825,0.1002,7875
fg,cycle,8,full,50000,backoff,16,6945,0.1546,3069
fg,cycle,8,full,50000,backoff,24,17267,0.3392,864
fg,cycle,8,full,50000,backoff,32,32578,0.6252,1062
fg,cycle,8,full,50000,backoff_tight,0,50,0.0411,40950
fg,cycle,8,full,50000,backoff_tight,8,1503,0.0706,4851
fg,cycle,8,full,50000,backoff_tight,16,3844,0.11,3096
fg,cycle,8,full,50000,backoff_tight,24,6745,0.1545,1530
fg,cycle,8,full,50000,backoff_tight,32,6803,0.1574,1530
fg,cycle,8,full,50000,seeds,0,223,0.2799,855
fg,cycle,8,full,50000,seeds,1,504,0.2899,855
fg,cycle,8,full,50000,seeds,2,1037,0.2949,855
fg,cycle,8,full,50000,seeds,3,2487,0.3013,855
fg,cycle,8,full,50000,seeds,4,7463,0.3486,855
fg,cycle,8,full,50000,seeds,5,16570,0.481,837
fg,cycle,8,full,50000,seeds,6,28019,0.7542,837
fg,cycle,8,full,50000,seeds,7,36812,0.7757,837
fg,cycle,8,full,50000,seeds,8,38078,0.9233,837
fg,cycle,8,full,50000,seeds,9,38100,1.0572,837
fg,cycle,8,full,50000,seeds,10,38102,1.0216,837
fg,cycle,8,full,50000,seeds,11,38102,0.9842,837
fg,cycle,8,full,50000,restart,1,10755,0.2751,4203
fg,cycle,8,full,50000,restart,2,13744,0.7274,1665
fg,cycle,8,full,50000,restart,3,13255,1.2929,1107
fg,cycle,8,full,50000,restart,4,12474,1.6519,1035
fg,cycle,8,full,50000,restart,5,12461,2.0071,1017
fg,cycle,8,full,50000,restart,6,12287,2.3792,1017
fg,cycle,8,full,50000,seeds+staged,0,223,0.3396,855
fg,cycle,8,full,50000,seeds+staged,1,652,0.3534,855
fg,cycle,8,full,50000,seeds+staged,2,3258,0.3872,837
fg,cycle,8,full,50000,seeds+staged,3,12588,0.4963,837
fg,cycle,8,full,50000,seeds+staged,4,31344,0.9447,837
fg,cycle,8,full,50000,seeds+staged,5,38897,1.0259,837
fg,cycle,8,full,50000,seeds+staged,6,38102,1.1366,837
fg,cycle,8,full,50000,seeds+staged,7,38102,1.2313,837
fg,cycle,8,full,50000,seeds+restart,1,16570,0.5708,837
fg,cycle,8,full,50000,seeds+restart,2,16586,1.2055,837
fg,cycle,8,no_reverse,50000,bfs,0,50,0.0401,40950
fg,cycle,8,no_reverse,50000,bfs,1,123,0.0458,33660
fg,cycle,8,no_reverse,50000,bfs,2,319,0.0478,31716
fg,cycle,8,no_reverse,50000,bfs,3,1103,0.0533,18891
fg,cycle,8,no_reverse,50000,bfs,4,4436,0.0858,8793
fg,cycle,8,no_reverse,50000,bfs,5,10755,0.1392,4203
fg,cycle,8,no_reverse,50000,bfs,6,19140,0.2434,2853
fg,cycle,8,no_reverse,50000,bfs,7,28571,0.4505,1638
fg,cycle,8,no_reverse,50000,bfs,8,34801,0.5547,1080
fg,cycle,8,no_reverse,50000,bfs,9,37480,0.528,909
fg,cycle,8,no_reverse,50000,bfs,10,38016,0.5356,963
fg,cycle,8,no_reverse,50000,bfs,11,38098,0.5956,936
fg,cycle,8,no_reverse,50000,bfs,12,38102,0.6408,936
fg,cycle,8,no_reverse,50000,bfs,13,38102,0.6619,936
fg,cycle,8,no_reverse,50000,staged,0,50,0.0489,40950
fg,cycle,8,no_reverse,50000,staged,1,123,0.0598,33660
fg,cycle,8,no_reverse,50000,staged,2,376,0.0646,16596
fg,cycle,8,no_reverse,50000,staged,3,2233,0.1,3429
fg,cycle,8,no_reverse,50000,staged,4,13904,0.2489,1053
fg,cycle,8,no_reverse,50000,staged,5,31739,0.5142,891
fg,cycle,8,no_reverse,50000,staged,6,69132,1.2443,918
fg,cycle,8,no_reverse,50000,backoff,0,50,0.027,40950
fg,cycle,8,no_reverse,50000,backoff,8,5196,0.083,3501
fg,cycle,8,no_reverse,50000,backoff,16,16878,0.2082,918
fg,cycle,8,no_reverse,50000,backoff,24,48014,0.6495,1008
fg,cycle,8,no_reverse,50000,backoff,32,45800,0.7354,1008
fg,cycle,8,no_reverse,50000,backoff_tight,0,50,0.0409,40950
fg,cycle,8,no_reverse,50000,backoff_tight,8,1786,0.0726,4473
fg,cycle,8,no_reverse,50000,backoff_tight,16,9237,0.1878,1368
fg,cycle,8,no_reverse,50000,backoff_tight,24,9419,0.1959,1368
fg,cycle,8,no_reverse,50000,backoff_tight,32,27761,0.5142,837
fg,cycle,8,no_reverse,50000,seeds,0,223,0.2357,855
fg,cycle,8,no_reverse,50000,seeds,1,466,0.2412,855
fg,cycle,8,no_reverse,50000,seeds,2,824,0.2463,855
fg,cycle,8,no_reverse,50000,seeds,3,1664,0.2481,855
fg,cycle,8,no_reverse,50000,seeds,4,5171,0.2685,855
fg,cycle,8,no_reverse,50000,seeds,5,11869,0.3224,855
fg,cycle,8,no_reverse,50000,seeds,6,20017,0.4054,855
fg,cycle,8,no_reverse,50000,seeds,7,29666,0.6333,837
fg,cycle,8,no_reverse,50000,seeds,8,35593,0.856,837
fg,cycle,8,no_reverse,50000,seeds,9,37752,0.876,837
fg,cycle,8,no_reverse,50000,seeds,10,38071,0.9878,837
fg,cycle,8,no_reverse,50000,seeds,11,38102,1.0626,837
fg,cycle,8,no_reverse,50000,seeds,12,38102,0.8784,837
fg,cycle,8,no_reverse,50000,restart,1,10755,0.3681,4203
fg,cycle,8,no_reverse,50000,restart,2,11771,0.793,1908
fg,cycle,8,no_reverse,50000,restart,3,11582,1.2234,1512
fg,cycle,8,no_reverse,50000,restart,4,11447,1.6155,1476
fg,cycle,8,no_reverse,50000,restart,5,11420,1.9712,1476
fg,cycle,8,no_reverse,50000,seeds+staged,0,223,0.3007,855
fg,cycle,8,no_reverse,50000,seeds+staged,1,466,0.3202,855
fg,cycle,8,no_reverse,50000,seeds+staged,2,939,0.3378,837
fg,cycle,8,no_reverse,50000,seeds+staged,3,2823,0.3636,837
fg,cycle,8,no_reverse,50000,seeds+staged,4,14510,0.5743,837
fg,cycle,8,no_reverse,50000,seeds+staged,5,32075,0.9734,837
fg,cycle,8,no_reverse,50000,seeds+staged,6,69196,1.6125,837
fg,cycle,8,no_reverse,50000,seeds+restart,1,11869,0.5551,855
fg,cycle,8,no_reverse,50000,seeds+restart,2,11869,1.0349,855
fg,cycle,12,full,50000,bfs,0,100,0.1008,3321432
fg,cycle,12,full,50000,bfs,1,261,0.1103,2723706
fg,cycle,12,full,50000,bfs,2,719,0.1163,2544858
fg,cycle,12,full,50000,bfs,3,2788,0.1471,1639737
fg,cycle,12,full,50000,bfs,4,20459,0.3388,754488
fg,cycle,12,full,50000,bfs,5,190521,2.8657,321624
fg,cycle,12,full,50000,staged,0,100,0.0788,3321432
fg,cycle,12,full,50000,staged,1,261,0.089,2723706
fg,cycle,12,full,50000,staged,2,862,0.0966,991683
fg,cycle,12,full,50000,staged,3,7376,0.1724,91449
fg,cycle,12,full,50000,staged,4,80265,1.3109,9396
fg,cycle,12,full,50000,backoff,0,100,0.0836,3321432
fg,cycle,12,full,50000,backoff,8,5289,0.1702,564165
fg,cycle,12,full,50000,backoff,16,12754,0.2342,251127
fg,cycle,12,full,50000,backoff,24,15181,0.3073,244539
fg,cycle,12,full,50000,backoff,32,24042,0.5289,106461
fg,cycle,12,full,50000,backoff_tight,0,100,0.0849,3321432
fg,cycle,12,full,50000,backoff_tight,8,2739,0.127,362043
fg,cycle,12,full,50000,backoff_tight,16,3483,0.1561,333585
fg,cycle,12,full,50000,backoff_tight,24,8019,0.2314,187947
fg,cycle,12,full,50000,backoff_tight,32,8180,0.2629,187947
fg,cycle,12,full,50000,seeds,0,395,0.5834,1458
fg,cycle,12,full,50000,seeds,1,895,0.5932,1458
fg,cycle,12,full,50000,seeds,2,1945,0.5959,1458
fg,cycle,12,full,50000,seeds,3,5160,0.6254,1458
fg,cycle,12,full,50000,seeds,4,25751,0.8441,1458
fg,cycle,12,full,50000,seeds,5,205872,3.2725,1458
fg,cycle,12,full,50000,restart,1,20459,0.4531,754488
fg,cycle,12,full,50000,restart,2,29471,1.6134,96714
fg,cycle,12,full,50000,restart,3,25369,2.7706,14688
fg,cycle,12,full,50000,restart,4,24940,3.7997,9261
fg,cycle,12,full,50000,restart,5,24518,4.8235,7695
fg,cycle,12,full,50000,restart,6,24238,5.7185,6606
fg,cycle,12,full,50000,restart,7,24231,6.7078,6210
fg,cycle,12,full,50000,restart,8,24096,7.6066,6075
fg,cycle,12,full,50000,restart,9,24127,8.5252,5805
fg,cycle,12,full,50000,restart,10,23941,9.4736,5688
fg,cycle,12,full,50000,restart,11,23874,10.5023,5688
fg,cycle,12,full,50000,seeds+staged,0,395,0.7323,1458
fg,cycle,12,full,50000,seeds+staged,1,1147,0.7668,1458
fg,cycle,12,full,50000,seeds+staged,2,6070,0.8242,1332
fg,cycle,12,full,50000,seeds+staged,3,39259,1.4035,1323
fg,cycle,12,full,50000,seeds+staged,4,50678,1.6499,1323
fg,cycle,12,full,50000,seeds+restart,1,25751,1.6252,1458
fg,cycle,12,full,50000,seeds+restart,2,25751,3.1057,1458
fg,cycle,12,no_reverse,50000,bfs,0,100,0.0849,3321432
fg,cycle,12,no_reverse,50000,bfs,1,261,0.0906,2723706
fg,cycle,12,no_reverse,50000,bfs,2,719,0.0963,2544858
fg,cycle,12,no_reverse,50000,bfs,3,2788,0.1156,1639737
fg,cycle,12,no_reverse,50000,bfs,4,20459,0.27,754488
fg,cycle,12,no_reverse,50000,bfs,5,190521,2.6441,321624
fg,cycle,12,no_reverse,50000,staged,0,100,0.073,3321432
fg,cycle,12,no_reverse,50000,staged,1,261,0.0834,2723706
fg,cycle,12,no_reverse,50000,staged,2,838,0.1035,991683
fg,cycle,12,no_reverse,50000,staged,3,5904,0.1575,91827
fg,cycle,12,no_reverse,50000,staged,4,80033,1.6249,9396
fg,cycle,12,no_reverse,50000,backoff,0,100,0.0864,3321432
fg,cycle,12,no_reverse,50000,backoff,8,5289,0.1811,564165
fg,cycle,12,no_reverse,50000,backoff,16,22881,0.5104,118260
fg,cycle,12,no_reverse,50000,backoff,24,69402,1.3,20034
fg,cycle,12,no_reverse,50000,backoff_tight,0,100,0.0775,3321432
fg,cycle,12,no_reverse,50000,backoff_tight,8,2739,0.1283,362043
fg,cycle,12,no_reverse,50000,backoff_tight,16,8943,0.2424,180900
fg,cycle,12,no_reverse,50000,backoff_tight,24,19420,0.4233,65988
fg,cycle,12,no_reverse,50000,backoff_tight,32,34709,0.7286,27108
fg,cycle,12,no_reverse,50000,seeds,0,395,0.6143,1458
fg,cycle,12,no_reverse,50000,seeds,1,819,0.6269,1458
fg,cycle,12,no_reverse,50000,seeds,2,1515,0.6282,1458
fg,cycle,12,no_reverse,50000,seeds,3,3650,0.6453,1458
fg,cycle,12,no_reverse,50000,seeds,4,21399,0.7885,1458
fg,cycle,12,no_reverse,50000,seeds,5,194547,3.1714,1458
fg,cycle,12,no_reverse,50000,restart,1,20459,0.46,754488
fg,cycle,12,no_reverse,50000,restart,2,26990,1.672,96714
fg,cycle,12,no_reverse,50000,restart,3,22777,2.8052,16119
fg,cycle,12,no_reverse,50000,restart,4,21200,3.6059,7965
fg,cycle,12,no_reverse,50000,restart,5,20890,4.2149,7362
fg,cycle,12,no_reverse,50000,restart,6,20820,4.8225,7128
fg,cycle,12,no_reverse,50000,restart,7,20808,5.8146,6912
fg,cycle,12,no_reverse,50000,restart,8,20795,6.7546,6912
fg,cycle,12,no_reverse,50000,seeds+staged,0,395,0.6129,1458
fg,cycle,12,no_reverse,50000,seeds+staged,1,819,0.6178,1458
fg,cycle,12,no_reverse,50000,seeds+staged,2,1727,0.6235,1332
fg,cycle,12,no_reverse,50000,seeds+staged,3,6838,0.6909,1332
fg,cycle,12,no_reverse,50000,seeds+staged,4,80975,2.0013,1332
fg,cycle,12,no_reverse,50000,seeds+restart,1,21399,1.5134,1458
fg,cycle,12,no_reverse,50000,seeds+restart,2,21399,3.2609,1458
fg,cycle,16,full,50000,bfs,0,166,0.1627,269041914
fg,cycle,16,full,50000,bfs,1,447,0.1696,220614552
fg,cycle,16,full,50000,bfs,2,1261,0.1756,206087040
fg,cycle,16,full,50000,bfs,3,4948,0.2305,132736707
fg,cycle,16,full,50000,bfs,4,42273,0.5687,61043310
fg,cycle,16,full,50000,bfs,5,1055897,17.8611,25942446
fg,cycle,16,full,50000,staged,0,166,0.1169,269041914
fg,cycle,16,full,50000,staged,1,447,0.1289,220614552
fg,cycle,16,full,50000,staged,2,1395,0.1493,84958155
fg,cycle,16,full,50000,staged,3,11094,0.2468,6994278
fg,cycle,16,full,50000,staged,4,113998,2.1591,410166
fg,cycle,16,full,50000,backoff,0,166,0.1861,269041914
fg,cycle,16,full,50000,backoff,8,11691,0.4265,25936749
fg,cycle,16,full,50000,backoff,16,27145,0.8047,10538892
fg,cycle,16,full,50000,backoff,24,33540,0.9174,10538892
fg,cycle,16,full,50000,backoff,32,72428,1.9106,3545784
fg,cycle,16,full,50000,backoff_tight,0,166,0.163,269041914
fg,cycle,16,full,50000,backoff_tight,8,2507,0.2118,26801208
fg,cycle,16,full,50000,backoff_tight,16,5178,0.2413,10923534
fg,cycle,16,full,50000,backoff_tight,24,5121,0.2594,10923534
fg,cycle,16,full,50000,backoff_tight,32,4985,0.2614,10923534
fg,cycle,16,full,50000,seeds,0,578,1.1449,2088
fg,cycle,16,full,50000,seeds,1,1342,1.1542,2088
fg,cycle,16,full,50000,seeds,2,2982,1.17,2088
fg,cycle,16,full,50000,seeds,3,8216,1.1926,2088
fg,cycle,16,full,50000,seeds,4,49642,1.8187,2088
fg,cycle,16,full,50000,seeds,5,1073686,26.0866,2088
fg,cycle,16,full,50000,restart,1,42273,1.2554,61043310
fg,cycle,16,full,50000,restart,2,56561,3.7902,5328351
fg,cycle,16,full,50000,restart,3,58311,7.2107,599814
fg,cycle,16,full,50000,restart,4,54906,10.12,248706
fg,cycle,16,full,50000,restart,5,59043,13.4473,85905
fg,cycle,16,full,50000,restart,6,54015,16.3559,33867
fg,cycle,16,full,50000,restart,7,52704,19.2893,17073
fg,cycle,16,full,50000,restart,8,49677,22.1497,14346
fg,cycle,16,full,50000,restart,9,49472,25.3501,14238
fg,cycle,16,full,50000,restart,10,49524,28.4067,14238
fg,cycle,16,full,50000,seeds+staged,0,578,1.2376,2088
fg,cycle,16,full,50000,seeds+staged,1,1694,1.2593,2088
fg,cycle,16,full,50000,seeds+staged,2,9330,1.385,1926
fg,cycle,16,full,50000,seeds+staged,3,72593,2.7944,1926
fg,cycle,16,full,50000,seeds+restart,1,49642,2.5391,2088
fg,cycle,16,full,50000,seeds+restart,2,49642,5.7553,2088
fg,cycle,16,no_reverse,50000,bfs,0,166,0.1731,269041914
fg,cycle,16,no_reverse,50000,bfs,1,447,0.1816,220614552
fg,cycle,16,no_reverse,50000,bfs,2,1261,0.1905,206087040
fg,cycle,16,no_reverse,50000,bfs,3,4948,0.232,132736707
fg,cycle,16,no_reverse,50000,bfs,4,42273,0.5931,61043310
fg,cycle,16,no_reverse,50000,bfs,5,1055897,18.8899,25942446
fg,cycle,16,no_reverse,50000,staged,0,166,0.2007,269041914
fg,cycle,16,no_reverse,50000,staged,1,447,0.2213,220614552
fg,cycle,16,no_reverse,50000,staged,2,1374,0.2306,84958155
fg,cycle,16,no_reverse,50000,staged,3,9508,0.389,6994521
fg,cycle,16,no_reverse,50000,staged,4,115301,2.0455,410166
fg,cycle,16,no_reverse,50000,backoff,0,166,0.1926,269041914
fg,cycle,16,no_reverse,50000,backoff,8,11691,0.4503,25936749
fg,cycle,16,no_reverse,50000,backoff,16,27145,0.6802,10538892
fg,cycle,16,no_reverse,50000,backoff,24,71393,1.4882,4169376
fg,cycle,16,no_reverse,50000,backoff_tight,0,166,0.1641,269041914
fg,cycle,16,no_reverse,50000,backoff_tight,8,2507,0.2069,26801208
fg,cycle,16,no_reverse,50000,backoff_tight,16,12257,0.3416,4383918
fg,cycle,16,no_reverse,50000,backoff_tight,24,30341,0.7903,1718991
fg,cycle,16,no_reverse,50000,backoff_tight,32,30341,0.7996,1718991
fg,cycle,16,no_reverse,50000,seeds,0,578,1.429,2088
fg,cycle,16,no_reverse,50000,seeds,1,1226,1.4451,2088
fg,cycle,16,no_reverse,50000,seeds,2,2364,1.4236,2088
fg,cycle,16,no_reverse,50000,seeds,3,6136,1.4686,2088
fg,cycle,16,no_reverse,50000,seeds,4,43497,1.9405,2088
fg,cycle,16,no_reverse,50000,seeds,5,1058532,25.6437,2088
fg,cycle,16,no_reverse,50000,restart,1,42273,1.0077,61043310
fg,cycle,16,no_reverse,50000,restart,2,53054,3.3445,5328351
fg,cycle,16,no_reverse,50000,restart,3,52097,6.2319,604674
fg,cycle,16,no_reverse,50000,restart,4,49297,9.6299,273870
fg,cycle,16,no_reverse,50000,restart,5,49271,12.5797,110169
fg,cycle,16,no_reverse,50000,restart,6,48170,15.0774,37620
fg,cycle,16,no_reverse,50000,restart,7,45914,18.0137,18315
fg,cycle,16,no_reverse,50000,restart,8,43138,20.8805,14319
fg,cycle,16,no_reverse,50000,restart,9,42963,23.8622,14211
fg,cycle,16,no_reverse,50000,restart,10,42965,26.5544,14103
fg,cycle,16,no_reverse,50000,restart,11,42955,29.3655,14103
fg,cycle,16,no_reverse,50000,seeds+staged,0,578,1.5477,2088
fg,cycle,16,no_reverse,50000,seeds+staged,1,1226,1.5546,2088
fg,cycle,16,no_reverse,50000,seeds+staged,2,2605,1.5681,1926
fg,cycle,16,no_reverse,50000,seeds+staged,3,10797,1.6951,1926
fg,cycle,16,no_reverse,50000,seeds+staged,4,116575,3.7248,1926
fg,cycle,16,no_reverse,50000,seeds+restart,1,43497,2.9917,2088
fg,cycle,16,no_reverse,50000,seeds+restart,2,43497,6.7408,2088
fg,grid2,6,full,50000,bfs,0,33,0.0319,5238
fg,grid2,6,full,50000,bfs,1,77,0.0392,4374
fg,grid2,6,full,50000,bfs,2,193,0.0414,3834
fg,grid2,6,full,50000,bfs,3,639,0.0459,2673
fg,grid2,6,full,50000,bfs,4,2002,0.0612,1431
fg,grid2,6,full,50000,bfs,5,3459,0.2605,945
fg,grid2,6,full,50000,bfs,6,4917,0.1435,774
fg,grid2,6,full,50000,bfs,7,5527,0.1616,567
fg,grid2,6,full,50000,bfs,8,5690,0.1682,531
fg,grid2,6,full,50000,bfs,9,5723,0.1837,639
fg,grid2,6,full,50000,bfs,10,5725,0.1789,639
fg,grid2,6,full,50000,bfs,11,5725,0.1747,639
fg,grid2,6,full,50000,staged,0,33,0.0247,5238
fg,grid2,6,full,50000,staged,1,77,0.0336,4374
fg,grid2,6,full,50000,staged,2,194,0.0374,3834
fg,grid2,6,full,50000,staged,3,867,0.0458,1701
fg,grid2,6,full,50000,staged,4,3463,0.0792,828
fg,grid2,6,full,50000,staged,5,5595,0.1088,594
fg,grid2,6,full,50000,staged,6,5724,0.1314,540
fg,grid2,6,full,50000,staged,7,5725,0.1341,540
fg,grid2,6,full,50000,staged,8,5725,0.1395,540
fg,grid2,6,full,50000,backoff,0,33,0.0243,5238
fg,grid2,6,full,50000,backoff,8,3113,0.0645,774
fg,grid2,6,full,50000,backoff,16,6335,0.1494,585
fg,grid2,6,full,50000,backoff,24,7105,0.1383,585
fg,grid2,6,full,50000,backoff,32,11005,0.2595,639
fg,grid2,6,full,50000,backoff_tight,0,33,0.0285,5238
fg,grid2,6,full,50000,backoff_tight,8,1792,0.0554,1089
fg,grid2,6,full,50000,backoff_tight,16,3412,0.0792,873
fg,grid2,6,full,50000,backoff_tight,24,3111,0.0886,873
fg,grid2,6,full,50000,backoff_tight,32,5745,0.1238,675
fg,grid2,6,full,50000,seeds,0,171,0.2717,567
fg,grid2,6,full,50000,seeds,1,393,0.2793,567
fg,grid2,6,full,50000,seeds,2,634,0.2943,567
fg,grid2,6,full,50000,seeds,3,1531,0.3017,549
fg,grid2,6,full,50000,seeds,4,3756,0.3286,549
fg,grid2,6,full,50000,seeds,5,5411,0.3497,549
fg,grid2,6,full,50000,seeds,6,5713,0.3972,531
fg,grid2,6,full,50000,seeds,7,5726,0.4145,531
fg,grid2,6,full,50000,seeds,8,5725,0.4156,531
fg,grid2,6,full,50000,seeds,9,5725,0.4156,531
fg,grid2,6,full,50000,restart,1,5725,0.1897,639
fg,grid2,6,full,50000,seeds+staged,0,171,0.5312,567
fg,grid2,6,full,50000,seeds+staged,1,484,0.5555,567
fg,grid2,6,full,50000,seeds+staged,2,1389,0.5999,531
fg,grid2,6,full,50000,seeds+staged,3,4095,0.6299,531
fg,grid2,6,full,50000,seeds+staged,4,5600,0.6561,531
fg,grid2,6,full,50000,seeds+staged,5,5735,0.669,531
fg,grid2,6,full,50000,seeds+staged,6,5725,0.6764,531
fg,grid2,6,full,50000,seeds+staged,7,5725,0.686,531
fg,grid2,6,full,50000,seeds+restart,1,5725,0.5304,531
fg,grid2,6,no_reverse,50000,bfs,0,33,0.0239,5238
fg,grid2,6,no_reverse,50000,bfs,1,77,0.0286,4374
fg,grid2,6,no_reverse,50000,bfs,2,193,0.0301,3834
fg,grid2,6,no_reverse,50000,bfs,3,639,0.0333,2673
fg,grid2,6,no_reverse,50000,bfs,4,2002,0.0467,1431
fg,grid2,6,no_reverse,50000,bfs,5,3459,0.0565,945
fg,grid2,6,no_reverse,50000,bfs,6,4917,0.0677,774
fg,grid2,6,no_reverse,50000,bfs,7,5527,0.0759,567
fg,grid2,6,no_reverse,50000,bfs,8,5690,0.0819,531
fg,grid2,6,no_reverse,50000,bfs,9,5723,0.0827,639
fg,grid2,6,no_reverse,50000,bfs,10,5725,0.0946,639
fg,grid2,6,no_reverse,50000,bfs,11,5725,0.1016,639
fg,grid2,6,no_reverse,50000,staged,0,33,0.0244,5238
fg,grid2,6,no_reverse,50000,staged,1,77,0.0305,4374
fg,grid2,6,no_reverse,50000,staged,2,194,0.0341,3834
fg,grid2,6,no_reverse,50000,staged,3,814,0.0425,1998
fg,grid2,6,no_reverse,50000,staged,4,3488,0.0726,783
fg,grid2,6,no_reverse,50000,staged,5,6054,0.1043,567
fg,grid2,6,no_reverse,50000,staged,6,5778,0.1199,522
fg,grid2,6,no_reverse,50000,staged,7,5725,0.1275,522
fg,grid2,6,no_reverse,50000,staged,8,5725,0.1337,522
fg,grid2,6,no_reverse,50000,backoff,0,33,0.0318,5238
fg,grid2,6,no_reverse,50000,backoff,8,3113,0.0781,774
fg,grid2,6,no_reverse,50000,backoff,16,7125,0.1372,540
fg,grid2,6,no_reverse,50000,backoff,24,7076,0.1676,540
fg,grid2,6,no_reverse,50000,backoff,32,11623,0.221,576
fg,grid2,6,no_reverse,50000,backoff_tight,0,33,0.0212,5238
fg,grid2,6,no_reverse,50000,backoff_tight,8,1792,0.043,1089
fg,grid2,6,no_reverse,50000,backoff_tight,16,3207,0.0604,873
fg,grid2,6,no_reverse,50000,backoff_tight,24,5758,0.0889,675
fg,grid2,6,no_reverse,50000,backoff_tight,32,8085,0.1178,531
fg,grid2,6,no_reverse,50000,seeds,0,171,0.2815,567
fg,grid2,6,no_reverse,50000,seeds,1,373,0.2864,567
fg,grid2,6,no_reverse,50000,seeds,2,636,0.2911,567
fg,grid2,6,no_reverse,50000,seeds,3,1183,0.2917,549
fg,grid2,6,no_reverse,50000,seeds,4,2624,0.3003,549
fg,grid2,6,no_reverse,50000,seeds,5,4114,0.3249,549
fg,grid2,6,no_reverse,50000,seeds,6,5399,0.3619,549
fg,grid2,6,no_reverse,50000,seeds,7,5694,0.3748,531
fg,grid2,6,no_reverse,50000,seeds,8,5735,0.3589,531
fg,grid2,6,no_reverse,50000,seeds,9,5725,0.3624,531
fg,grid2,6,no_reverse,50000,seeds,10,5725,0.3832,531
fg,grid2,6,no_reverse,50000,restart,1,5725,0.1711,639
fg,grid2,6,no_reverse,50000,seeds+staged,0,171,0.2994,567
fg,grid2,6,no_reverse,50000,seeds+staged,1,373,0.3107,567
fg,grid2,6,no_reverse,50000,seeds+staged,2,680,0.3253,531
fg,grid2,6,no_reverse,50000,seeds+staged,3,1456,0.3301,531
fg,grid2,6,no_reverse,50000,seeds+staged,4,4137,0.3807,531
fg,grid2,6,no_reverse,50000,seeds+staged,5,6278,0.4071,531
fg,grid2,6,no_reverse,50000,seeds+staged,6,5777,0.4438,531
fg,grid2,6,no_reverse,50000,seeds+staged,7,5725,0.4275,531
fg,grid2,6,no_reverse,50000,seeds+staged,8,5725,0.4321,531
fg,grid2,6,no_reverse,50000,seeds+restart,1,5725,0.5244,531
fg,grid2,8,full,50000,bfs,0,54,0.0447,54072
fg,grid2,8,full,50000,bfs,1,133,0.0498,40302
fg,grid2,8,full,50000,bfs,2,359,0.0518,33984
fg,grid2,8,full,50000,bfs,3,1459,0.0642,29232
fg,grid2,8,full,50000,bfs,4,9779,0.1604,13896
fg,grid2,8,full,50000,bfs,5,46136,0.5419,5715
fg,grid2,8,full,50000,bfs,6,86191,1.4365,2799
fg,grid2,8,full,50000,staged,0,54,0.0429,54072
fg,grid2,8,full,50000,staged,1,133,0.0536,40302
fg,grid2,8,full,50000,staged,2,360,0.058,33984
fg,grid2,8,full,50000,staged,3,1593,0.0748,15786
fg,grid2,8,full,50000,staged,4,16590,0.2486,5526
fg,grid2,8,full,50000,staged,5,58555,1.1914,2259
fg,grid2,8,full,50000,backoff,0,54,0.0653,54072
fg,grid2,8,full,50000,backoff,8,4776,0.1556,8145
fg,grid2,8,full,50000,backoff,16,23712,0.3997,1935
fg,grid2,8,full,50000,backoff,24,50844,1.0141,1710
fg,grid2,8,full,50000,backoff_tight,0,54,0.0686,54072
fg,grid2,8,full,50000,backoff_tight,8,1772,0.1094,12546
fg,grid2,8,full,50000,backoff_tight,16,2516,0.1395,8064
fg,grid2,8,full,50000,backoff_tight,24,3465,0.1619,3555
fg,grid2,8,full,50000,backoff_tight,32,4652,0.1694,3420
fg,grid2,8,full,50000,seeds,0,288,0.5693,936
fg,grid2,8,full,50000,seeds,1,689,0.5757,936
fg,grid2,8,full,50000,seeds,2,1262,0.5851,936
fg,grid2,8,full,50000,seeds,3,2973,0.6037,936
fg,grid2,8,full,50000,seeds,4,13581,0.7236,936
fg,grid2,8,full,50000,seeds,5,56556,1.3083,936
fg,grid2,8,full,50000,restart,1,46136,1.4307,5715
fg,grid2,8,full,50000,restart,2,11560,1.7675,2232
fg,grid2,8,full,50000,restart,3,11306,2.1103,1296
fg,grid2,8,full,50000,restart,4,11290,2.4462,1143
fg,grid2,8,full,50000,restart,5,11131,2.8828,1143
fg,grid2,8,full,50000,seeds+staged,0,288,0.5665,936
fg,grid2,8,full,50000,seeds+staged,1,872,0.5941,936
fg,grid2,8,full,50000,seeds+staged,2,2669,0.5982,801
fg,grid2,8,full,50000,seeds+staged,3,15441,0.7526,801
fg,grid2,8,full,50000,seeds+staged,4,67854,1.7005,801
fg,grid2,8,full,50000,seeds+restart,1,13581,0.998,936
fg,grid2,8,full,50000,seeds+restart,2,13581,1.9928,936
fg,grid2,8,no_reverse,50000,bfs,0,54,0.0446,54072
fg,grid2,8,no_reverse,50000,bfs,1,133,0.0498,40302
fg,grid2,8,no_reverse,50000,bfs,2,359,0.0517,33984
fg,grid2,8,no_reverse,50000,bfs,3,1459,0.0594,29232
fg,grid2,8,no_reverse,50000,bfs,4,9779,0.1331,13896
fg,grid2,8,no_reverse,50000,bfs,5,46136,0.5632,5715
fg,grid2,8,no_reverse,50000,bfs,6,86255,1.4327,2799
fg,grid2,8,no_reverse,50000,staged,0,54,0.0422,54072
fg,grid2,8,no_reverse,50000,staged,1,133,0.0506,40302
fg,grid2,8,no_reverse,50000,staged,2,360,0.0556,33984
fg,grid2,8,no_reverse,50000,staged,3,1567,0.0703,15786
fg,grid2,8,no_reverse,50000,staged,4,15070,0.2709,6444
fg,grid2,8,no_reverse,50000,staged,5,58553,0.9135,2169
fg,grid2,8,no_reverse,50000,backoff,0,54,0.0787,54072
fg,grid2,8,no_reverse,50000,backoff,8,4968,0.1622,8064
fg,grid2,8,no_reverse,50000,backoff,16,23296,0.4911,1791
fg,grid2,8,no_reverse,50000,backoff,24,55638,0.9548,1980
fg,grid2,8,no_reverse,50000,backoff_tight,0,54,0.043,54072
fg,grid2,8,no_reverse,50000,backoff_tight,8,1772,0.0675,12546
fg,grid2,8,no_reverse,50000,backoff_tight,16,2516,0.0828,8064
fg,grid2,8,no_reverse,50000,backoff_tight,24,3463,0.0946,3555
fg,grid2,8,no_reverse,50000,backoff_tight,32,4458,0.1131,3420
fg,grid2,8,no_reverse,50000,seeds,0,288,0.5441,936
fg,grid2,8,no_reverse,50000,seeds,1,643,0.5541,936
fg,grid2,8,no_reverse,50000,seeds,2,1169,0.5551,936
fg,grid2,8,no_reverse,50000,seeds,3,2454,0.5661,936
fg,grid2,8,no_reverse,50000,seeds,4,10886,0.6466,936
fg,grid2,8,no_reverse,50000,seeds,5,47291,1.0687,936
fg,grid2,8,no_reverse,50000,seeds,6,87901,1.7957,936
fg,grid2,8,no_reverse,50000,restart,1,46136,1.1764,5715
fg,grid2,8,no_reverse,50000,restart,2,10472,1.5098,2916
fg,grid2,8,no_reverse,50000,restart,3,10281,1.8339,2673
fg,grid2,8,no_reverse,50000,restart,4,10108,2.1871,2349
fg,grid2,8,no_reverse,50000,restart,5,10025,2.5702,2268
fg,grid2,8,no_reverse,50000,restart,6,10025,2.9158,2268
fg,grid2,8,no_reverse,50000,seeds+staged,0,288,0.5722,936
fg,grid2,8,no_reverse,50000,seeds+staged,1,643,0.5878,936
fg,grid2,8,no_reverse,50000,seeds+staged,2,1251,0.5891,810
fg,grid2,8,no_reverse,50000,seeds+staged,3,2771,0.6176,810
fg,grid2,8,no_reverse,50000,seeds+staged,4,16323,0.7787,810
fg,grid2,8,no_reverse,50000,seeds+staged,5,59758,1.574,810
fg,grid2,8,no_reverse,50000,seeds+restart,1,10886,0.9014,936
fg,grid2,8,no_reverse,50000,seeds+restart,2,10886,2.0081,936
fg,grid2,12,full,50000,bfs,0,108,0.1049,5447196
fg,grid2,12,full,50000,bfs,1,281,0.112,3786696
fg,grid2,12,full,50000,bfs,2,803,0.1163,3077136
fg,grid2,12,full,50000,bfs,3,3525,0.1491,2552256
fg,grid2,12,full,50000,bfs,4,37516,0.5051,1643463
fg,grid2,12,full,50000,bfs,5,1032798,17.1851,771444
fg,grid2,12,full,50000,staged,0,108,0.0809,5447196
fg,grid2,12,full,50000,staged,1,281,0.0909,3786696
fg,grid2,12,full,50000,staged,2,908,0.1003,2941299
fg,grid2,12,full,50000,staged,3,4883,0.1627,1771308
fg,grid2,12,full,50000,staged,4,50077,0.7293,437751
fg,grid2,12,full,50000,backoff,0,108,0.1148,5447196
fg,grid2,12,full,50000,backoff,8,7282,0.2216,695547
fg,grid2,12,full,50000,backoff,16,24278,0.4455,278559
fg,grid2,12,full,50000,backoff,24,24304,0.5849,278559
fg,grid2,12,full,50000,backoff,32,24322,0.5607,278559
fg,grid2,12,full,50000,backoff_tight,0,108,0.1133,5447196
fg,grid2,12,full,50000,backoff_tight,8,2783,0.1588,2608038
fg,grid2,12,full,50000,backoff_tight,16,6811,0.2087,2057454
fg,grid2,12,full,50000,backoff_tight,24,20624,0.4601,294084
fg,grid2,12,full,50000,backoff_tight,32,20609,0.5067,294084
fg,grid2,12,full,50000,seeds,0,608,1.3745,1674
fg,grid2,12,full,50000,seeds,1,1504,1.3798,1674
fg,grid2,12,full,50000,seeds,2,3022,1.3914,1674
fg,grid2,12,full,50000,seeds,3,6945,1.4226,1674
fg,grid2,12,full,50000,seeds,4,44360,1.8125,1674
fg,grid2,12,full,50000,seeds,5,1053652,24.4737,1674
fg,grid2,12,full,50000,restart,1,37516,1.1153,1643463
fg,grid2,12,full,50000,restart,2,69912,3.6635,296514
fg,grid2,12,full,50000,restart,3,48759,5.7608,119799
fg,grid2,12,full,50000,restart,4,52881,8.4548,36234
fg,grid2,12,full,50000,restart,5,47421,10.9232,27297
fg,grid2,12,full,50000,restart,6,43787,12.8839,23445
fg,grid2,12,full,50000,restart,7,43596,15.5019,23337
fg,grid2,12,full,50000,restart,8,43495,17.497,23337
fg,grid2,12,full,50000,seeds+staged,0,608,1.5725,1674
fg,grid2,12,full,50000,seeds+staged,1,1934,1.6109,1674
fg,grid2,12,full,50000,seeds+staged,2,6961,1.684,1314
fg,grid2,12,full,50000,seeds+staged,3,43074,2.2672,1386
fg,grid2,12,full,50000,seeds+staged,4,50323,2.8178,1386
fg,grid2,12,full,50000,seeds+restart,1,44360,3.0693,1674
fg,grid2,12,full,50000,seeds+restart,2,44360,6.4493,1674
fg,grid2,12,no_reverse,50000,bfs,0,108,0.0895,5447196
fg,grid2,12,no_reverse,50000,bfs,1,281,0.0952,3786696
fg,grid2,12,no_reverse,50000,bfs,2,803,0.0991,3077136
fg,grid2,12,no_reverse,50000,bfs,3,3525,0.1249,2552256
fg,grid2,12,no_reverse,50000,bfs,4,37516,0.4301,1643463
fg,grid2,12,no_reverse,50000,bfs,5,1032798,21.6666,771444
fg,grid2,12,no_reverse,50000,staged,0,108,0.1268,5447196
fg,grid2,12,no_reverse,50000,staged,1,281,0.1376,3786696
fg,grid2,12,no_reverse,50000,staged,2,889,0.1518,2941299
fg,grid2,12,no_reverse,50000,staged,3,4501,0.2209,1771308
fg,grid2,12,no_reverse,50000,staged,4,50077,0.9285,437751
fg,grid2,12,no_reverse,50000,backoff,0,108,0.153,5447196
fg,grid2,12,no_reverse,50000,backoff,8,14978,0.4199,416259
fg,grid2,12,no_reverse,50000,backoff,16,47486,1.0395,232443
fg,grid2,12,no_reverse,50000,backoff,24,98654,2.1708,89154
fg,grid2,12,no_reverse,50000,backoff_tight,0,108,0.105,5447196
fg,grid2,12,no_reverse,50000,backoff_tight,8,2783,0.1461,2608038
fg,grid2,12,no_reverse,50000,backoff_tight,16,4695,0.1771,1996488
fg,grid2,12,no_reverse,50000,backoff_tight,24,12841,0.3148,605286
fg,grid2,12,no_reverse,50000,backoff_tight,32,11917,0.3074,306126
fg,grid2,12,no_reverse,50000,seeds,0,608,1.6284,1674
fg,grid2,12,no_reverse,50000,seeds,1,1396,1.6188,1674
fg,grid2,12,no_reverse,50000,seeds,2,2645,1.6228,1674
fg,grid2,12,no_reverse,50000,seeds,3,5956,1.6487,1674
fg,grid2,12,no_reverse,50000,seeds,4,40212,2.0014,1674
fg,grid2,12,no_reverse,50000,seeds,5,1035656,21.4749,1674
fg,grid2,12,no_reverse,50000,restart,1,37516,1.1751,1643463
fg,grid2,12,no_reverse,50000,restart,2,67231,3.8065,296514
fg,grid2,12,no_reverse,50000,restart,3,46145,6.1622,122310
fg,grid2,12,no_reverse,50000,restart,4,45586,8.7954,38691
fg,grid2,12,no_reverse,50000,restart,5,41563,10.9046,25218
fg,grid2,12,no_reverse,50000,restart,6,39393,13.2329,23427
fg,grid2,12,no_reverse,50000,restart,7,38631,15.9288,23193
fg,grid2,12,no_reverse,50000,restart,8,38606,17.9524,23193
fg,grid2,12,no_reverse,50000,seeds+staged,0,608,2.0037,1674
fg,grid2,12,no_reverse,50000,seeds+staged,1,1396,2.027,1674
fg,grid2,12,no_reverse,50000,seeds+staged,2,2976,2.0645,1368
fg,grid2,12,no_reverse,50000,seeds+staged,3,7520,2.0958,1368
fg,grid2,12,no_reverse,50000,seeds+staged,4,53178,3.0075,1368
fg,grid2,12,no_reverse,50000,seeds+restart,1,40212,3.5761,1674
fg,grid2,12,no_reverse,50000,seeds+restart,2,40212,7.1672,1674
fg,grid2,16,full,50000,bfs,0,178,0.2157,527322240
fg,grid2,16,full,50000,bfs,1,477,0.2248,349754850
fg,grid2,16,full,50000,bfs,2,1387,0.2369,262048860
fg,grid2,16,full,50000,bfs,3,6070,0.2714,223674732
fg,grid2,16,full,50000,bfs,4,68526,1.1875,139185198
fg,grid2,16,full,50000,staged,0,178,0.263,527322240
fg,grid2,16,full,50000,staged,1,477,0.2841,349754850
fg,grid2,16,full,50000,staged,2,1521,0.3156,263483532
fg,grid2,16,full,50000,staged,3,11492,0.5029,120220074
fg,grid2,16,full,50000,staged,4,89260,1.9653,21589290
fg,grid2,16,full,50000,backoff,0,178,0.2047,527322240
fg,grid2,16,full,50000,backoff,8,8909,0.3591,100491255
fg,grid2,16,full,50000,backoff,16,24717,0.8611,48762549
fg,grid2,16,full,50000,backoff,24,23456,0.7637,45055638
fg,grid2,16,full,50000,backoff,32,37787,1.0938,25556994
fg,grid2,16,full,50000,backoff_tight,0,178,0.2185,527322240
fg,grid2,16,full,50000,backoff_tight,8,2643,0.288,184988862
fg,grid2,16,full,50000,backoff_tight,16,5107,0.3486,167457789
fg,grid2,16,full,50000,backoff_tight,24,5821,0.3501,155234862
fg,grid2,16,full,50000,backoff_tight,32,9309,0.4235,110547189
fg,grid2,16,full,50000,seeds,0,1027,3.5645,2412
fg,grid2,16,full,50000,seeds,1,2585,3.6152,2412
fg,grid2,16,full,50000,seeds,2,5979,3.6049,2412
fg,grid2,16,full,50000,seeds,3,10602,3.677,2250
fg,grid2,16,full,50000,seeds,4,80639,4.5305,2250
fg,grid2,16,full,50000,restart,1,68526,2.6617,139185198
fg,grid2,16,full,50000,restart,2,10988,4.1894,75927816
fg,grid2,16,full,50000,restart,3,12079,5.5925,53610885
fg,grid2,16,full,50000,restart,4,12669,6.8034,29937339
fg,grid2,16,full,50000,restart,5,12260,8.1147,21119301
fg,grid2,16,full,50000,restart,6,14011,9.5171,13712418
fg,grid2,16,full,50000,restart,7,14150,10.7553,8595729
fg,grid2,16,full,50000,restart,8,14400,12.3535,5620140
fg,grid2,16,full,50000,restart,9,12912,13.9126,3863277
fg,grid2,16,full,50000,restart,10,12515,15.3405,2641230
fg,grid2,16,full,50000,restart,11,11816,16.2541,2051469
fg,grid2,16,full,50000,restart,12,11785,17.1988,1872216
fg,grid2,16,full,50000,restart,13,11409,18.242,1541547
fg,grid2,16,full,50000,restart,14,11517,19.554,1326870
fg,grid2,16,full,50000,restart,15,11331,20.5019,1201482
fg,grid2,16,full,50000,restart,16,11334,21.8116,1125180
fg,grid2,16,full,50000,restart,17,11134,23.0679,1111383
fg,grid2,16,full,50000,restart,18,11103,24.1376,1104255
fg,grid2,16,full,50000,restart,19,11025,25.5335,1103715
fg,grid2,16,full,50000,restart,20,10994,26.8616,1103256
fg,grid2,16,full,50000,restart,21,11027,27.553,1103256
fg,grid2,16,full,50000,seeds+staged,0,1027,3.5721,2412
fg,grid2,16,full,50000,seeds+staged,1,3374,3.6059,2412
fg,grid2,16,full,50000,seeds+staged,2,18202,3.8191,1962
fg,grid2,16,full,50000,seeds+staged,3,88319,5.1909,1935
fg,grid2,16,full,50000,seeds+restart,1,10602,3.9194,2250
fg,grid2,16,full,50000,seeds+restart,2,10602,7.637,2250
fg,grid2,16,no_reverse,50000,bfs,0,178,0.2736,527322240
fg,grid2,16,no_reverse,50000,bfs,1,477,0.2824,349754850
fg,grid2,16,no_reverse,50000,bfs,2,1387,0.2981,262048860
fg,grid2,16,no_reverse,50000,bfs,3,6070,0.3408,223674732
fg,grid2,16,no_reverse,50000,bfs,4,68526,1.2442,139185198
fg,grid2,16,no_reverse,50000,staged,0,178,0.1943,527322240
fg,grid2,16,no_reverse,50000,staged,1,477,0.2081,349754850
fg,grid2,16,no_reverse,50000,staged,2,1500,0.2255,263483532
fg,grid2,16,no_reverse,50000,staged,3,10049,0.3861,120221127
fg,grid2,16,no_reverse,50000,staged,4,90782,2.1092,21589290
fg,grid2,16,no_reverse,50000,backoff,0,178,0.2292,527322240
fg,grid2,16,no_reverse,50000,backoff,8,8909,0.3975,100491255
fg,grid2,16,no_reverse,50000,backoff,16,22248,0.6823,45055638
fg,grid2,16,no_reverse,50000,backoff,24,48775,1.1557,22250250
fg,grid2,16,no_reverse,50000,backoff,32,113282,2.7402,12925638
fg,grid2,16,no_reverse,50000,backoff_tight,0,178,0.1885,527322240
fg,grid2,16,no_reverse,50000,backoff_tight,8,2643,0.2377,184988862
fg,grid2,16,no_reverse,50000,backoff_tight,16,7188,0.3188,126962892
fg,grid2,16,no_reverse,50000,backoff_tight,24,21727,0.5554,83112732
fg,grid2,16,no_reverse,50000,backoff_tight,32,40075,0.9866,35659044
fg,grid2,16,no_reverse,50000,seeds,0,1027,4.972,2412
fg,grid2,16,no_reverse,50000,seeds,1,2377,5.0101,2412
fg,grid2,16,no_reverse,50000,seeds,2,4863,4.9431,2412
fg,grid2,16,no_reverse,50000,seeds,3,11193,4.9867,2412
fg,grid2,16,no_reverse,50000,seeds,4,74143,5.8633,2412
fg,grid2,16,no_reverse,50000,restart,1,68526,2.7758,139185198
fg,grid2,16,no_reverse,50000,restart,2,13180,4.0526,76281867
fg,grid2,16,no_reverse,50000,restart,3,11360,5.1977,33581421
fg,grid2,16,no_reverse,50000,restart,4,10459,6.3391,14063202
fg,grid2,16,no_reverse,50000,restart,5,79816,10.9687,8418339
fg,grid2,16,no_reverse,50000,restart,6,10839,12.2235,6512733
fg,grid2,16,no_reverse,50000,restart,7,11653,13.7349,4135221
fg,grid2,16,no_reverse,50000,restart,8,11309,14.9331,2733606
fg,grid2,16,no_reverse,50000,restart,9,10591,15.6833,1904895
fg,grid2,16,no_reverse,50000,restart,10,79108,20.588,988596
fg,grid2,16,no_reverse,50000,restart,11,75404,25.4146,596799
fg,grid2,16,no_reverse,50000,restart,12,73588,30.2302,396081
fg,grid2,16,no_reverse,50000,restart,13,74904,35.7156,239373
fg,grid2,16,no_reverse,50000,restart,14,72816,40.5049,181107
fg,grid2,16,no_reverse,50000,restart,15,71480,45.4478,169821
fg,grid2,16,no_reverse,50000,restart,16,71304,50.0983,164718
fg,grid2,16,no_reverse,50000,restart,17,71267,54.6263,164718
fg,grid2,16,no_reverse,50000,seeds+staged,0,1027,3.4702,2412
fg,grid2,16,no_reverse,50000,seeds+staged,1,2377,3.5213,2412
fg,grid2,16,no_reverse,50000,seeds+staged,2,5457,3.5867,1926
fg,grid2,16,no_reverse,50000,seeds+staged,3,16313,3.7513,1926
fg,grid2,16,no_reverse,50000,seeds+staged,4,97016,5.3743,1926
fg,grid2,16,no_reverse,50000,seeds+restart,1,11193,4.3952,2412
fg,grid2,16,no_reverse,50000,seeds+restart,2,11193,8.5936,2412
fg,grid3,6,full,50000,bfs,0,33,0.0276,4590
fg,grid3,6,full,50000,bfs,1,77,0.0334,3834
fg,grid3,6,full,50000,bfs,2,193,0.0351,3672
fg,grid3,6,full,50000,bfs,3,639,0.0387,2133
fg,grid3,6,full,50000,bfs,4,1990,0.0538,1134
fg,grid3,6,full,50000,bfs,5,3458,0.0568,864
fg,grid3,6,full,50000,bfs,6,4970,0.0729,576
fg,grid3,6,full,50000,bfs,7,5622,0.1016,576
fg,grid3,6,full,50000,bfs,8,5718,0.104,576
fg,grid3,6,full,50000,bfs,9,5725,0.1171,576
fg,grid3,6,full,50000,bfs,10,5725,0.1087,576
fg,grid3,6,full,50000,staged,0,33,0.0207,4590
fg,grid3,6,full,50000,staged,1,77,0.0277,3834
fg,grid3,6,full,50000,staged,2,206,0.0312,3240
fg,grid3,6,full,50000,staged,3,1042,0.0387,1620
fg,grid3,6,full,50000,staged,4,3873,0.0841,576
fg,grid3,6,full,50000,staged,5,5745,0.1198,585
fg,grid3,6,full,50000,staged,6,5725,0.1323,585
fg,grid3,6,full,50000,staged,7,5725,0.1414,585
fg,grid3,6,full,50000,backoff,0,33,0.0189,4590
fg,grid3,6,full,50000,backoff,8,3360,0.0527,531
fg,grid3,6,full,50000,backoff,16,6639,0.1198,558
fg,grid3,6,full,50000,backoff,24,6969,0.1541,558
fg,grid3,6,full,50000,backoff,32,6519,0.1785,558
fg,grid3,6,full,50000,backoff_tight,0,33,0.0318,4590
fg,grid3,6,full,50000,backoff_tight,8,1667,0.0665,873
fg,grid3,6,full,50000,backoff_tight,16,3303,0.0902,549
fg,grid3,6,full,50000,backoff_tight,24,3370,0.0915,531
fg,grid3,6,full,50000,backoff_tight,32,5867,0.1445,594
fg,grid3,6,full,50000,seeds,0,138,0.2727,567
fg,grid3,6,full,50000,seeds,1,319,0.2782,567
fg,grid3,6,full,50000,seeds,2,673,0.2843,567
fg,grid3,6,full,50000,seeds,3,1383,0.2857,567
fg,grid3,6,full,50000,seeds,4,3519,0.3,567
fg,grid3,6,full,50000,seeds,5,5273,0.3307,549
fg,grid3,6,full,50000,seeds,6,5687,0.3325,531
fg,grid3,6,full,50000,seeds,7,5723,0.3376,531
fg,grid3,6,full,50000,seeds,8,5725,0.3409,531
fg,grid3,6,full,50000,seeds,9,5725,0.3407,531
fg,grid3,6,full,50000,restart,1,5725,0.1615,576
fg,grid3,6,full,50000,seeds+staged,0,138,0.2444,567
fg,grid3,6,full,50000,seeds+staged,1,392,0.264,567
fg,grid3,6,full,50000,seeds+staged,2,1186,0.279,522
fg,grid3,6,full,50000,seeds+staged,3,3585,0.3045,522
fg,grid3,6,full,50000,seeds+staged,4,5452,0.332,522
fg,grid3,6,full,50000,seeds+staged,5,5724,0.3469,522
fg,grid3,6,full,50000,seeds+staged,6,5725,0.3389,522
fg,grid3,6,full,50000,seeds+staged,7,5725,0.344,522
fg,grid3,6,full,50000,seeds+restart,1,5725,0.5315,531
fg,grid3,6,no_reverse,50000,bfs,0,33,0.0414,4590
fg,grid3,6,no_reverse,50000,bfs,1,77,0.0465,3834
fg,grid3,6,no_reverse,50000,bfs,2,193,0.0479,3672
fg,grid3,6,no_reverse,50000,bfs,3,639,0.0513,2133
fg,grid3,6,no_reverse,50000,bfs,4,1990,0.0663,1134
fg,grid3,6,no_reverse,50000,bfs,5,3458,0.0785,864
fg,grid3,6,no_reverse,50000,bfs,6,4970,0.0977,576
fg,grid3,6,no_reverse,50000,bfs,7,5622,0.1136,576
fg,grid3,6,no_reverse,50000,bfs,8,5718,0.1227,576
fg,grid3,6,no_reverse,50000,bfs,9,5725,0.1115,576
fg,grid3,6,no_reverse,50000,bfs,10,5725,0.1121,576
fg,grid3,6,no_reverse,50000,staged,0,33,0.0364,4590
fg,grid3,6,no_reverse,50000,staged,1,77,0.0475,3834
fg,grid3,6,no_reverse,50000,staged,2,203,0.0527,3240
fg,grid3,6,no_reverse,50000,staged,3,940,0.0669,1620
fg,grid3,6,no_reverse,50000,staged,4,3850,0.1207,594
fg,grid3,6,no_reverse,50000,staged,5,6085,0.1623,630
fg,grid3,6,no_reverse,50000,staged,6,5725,0.1809,630
fg,grid3,6,no_reverse,50000,staged,7,5725,0.1866,630
fg,grid3,6,no_reverse,50000,backoff,0,33,0.0335,4590
fg,grid3,6,no_reverse,50000,backoff,8,3360,0.085,531
fg,grid3,6,no_reverse,50000,backoff,16,7002,0.1369,558
fg,grid3,6,no_reverse,50000,backoff,24,6923,0.1529,558
fg,grid3,6,no_reverse,50000,backoff,32,5735,0.1807,558
fg,grid3,6,no_reverse,50000,backoff_tight,0,33,0.0266,4590
fg,grid3,6,no_reverse,50000,backoff_tight,8,1883,0.0542,873
fg,grid3,6,no_reverse,50000,backoff_tight,16,3830,0.0771,549
fg,grid3,6,no_reverse,50000,backoff_tight,24,3370,0.086,531
fg,grid3,6,no_reverse,50000,backoff_tight,32,5867,0.1321,594
fg,grid3,6,no_reverse,50000,seeds,0,138,0.2311,567
fg,grid3,6,no_reverse,50000,seeds,1,307,0.2358,567
fg,grid3,6,no_reverse,50000,seeds,2,573,0.241,567
fg,grid3,6,no_reverse,50000,seeds,3,1089,0.241,567
fg,grid3,6,no_reverse,50000,seeds,4,2519,0.2495,567
fg,grid3,6,no_reverse,50000,seeds,5,3991,0.2758,549
fg,grid3,6,no_reverse,50000,seeds,6,5179,0.2973,549
fg,grid3,6,no_reverse,50000,seeds,7,5707,0.3002,531
fg,grid3,6,no_reverse,50000,seeds,8,5725,0.3085,531
fg,grid3,6,no_reverse,50000,seeds,9,5725,0.313,531
fg,grid3,6,no_reverse,50000,seeds,10,5725,0.3658,531
fg,grid3,6,no_reverse,50000,restart,1,5725,0.2371,576
fg,grid3,6,no_reverse,50000,seeds+staged,0,138,0.256,567
fg,grid3,6,no_reverse,50000,seeds+staged,1,307,0.2647,567
fg,grid3,6,no_reverse,50000,seeds+staged,2,618,0.2736,531
fg,grid3,6,no_reverse,50000,seeds+staged,3,1447,0.2812,531
fg,grid3,6,no_reverse,50000,seeds+staged,4,4202,0.311,531
fg,grid3,6,no_reverse,50000,seeds+staged,5,6065,0.3406,531
fg,grid3,6,no_reverse,50000,seeds+staged,6,5725,0.3498,531
fg,grid3,6,no_reverse,50000,seeds+staged,7,5725,0.3545,531
fg,grid3,6,no_reverse,50000,seeds+restart,1,5725,0.4227,531
fg,grid3,9,full,50000,bfs,0,67,0.0798,145557
fg,grid3,9,full,50000,bfs,1,168,0.0891,116613
fg,grid3,9,full,50000,bfs,2,466,0.0925,96687
fg,grid3,9,full,50000,bfs,3,2015,0.1139,87345
fg,grid3,9,full,50000,bfs,4,17879,0.2864,34830
fg,grid3,9,full,50000,bfs,5,176943,2.6353,24192
fg,grid3,9,full,50000,staged,0,67,0.0473,145557
fg,grid3,9,full,50000,staged,1,168,0.0566,116613
fg,grid3,9,full,50000,staged,2,467,0.0613,96687
fg,grid3,9,full,50000,staged,3,2266,0.0909,45522
fg,grid3,9,full,50000,staged,4,29359,0.4272,9072
fg,grid3,9,full,50000,staged,5,69367,1.2335,4347
fg,grid3,9,full,50000,backoff,0,67,0.0644,145557
fg,grid3,9,full,50000,backoff,8,5290,0.1583,13770
fg,grid3,9,full,50000,backoff,16,17231,0.3266,4239
fg,grid3,9,full,50000,backoff,24,21904,0.505,4239
fg,grid3,9,full,50000,backoff,32,34361,0.7588,2700
fg,grid3,9,full,50000,backoff_tight,0,67,0.0586,145557
fg,grid3,9,full,50000,backoff_tight,8,1637,0.09,19764
fg,grid3,9,full,50000,backoff_tight,16,2049,0.1063,19764
fg,grid3,9,full,50000,backoff_tight,24,2389,0.1112,19764
fg,grid3,9,full,50000,backoff_tight,32,7937,0.2031,9585
fg,grid3,9,full,50000,seeds,0,379,0.8266,2133
fg,grid3,9,full,50000,seeds,1,962,0.8408,2133
fg,grid3,9,full,50000,seeds,2,1715,0.8448,2133
fg,grid3,9,full,50000,seeds,3,5239,0.8748,1917
fg,grid3,9,full,50000,seeds,4,25563,0.9864,1998
fg,grid3,9,full,50000,seeds,5,199920,3.9888,1998
fg,grid3,9,full,50000,restart,1,17879,0.4669,34830
fg,grid3,9,full,50000,restart,2,28026,1.6981,6831
fg,grid3,9,full,50000,restart,3,20853,2.4566,4266
fg,grid3,9,full,50000,restart,4,21107,3.2527,3726
fg,grid3,9,full,50000,restart,5,21084,3.9271,3726
fg,grid3,9,full,50000,seeds+staged,0,379,0.9342,2133
fg,grid3,9,full,50000,seeds+staged,1,1398,0.9701,2133
fg,grid3,9,full,50000,seeds+staged,2,5351,1.0301,1980
fg,grid3,9,full,50000,seeds+staged,3,30002,1.429,1899
fg,grid3,9,full,50000,seeds+staged,4,135466,3.5375,1980
fg,grid3,9,full,50000,seeds+restart,1,25563,1.4219,1998
fg,grid3,9,full,50000,seeds+restart,2,25571,2.9978,1998
fg,grid3,9,no_reverse,50000,bfs,0,67,0.0835,145557
fg,grid3,9,no_reverse,50000,bfs,1,168,0.0915,116613
fg,grid3,9,no_reverse,50000,bfs,2,466,0.0961,96687
fg,grid3,9,no_reverse,50000,bfs,3,2015,0.1153,87345
fg,grid3,9,no_reverse,50000,bfs,4,17879,0.2661,34830
fg,grid3,9,no_reverse,50000,bfs,5,176943,2.5649,24192
fg,grid3,9,no_reverse,50000,staged,0,67,0.0575,145557
fg,grid3,9,no_reverse,50000,staged,1,168,0.0671,116613
fg,grid3,9,no_reverse,50000,staged,2,467,0.0719,96687
fg,grid3,9,no_reverse,50000,staged,3,2198,0.0976,45603
fg,grid3,9,no_reverse,50000,staged,4,26148,0.3981,10665
fg,grid3,9,no_reverse,50000,staged,5,69317,1.3676,4347
fg,grid3,9,no_reverse,50000,backoff,0,67,0.0615,145557
fg,grid3,9,no_reverse,50000,backoff,8,5290,0.1458,13770
fg,grid3,9,no_reverse,50000,backoff,16,17231,0.295,4239
fg,grid3,9,no_reverse,50000,backoff,24,18390,0.4211,3564
fg,grid3,9,no_reverse,50000,backoff,32,41456,0.7216,2520
fg,grid3,9,no_reverse,50000,backoff_tight,0,67,0.0678,145557
fg,grid3,9,no_reverse,50000,backoff_tight,8,1618,0.0958,19764
fg,grid3,9,no_reverse,50000,backoff_tight,16,4672,0.1356,18333
fg,grid3,9,no_reverse,50000,backoff_tight,24,13567,0.2637,10962
fg,grid3,9,no_reverse,50000,backoff_tight,32,11466,0.2707,6723
fg,grid3,9,no_reverse,50000,seeds,0,379,0.7718,2133
fg,grid3,9,no_reverse,50000,seeds,1,936,0.7836,2133
fg,grid3,9,no_reverse,50000,seeds,2,1489,0.7829,2133
fg,grid3,9,no_reverse,50000,seeds,3,4109,0.7966,1917
fg,grid3,9,no_reverse,50000,seeds,4,20750,0.9302,1998
fg,grid3,9,no_reverse,50000,seeds,5,180097,3.013,1998
fg,grid3,9,no_reverse,50000,restart,1,17879,0.4289,34830
fg,grid3,9,no_reverse,50000,restart,2,26070,1.3008,8127
fg,grid3,9,no_reverse,50000,restart,3,18862,2.0517,5355
fg,grid3,9,no_reverse,50000,restart,4,18551,2.7804,5112
fg,grid3,9,no_reverse,50000,restart,5,18453,3.3132,5112
fg,grid3,9,no_reverse,50000,seeds+staged,0,379,1.0165,2133
fg,grid3,9,no_reverse,50000,seeds+staged,1,936,1.0329,2133
fg,grid3,9,no_reverse,50000,seeds+staged,2,1565,1.0397,1980
fg,grid3,9,no_reverse,50000,seeds+staged,3,4537,1.093,1899
fg,grid3,9,no_reverse,50000,seeds+staged,4,29363,1.5729,1980
fg,grid3,9,no_reverse,50000,seeds+staged,5,72474,2.2929,1980
fg,grid3,9,no_reverse,50000,seeds+restart,1,20750,2.3181,1998
fg,grid3,9,no_reverse,50000,seeds+restart,2,20758,4.3284,1998
fg,grid3,12,full,50000,bfs,0,110,0.1207,4469607
fg,grid3,12,full,50000,bfs,1,286,0.1271,3319353
fg,grid3,12,full,50000,bfs,2,824,0.1307,2724543
fg,grid3,12,full,50000,bfs,3,3714,0.1604,2014740
fg,grid3,12,full,50000,bfs,4,41901,0.4671,1371168
fg,grid3,12,full,50000,bfs,5,1378738,23.3864,661797
fg,grid3,12,full,50000,staged,0,110,0.1178,4469607
fg,grid3,12,full,50000,staged,1,286,0.1301,3319353
fg,grid3,12,full,50000,staged,2,929,0.1397,2671488
fg,grid3,12,full,50000,staged,3,5256,0.2012,1070118
fg,grid3,12,full,50000,staged,4,53687,0.9041,305586
fg,grid3,12,full,50000,backoff,0,110,0.0737,4469607
fg,grid3,12,full,50000,backoff,8,6187,0.2007,706914
fg,grid3,12,full,50000,backoff,16,20794,0.4529,343035
fg,grid3,12,full,50000,backoff,24,25181,0.563,343035
fg,grid3,12,full,50000,backoff,32,31553,0.8953,107460
fg,grid3,12,full,50000,backoff_tight,0,110,0.1266,4469607
fg,grid3,12,full,50000,backoff_tight,8,2977,0.1888,1729755
fg,grid3,12,full,50000,backoff_tight,16,7291,0.2466,949050
fg,grid3,12,full,50000,backoff_tight,24,22680,0.5672,266517
fg,grid3,12,full,50000,backoff_tight,32,22712,0.5288,266517
fg,grid3,12,full,50000,seeds,0,626,1.5648,3402
fg,grid3,12,full,50000,seeds,1,1549,1.5698,3402
fg,grid3,12,full,50000,seeds,2,3324,1.6039,3348
fg,grid3,12,full,50000,seeds,3,9603,1.6739,3078
fg,grid3,12,full,50000,seeds,4,56879,2.1157,3105
fg,grid3,12,full,50000,restart,1,41901,0.9033,1371168
fg,grid3,12,full,50000,restart,2,100420,5.936,279882
fg,grid3,12,full,50000,restart,3,54550,8.3389,100737
fg,grid3,12,full,50000,restart,4,60593,11.3677,57672
fg,grid3,12,full,50000,restart,5,50568,13.5764,50544
fg,grid3,12,full,50000,restart,6,50117,15.6184,47331
fg,grid3,12,full,50000,restart,7,49270,17.3583,47331
fg,grid3,12,full,50000,seeds+staged,0,626,2.1078,3402
fg,grid3,12,full,50000,seeds+staged,1,2155,2.1438,3402
fg,grid3,12,full,50000,seeds+staged,2,10093,2.2624,3294
fg,grid3,12,full,50000,seeds+staged,3,66460,3.4461,3069
fg,grid3,12,full,50000,seeds+restart,1,56879,3.5581,3105
fg,grid3,12,full,50000,seeds+restart,2,56893,7.0127,3105
fg,grid3,12,no_reverse,50000,bfs,0,110,0.0832,4469607
fg,grid3,12,no_reverse,50000,bfs,1,286,0.0902,3319353
fg,grid3,12,no_reverse,50000,bfs,2,824,0.0938,2724543
fg,grid3,12,no_reverse,50000,bfs,3,3714,0.1148,2014740
fg,grid3,12,no_reverse,50000,bfs,4,41901,0.4428,1371168
fg,grid3,12,no_reverse,50000,bfs,5,1378738,27.2012,661797
fg,grid3,12,no_reverse,50000,staged,0,110,0.1326,4469607
fg,grid3,12,no_reverse,50000,staged,1,286,0.1467,3319353
fg,grid3,12,no_reverse,50000,staged,2,910,0.1591,2671488
fg,grid3,12,no_reverse,50000,staged,3,4815,0.2057,1110321
fg,grid3,12,no_reverse,50000,staged,4,53687,0.867,305586
fg,grid3,12,no_reverse,50000,backoff,0,110,0.1005,4469607
fg,grid3,12,no_reverse,50000,backoff,8,13675,0.2823,572346
fg,grid3,12,no_reverse,50000,backoff,16,38909,0.8733,158976
fg,grid3,12,no_reverse,50000,backoff,24,146494,3.8897,91206
fg,grid3,12,no_reverse,50000,backoff_tight,0,110,0.0913,4469607
fg,grid3,12,no_reverse,50000,backoff_tight,8,2977,0.1361,1729755
fg,grid3,12,no_reverse,50000,backoff_tight,16,5100,0.195,894402
fg,grid3,12,no_reverse,50000,backoff_tight,24,19613,0.4807,629424
fg,grid3,12,no_reverse,50000,backoff_tight,32,15128,0.5419,318033
fg,grid3,12,no_reverse,50000,seeds,0,626,1.6182,3402
fg,grid3,12,no_reverse,50000,seeds,1,1483,1.6387,3402
fg,grid3,12,no_reverse,50000,seeds,2,3020,1.648,3348
fg,grid3,12,no_reverse,50000,seeds,3,8636,1.6991,3078
fg,grid3,12,no_reverse,50000,seeds,4,49667,2.0203,3078
fg,grid3,12,no_reverse,50000,seeds,5,1388039,34.1063,3213
fg,grid3,12,no_reverse,50000,restart,1,41901,1.2222,1371168
fg,grid3,12,no_reverse,50000,restart,2,100204,5.4169,279882
fg,grid3,12,no_reverse,50000,restart,3,49856,7.56,105462
fg,grid3,12,no_reverse,50000,restart,4,52828,9.7708,56808
fg,grid3,12,no_reverse,50000,restart,5,44754,11.7223,50895
fg,grid3,12,no_reverse,50000,restart,6,44018,14.1104,47520
fg,grid3,12,no_reverse,50000,restart,7,43808,16.0952,47520
fg,grid3,12,no_reverse,50000,seeds+staged,0,626,1.7659,3402
fg,grid3,12,no_reverse,50000,seeds+staged,1,1483,1.7783,3402
fg,grid3,12,no_reverse,50000,seeds+staged,2,3262,1.7957,3294
fg,grid3,12,no_reverse,50000,seeds+staged,3,10389,1.9256,3024
fg,grid3,12,no_reverse,50000,seeds+staged,4,63121,2.5801,3024
fg,grid3,12,no_reverse,50000,seeds+restart,1,49667,3.2687,3078
fg,grid3,12,no_reverse,50000,seeds+restart,2,49681,6.5314,3078
fg,grid3,15,full,50000,bfs,0,162,0.1807,135089262
fg,grid3,15,full,50000,bfs,1,431,0.1885,99239688
fg,grid3,15,full,50000,bfs,2,1259,0.2004,83099817
fg,grid3,15,full,50000,bfs,3,5673,0.2213,68720130
fg,grid3,15,full,50000,bfs,4,67220,0.9354,44259291
fg,grid3,15,full,50000,staged,0,162,0.1767,135089262
fg,grid3,15,full,50000,staged,1,431,0.1916,99239688
fg,grid3,15,full,50000,staged,2,1393,0.211,74736054
fg,grid3,15,full,50000,staged,3,10513,0.3295,15935049
fg,grid3,15,full,50000,staged,4,68264,1.287,5730615
fg,grid3,15,full,50000,backoff,0,162,0.1594,135089262
fg,grid3,15,full,50000,backoff,8,8295,0.2768,24297732
fg,grid3,15,full,50000,backoff,16,19493,0.4912,8588187
fg,grid3,15,full,50000,backoff,24,44293,0.8668,6324210
fg,grid3,15,full,50000,backoff,32,44317,0.8903,6324210
fg,grid3,15,full,50000,backoff_tight,0,162,0.2207,135089262
fg,grid3,15,full,50000,backoff_tight,8,2451,0.2787,37928709
fg,grid3,15,full,50000,backoff_tight,16,4705,0.2908,23242356
fg,grid3,15,full,50000,backoff_tight,24,5187,0.3194,22297572
fg,grid3,15,full,50000,backoff_tight,32,8336,0.367,14975496
fg,grid3,15,full,50000,seeds,0,947,2.849,4752
fg,grid3,15,full,50000,seeds,1,2373,2.8517,4644
fg,grid3,15,full,50000,seeds,2,5622,2.8995,4563
fg,grid3,15,full,50000,seeds,3,15658,2.9767,4563
fg,grid3,15,full,50000,seeds,4,92274,3.7952,4617
fg,grid3,15,full,50000,restart,1,67220,2.2038,44259291
fg,grid3,15,full,50000,restart,2,134710,8.5888,17123670
fg,grid3,15,full,50000,restart,3,11344,9.6469,8446869
fg,grid3,15,full,50000,restart,4,11489,10.6338,3013119
fg,grid3,15,full,50000,restart,5,11190,11.5625,1586061
fg,grid3,15,full,50000,restart,6,10893,12.6198,979857
fg,grid3,15,full,50000,restart,7,10871,13.5754,719118
fg,grid3,15,full,50000,restart,8,11194,14.9281,652536
fg,grid3,15,full,50000,restart,9,10950,16.0247,625941
fg,grid3,15,full,50000,restart,10,10952,17.3214,592785
fg,grid3,15,full,50000,restart,11,10742,18.551,590760
fg,grid3,15,full,50000,restart,12,10652,19.6606,590436
fg,grid3,15,full,50000,restart,13,10650,20.5295,590436
fg,grid3,15,full,50000,seeds+staged,0,947,3.0086,4752
fg,grid3,15,full,50000,seeds+staged,1,3263,3.0719,4644
fg,grid3,15,full,50000,seeds+staged,2,16483,3.3695,4257
fg,grid3,15,full,50000,seeds+staged,3,52821,3.897,4311
fg,grid3,15,full,50000,seeds+restart,1,15658,3.2396,4563
fg,grid3,15,full,50000,seeds+restart,2,15673,7.0627,4563
fg,grid3,15,no_reverse,50000,bfs,0,162,0.1679,135089262
fg,grid3,15,no_reverse,50000,bfs,1,431,0.1752,99239688
fg,grid3,15,no_reverse,50000,bfs,2,1259,0.1859,83099817
fg,grid3,15,no_reverse,50000,bfs,3,5673,0.2208,68720130
fg,grid3,15,no_reverse,50000,bfs,4,67220,0.9002,44259291
fg,grid3,15,no_reverse,50000,staged,0,162,0.1593,135089262
fg,grid3,15,no_reverse,50000,staged,1,431,0.1719,99239688
fg,grid3,15,no_reverse,50000,staged,2,1372,0.1935,74736054
fg,grid3,15,no_reverse,50000,staged,3,9162,0.3355,16053147
fg,grid3,15,no_reverse,50000,staged,4,69830,1.4409,5730615
fg,grid3,15,no_reverse,50000,backoff,0,162,0.1827,135089262
fg,grid3,15,no_reverse,50000,backoff,8,8295,0.2981,24297732
fg,grid3,15,no_reverse,50000,backoff,16,34419,0.865,7288596
fg,grid3,15,no_reverse,50000,backoff,24,72072,1.315,2968083
fg,grid3,15,no_reverse,50000,backoff_tight,0,162,0.1591,135089262
fg,grid3,15,no_reverse,50000,backoff_tight,8,2451,0.199,37928709
fg,grid3,15,no_reverse,50000,backoff_tight,16,6335,0.2569,17300412
fg,grid3,15,no_reverse,50000,backoff_tight,24,23362,0.5399,17039052
fg,grid3,15,no_reverse,50000,backoff_tight,32,23479,0.6243,16651683
fg,grid3,15,no_reverse,50000,seeds,0,947,2.9637,4752
fg,grid3,15,no_reverse,50000,seeds,1,2259,2.9891,4644
fg,grid3,15,no_reverse,50000,seeds,2,4718,3.0163,4563
fg,grid3,15,no_reverse,50000,seeds,3,13003,3.0911,4563
fg,grid3,15,no_reverse,50000,seeds,4,78567,3.9026,4563
fg,grid3,15,no_reverse,50000,restart,1,67220,2.3954,44259291
fg,grid3,15,no_reverse,50000,restart,2,11137,3.1478,28659744
fg,grid3,15,no_reverse,50000,restart,3,10610,4.1372,16282863
fg,grid3,15,no_reverse,50000,restart,4,10670,4.9922,9064791
fg,grid3,15,no_reverse,50000,restart,5,10735,5.9449,4188969
fg,grid3,15,no_reverse,50000,restart,6,10627,7.1171,2556387
fg,grid3,15,no_reverse,50000,restart,7,77670,12.653,1540026
fg,grid3,15,no_reverse,50000,restart,8,76214,18.2698,1017738
fg,grid3,15,no_reverse,50000,restart,9,73892,23.5282,678645
fg,grid3,15,no_reverse,50000,restart,10,70434,28.0945,527499
fg,grid3,15,no_reverse,50000,restart,11,69567,32.6808,393300
fg,grid3,15,no_reverse,50000,restart,12,69468,37.4334,199332
fg,grid3,15,no_reverse,50000,restart,13,69070,42.2334,143334
fg,grid3,15,no_reverse,50000,restart,14,68912,46.1174,140742
fg,grid3,15,no_reverse,50000,restart,15,68901,49.9583,139932
fg,grid3,15,no_reverse,50000,restart,16,68862,54.4736,139932
fg,grid3,15,no_reverse,50000,seeds+staged,0,947,2.8592,4752
fg,grid3,15,no_reverse,50000,seeds+staged,1,2259,2.9061,4644
fg,grid3,15,no_reverse,50000,seeds+staged,2,5143,2.9282,4257
fg,grid3,15,no_reverse,50000,seeds+staged,3,17867,3.1285,4122
fg,grid3,15,no_reverse,50000,seeds+staged,4,80376,4.1694,4122
fg,grid3,15,no_reverse,50000,seeds+restart,1,13003,4.4501,4563
fg,grid3,15,no_reverse,50000,seeds+restart,2,13003,8.9132,4563
fg,random_sparse,6,full,50000,bfs,0,31,0.0241,4509
fg,random_sparse,6,full,50000,bfs,1,72,0.0299,3753
fg,random_sparse,6,full,50000,bfs,2,174,0.0313,3645
fg,random_sparse,6,full,50000,bfs,3,488,0.0345,1782
fg,random_sparse,6,full,50000,bfs,4,1132,0.0407,1152
fg,random_sparse,6,full,50000,bfs,5,1900,0.0539,558
fg,random_sparse,6,full,50000,bfs,6,2779,0.0596,531
fg,random_sparse,6,full,50000,bfs,7,3357,0.0701,459
fg,random_sparse,6,full,50000,bfs,8,3546,0.0722,405
fg,random_sparse,6,full,50000,bfs,9,3580,0.0792,393
fg,random_sparse,6,full,50000,bfs,10,3582,0.0772,393
fg,random_sparse,6,full,50000,bfs,11,3582,0.0807,393
fg,random_sparse,6,full,50000,staged,0,31,0.0312,4509
fg,random_sparse,6,full,50000,staged,1,72,0.0427,3753
fg,random_sparse,6,full,50000,staged,2,242,0.049,1917
fg,random_sparse,6,full,50000,staged,3,1049,0.062,918
fg,random_sparse,6,full,50000,staged,4,2787,0.1015,459
fg,random_sparse,6,full,50000,staged,5,3541,0.1088,366
fg,random_sparse,6,full,50000,staged,6,3582,0.1471,366
fg,random_sparse,6,full,50000,staged,7,3582,0.1477,366
fg,random_sparse,6,full,50000,backoff,0,31,0.0254,4509
fg,random_sparse,6,full,50000,backoff,8,3429,0.0785,411
fg,random_sparse,6,full,50000,backoff,16,3582,0.1024,456
fg,random_sparse,6,full,50000,backoff,24,3582,0.1451,456
fg,random_sparse,6,full,50000,backoff,32,3582,0.1454,456
fg,random_sparse,6,full,50000,backoff_tight,0,31,0.0288,4509
fg,random_sparse,6,full,50000,backoff_tight,8,1642,0.0654,720
fg,random_sparse,6,full,50000,backoff_tight,16,3158,0.0889,423
fg,random_sparse,6,full,50000,backoff_tight,24,3079,0.0902,411
fg,random_sparse,6,full,50000,backoff_tight,32,4739,0.1359,420
fg,random_sparse,6,full,50000,seeds,0,85,0.1234,432
fg,random_sparse,6,full,50000,seeds,1,197,0.1323,432
fg,random_sparse,6,full,50000,seeds,2,482,0.1346,432
fg,random_sparse,6,full,50000,seeds,3,1275,0.1457,432
fg,random_sparse,6,full,50000,seeds,4,2619,0.1557,405
fg,random_sparse,6,full,50000,seeds,5,3482,0.1706,366
fg,random_sparse,6,full,50000,seeds,6,3586,0.1774,366
fg,random_sparse,6,full,50000,seeds,7,3582,0.1849,366
fg,random_sparse,6,full,50000,seeds,8,3582,0.1855,366
fg,random_sparse,6,full,50000,restart,1,3582,0.1204,393
fg,random_sparse,6,full,50000,seeds+staged,0,85,0.1364,432
fg,random_sparse,6,full,50000,seeds+staged,1,254,0.1473,432
fg,random_sparse,6,full,50000,seeds+staged,2,1056,0.1613,411
fg,random_sparse,6,full,50000,seeds+staged,3,3022,0.1815,357
fg,random_sparse,6,full,50000,seeds+staged,4,3655,0.1985,357
fg,random_sparse,6,full,50000,seeds+staged,5,3582,0.2125,357
fg,random_sparse,6,full,50000,seeds+staged,6,3582,0.2126,357
fg,random_sparse,6,full,50000,seeds+restart,1,3582,0.1861,366
fg,random_sparse,6,no_reverse,50000,bfs,0,31,0.0343,4509
fg,random_sparse,6,no_reverse,50000,bfs,1,72,0.0416,3753
fg,random_sparse,6,no_reverse,50000,bfs,2,174,0.0435,3645
fg,random_sparse,6,no_reverse,50000,bfs,3,488,0.0477,1782
fg,random_sparse,6,no_reverse,50000,bfs,4,1132,0.0555,1152
fg,random_sparse,6,no_reverse,50000,bfs,5,1900,0.073,558
fg,random_sparse,6,no_reverse,50000,bfs,6,2779,0.0803,531
fg,random_sparse,6,no_reverse,50000,bfs,7,3357,0.0931,459
fg,random_sparse,6,no_reverse,50000,bfs,8,3546,0.1007,405
fg,random_sparse,6,no_reverse,50000,bfs,9,3580,0.1048,393
fg,random_sparse,6,no_reverse,50000,bfs,10,3582,0.1071,393
fg,random_sparse,6,no_reverse,50000,bfs,11,3582,0.1086,393
fg,random_sparse,6,no_reverse,50000,staged,0,31,0.0254,4509
fg,random_sparse,6,no_reverse,50000,staged,1,72,0.0336,3753
fg,random_sparse,6,no_reverse,50000,staged,2,228,0.0382,1917
fg,random_sparse,6,no_reverse,50000,staged,3,932,0.0481,927
fg,random_sparse,6,no_reverse,50000,staged,4,2636,0.0757,459
fg,random_sparse,6,no_reverse,50000,staged,5,3615,0.0877,366
fg,random_sparse,6,no_reverse,50000,staged,6,3582,0.105,366
fg,random_sparse,6,no_reverse,50000,staged,7,3582,0.1089,366
fg,random_sparse,6,no_reverse,50000,backoff,0,31,0.037,4509
fg,random_sparse,6,no_reverse,50000,backoff,8,3429,0.1039,411
fg,random_sparse,6,no_reverse,50000,backoff,16,3582,0.1239,456
fg,random_sparse,6,no_reverse,50000,backoff,24,3582,0.1415,456
fg,random_sparse,6,no_reverse,50000,backoff,32,3582,0.1584,456
fg,random_sparse,6,no_reverse,50000,backoff_tight,0,31,0.0248,4509
fg,random_sparse,6,no_reverse,50000,backoff_tight,8,1640,0.0535,720
fg,random_sparse,6,no_reverse,50000,backoff_tight,16,3502,0.086,417
fg,random_sparse,6,no_reverse,50000,backoff_tight,24,3079,0.078,411
fg,random_sparse,6,no_reverse,50000,backoff_tight,32,4739,0.1123,420
fg,random_sparse,6,no_reverse,50000,seeds,0,85,0.1452,432
fg,random_sparse,6,no_reverse,50000,seeds,1,189,0.1518,432
fg,random_sparse,6,no_reverse,50000,seeds,2,406,0.1537,432
fg,random_sparse,6,no_reverse,50000,seeds,3,884,0.161,432
fg,random_sparse,6,no_reverse,50000,seeds,4,1658,0.1639,387
fg,random_sparse,6,no_reverse,50000,seeds,5,2474,0.1788,387
fg,random_sparse,6,no_reverse,50000,seeds,6,3210,0.193,381
fg,random_sparse,6,no_reverse,50000,seeds,7,3559,0.2018,366
fg,random_sparse,6,no_reverse,50000,seeds,8,3581,0.2049,366
fg,random_sparse,6,no_reverse,50000,seeds,9,3582,0.203,366
fg,random_sparse,6,no_reverse,50000,seeds,10,3582,0.2106,366
fg,random_sparse,6,no_reverse,50000,restart,1,3582,0.1121,393
fg,random_sparse,6,no_reverse,50000,seeds+staged,0,85,0.1188,432
fg,random_sparse,6,no_reverse,50000,seeds+staged,1,189,0.1278,432
fg,random_sparse,6,no_reverse,50000,seeds+staged,2,484,0.1332,411
fg,random_sparse,6,no_reverse,50000,seeds+staged,3,1406,0.1497,411
fg,random_sparse,6,no_reverse,50000,seeds+staged,4,3046,0.169,357
fg,random_sparse,6,no_reverse,50000,seeds+staged,5,3662,0.1876,357
fg,random_sparse,6,no_reverse,50000,seeds+staged,6,3582,0.192,357
fg,random_sparse,6,no_reverse,50000,seeds+staged,7,3582,0.1942,357
fg,random_sparse,6,no_reverse,50000,seeds+restart,1,3582,0.2194,366
fg,random_sparse,8,full,50000,bfs,0,52,0.0397,47511
fg,random_sparse,8,full,50000,bfs,1,128,0.0463,38655
fg,random_sparse,8,full,50000,bfs,2,342,0.0487,32823
fg,random_sparse,8,full,50000,bfs,3,1308,0.0566,22860
fg,random_sparse,8,full,50000,bfs,4,7013,0.0985,12087
fg,random_sparse,8,full,50000,bfs,5,24580,0.267,4113
fg,random_sparse,8,full,50000,bfs,6,50765,0.866,2736
fg,random_sparse,8,full,50000,staged,0,52,0.0405,47511
fg,random_sparse,8,full,50000,staged,1,128,0.0513,38655
fg,random_sparse,8,full,50000,staged,2,477,0.0581,16083
fg,random_sparse,8,full,50000,staged,3,3358,0.0962,5814
fg,random_sparse,8,full,50000,staged,4,24030,0.3677,2124
fg,random_sparse,8,full,50000,staged,5,69363,1.3048,1083
fg,random_sparse,8,full,50000,backoff,0,52,0.0513,47511
fg,random_sparse,8,full,50000,backoff,8,7519,0.1823,4104
fg,random_sparse,8,full,50000,backoff,16,18732,0.4066,1233
fg,random_sparse,8,full,50000,backoff,24,18758,0.444,1221
fg,random_sparse,8,full,50000,backoff,32,60238,1.1385,1308
fg,random_sparse,8,full,50000,backoff_tight,0,52,0.0369,47511
fg,random_sparse,8,full,50000,backoff_tight,8,1971,0.0665,6363
fg,random_sparse,8,full,50000,backoff_tight,16,4733,0.0991,3960
fg,random_sparse,8,full,50000,backoff_tight,24,7727,0.1285,2799
fg,random_sparse,8,full,50000,backoff_tight,32,10095,0.1859,2799
fg,random_sparse,8,full,50000,seeds,0,105,0.4301,621
fg,random_sparse,8,full,50000,seeds,1,252,0.4379,621
fg,random_sparse,8,full,50000,seeds,2,600,0.4523,606
fg,random_sparse,8,full,50000,seeds,3,1979,0.4651,600
fg,random_sparse,8,full,50000,seeds,4,8636,0.5528,537
fg,random_sparse,8,full,50000,seeds,5,29016,0.7151,549
fg,random_sparse,8,full,50000,seeds,6,62854,1.3035,549
fg,random_sparse,8,full,50000,restart,1,24580,0.5026,4113
fg,random_sparse,8,full,50000,restart,2,30366,1.403,1746
fg,random_sparse,8,full,50000,restart,3,29179,2.3509,1062
fg,random_sparse,8,full,50000,restart,4,26156,3.057,936
fg,random_sparse,8,full,50000,restart,5,26656,3.8788,783
fg,random_sparse,8,full,50000,restart,6,27156,4.5899,783
fg,random_sparse,8,full,50000,seeds+staged,0,105,0.8445,621
fg,random_sparse,8,full,50000,seeds+staged,1,316,0.8583,621
fg,random_sparse,8,full,50000,seeds+staged,2,1438,0.8765,453
fg,random_sparse,8,full,50000,seeds+staged,3,9867,0.9776,453
fg,random_sparse,8,full,50000,seeds+staged,4,53445,1.8088,453
fg,random_sparse,8,full,50000,seeds+restart,1,29016,1.0455,549
fg,random_sparse,8,full,50000,seeds+restart,2,29023,2.1855,549
fg,random_sparse,8,no_reverse,50000,bfs,0,52,0.0551,47511
fg,random_sparse,8,no_reverse,50000,bfs,1,128,0.0621,38655
fg,random_sparse,8,no_reverse,50000,bfs,2,342,0.0653,32823
fg,random_sparse,8,no_reverse,50000,bfs,3,1308,0.0754,22860
fg,random_sparse,8,no_reverse,50000,bfs,4,7013,0.142,12087
fg,random_sparse,8,no_reverse,50000,bfs,5,24580,0.418,4113
fg,random_sparse,8,no_reverse,50000,bfs,6,50825,0.8889,2736
fg,random_sparse,8,no_reverse,50000,staged,0,52,0.0653,47511
fg,random_sparse,8,no_reverse,50000,staged,1,128,0.078,38655
fg,random_sparse,8,no_reverse,50000,staged,2,455,0.0904,16083
fg,random_sparse,8,no_reverse,50000,staged,3,2879,0.1692,6498
fg,random_sparse,8,no_reverse,50000,staged,4,22472,0.3615,2484
fg,random_sparse,8,no_reverse,50000,staged,5,69103,1.2073,1083
fg,random_sparse,8,no_reverse,50000,backoff,0,52,0.0492,47511
fg,random_sparse,8,no_reverse,50000,backoff,8,7519,0.1634,4104
fg,random_sparse,8,no_reverse,50000,backoff,16,18751,0.3938,1227
fg,random_sparse,8,no_reverse,50000,backoff,24,60238,1.3216,1308
fg,random_sparse,8,no_reverse,50000,backoff_tight,0,52,0.0551,47511
fg,random_sparse,8,no_reverse,50000,backoff_tight,8,1971,0.1012,6363
fg,random_sparse,8,no_reverse,50000,backoff_tight,16,11110,0.2649,1719
fg,random_sparse,8,no_reverse,50000,backoff_tight,24,18078,0.4187,1182
fg,random_sparse,8,no_reverse,50000,backoff_tight,32,20926,0.5321,1002
fg,random_sparse,8,no_reverse,50000,seeds,0,105,0.5215,621
fg,random_sparse,8,no_reverse,50000,seeds,1,244,0.5282,621
fg,random_sparse,8,no_reverse,50000,seeds,2,541,0.5368,606
fg,random_sparse,8,no_reverse,50000,seeds,3,1704,0.5391,600
fg,random_sparse,8,no_reverse,50000,seeds,4,7485,0.5875,537
fg,random_sparse,8,no_reverse,50000,seeds,5,25073,0.7559,549
fg,random_sparse,8,no_reverse,50000,seeds,6,51378,1.0966,549
fg,random_sparse,8,no_reverse,50000,restart,1,24580,0.5836,4113
fg,random_sparse,8,no_reverse,50000,restart,2,25457,1.313,2286
fg,random_sparse,8,no_reverse,50000,restart,3,25626,2.0399,1287
fg,random_sparse,8,no_reverse,50000,restart,4,25478,2.6898,1071
fg,random_sparse,8,no_reverse,50000,restart,5,25285,3.271,1026
fg,random_sparse,8,no_reverse,50000,restart,6,25284,3.9733,1026
fg,random_sparse,8,no_reverse,50000,seeds+staged,0,105,0.529,621
fg,random_sparse,8,no_reverse,50000,seeds+staged,1,244,0.5425,621
fg,random_sparse,8,no_reverse,50000,seeds+staged,2,689,0.5489,453
fg,random_sparse,8,no_reverse,50000,seeds+staged,3,3354,0.584,462
fg,random_sparse,8,no_reverse,50000,seeds+staged,4,23019,0.866,462
fg,random_sparse,8,no_reverse,50000,seeds+staged,5,69555,1.7431,453
fg,random_sparse,8,no_reverse,50000,seeds+restart,1,25073,1.1247,549
fg,random_sparse,8,no_reverse,50000,seeds+restart,2,25076,2.5475,549
fg,random_sparse,12,full,50000,bfs,0,104,0.0905,4384314
fg,random_sparse,12,full,50000,bfs,1,271,0.097,3255390
fg,random_sparse,12,full,50000,bfs,2,761,0.1033,2712906
fg,random_sparse,12,full,50000,bfs,3,3163,0.1246,2007261
fg,random_sparse,12,full,50000,bfs,4,28919,0.3356,1086804
fg,random_sparse,12,full,50000,bfs,5,499798,7.9999,452412
fg,random_sparse,12,full,50000,staged,0,104,0.0642,4384314
fg,random_sparse,12,full,50000,staged,1,271,0.0737,3255390
fg,random_sparse,12,full,50000,staged,2,870,0.0816,2567700
fg,random_sparse,12,full,50000,staged,3,5209,0.143,756981
fg,random_sparse,12,full,50000,staged,4,65404,1.3308,225972
fg,random_sparse,12,full,50000,backoff,0,104,0.091,4384314
fg,random_sparse,12,full,50000,backoff,8,7943,0.2158,462267
fg,random_sparse,12,full,50000,backoff,16,31036,0.5434,156987
fg,random_sparse,12,full,50000,backoff,24,31036,0.6803,156987
fg,random_sparse,12,full,50000,backoff,32,124976,2.6017,45171
fg,random_sparse,12,full,50000,backoff_tight,0,104,0.0869,4384314
fg,random_sparse,12,full,50000,backoff_tight,8,3004,0.1483,1160082
fg,random_sparse,12,full,50000,backoff_tight,16,8931,0.2025,423207
fg,random_sparse,12,full,50000,backoff_tight,24,8940,0.2562,423207
fg,random_sparse,12,full,50000,backoff_tight,32,26369,0.5385,140913
fg,random_sparse,12,full,50000,seeds,0,602,1.2979,1368
fg,random_sparse,12,full,50000,seeds,1,1482,1.3067,1368
fg,random_sparse,12,full,50000,seeds,2,3665,1.3237,1368
fg,random_sparse,12,full,50000,seeds,3,9064,1.395,1305
fg,random_sparse,12,full,50000,seeds,4,40930,1.8331,1251
fg,random_sparse,12,full,50000,seeds,5,542211,10.1462,1251
fg,random_sparse,12,full,50000,restart,1,28919,1.017,1086804
fg,random_sparse,12,full,50000,restart,2,59174,3.442,293040
fg,random_sparse,12,full,50000,restart,3,43145,5.1577,75078
fg,random_sparse,12,full,50000,restart,4,41552,6.7634,21861
fg,random_sparse,12,full,50000,restart,5,34726,8.6709,10350
fg,random_sparse,12,full,50000,restart,6,34760,10.0815,5166
fg,random_sparse,12,full,50000,restart,7,32960,11.2704,3861
fg,random_sparse,12,full,50000,restart,8,33041,12.8908,3663
fg,random_sparse,12,full,50000,restart,9,32724,14.3674,3654
fg,random_sparse,12,full,50000,restart,10,32664,16.032,3654
fg,random_sparse,12,full,50000,seeds+staged,0,602,1.2437,1368
fg,random_sparse,12,full,50000,seeds+staged,1,2099,1.2698,1368
fg,random_sparse,12,full,50000,seeds+staged,2,10112,1.3539,1143
fg,random_sparse,12,full,50000,seeds+staged,3,86388,2.6687,1134
fg,random_sparse,12,full,50000,seeds+restart,1,40930,3.1406,1251
fg,random_sparse,12,full,50000,seeds+restart,2,41166,6.1323,1251
fg,random_sparse,12,no_reverse,50000,bfs,0,104,0.0989,4384314
fg,random_sparse,12,no_reverse,50000,bfs,1,271,0.1044,3255390
fg,random_sparse,12,no_reverse,50000,bfs,2,761,0.1097,2712906
fg,random_sparse,12,no_reverse,50000,bfs,3,3163,0.1356,2007261
fg,random_sparse,12,no_reverse,50000,bfs,4,28919,0.4352,1086804
fg,random_sparse,12,no_reverse,50000,bfs,5,499798,7.5174,452412
fg,random_sparse,12,no_reverse,50000,staged,0,104,0.0914,4384314
fg,random_sparse,12,no_reverse,50000,staged,1,271,0.0992,3255390
fg,random_sparse,12,no_reverse,50000,staged,2,851,0.1061,2567700
fg,random_sparse,12,no_reverse,50000,staged,3,4782,0.1695,756981
fg,random_sparse,12,no_reverse,50000,staged,4,65403,1.4045,225972
fg,random_sparse,12,no_reverse,50000,backoff,0,104,0.0897,4384314
fg,random_sparse,12,no_reverse,50000,backoff,8,11872,0.2559,467370
fg,random_sparse,12,no_reverse,50000,backoff,16,34260,0.6723,132201
fg,random_sparse,12,no_reverse,50000,backoff,24,48491,0.8651,79389
fg,random_sparse,12,no_reverse,50000,backoff,32,95403,1.8897,57465
fg,random_sparse,12,no_reverse,50000,backoff_tight,0,104,0.0927,4384314
fg,random_sparse,12,no_reverse,50000,backoff_tight,8,3004,0.147,1160082
fg,random_sparse,12,no_reverse,50000,backoff_tight,16,17275,0.3494,267309
fg,random_sparse,12,no_reverse,50000,backoff_tight,24,36245,0.6703,149949
fg,random_sparse,12,no_reverse,50000,backoff_tight,32,30937,0.6255,141768
fg,random_sparse,12,no_reverse,50000,seeds,0,602,1.3131,1368
fg,random_sparse,12,no_reverse,50000,seeds,1,1387,1.3214,1368
fg,random_sparse,12,no_reverse,50000,seeds,2,2903,1.3337,1368
fg,random_sparse,12,no_reverse,50000,seeds,3,6527,1.3692,1305
fg,random_sparse,12,no_reverse,50000,seeds,4,33277,1.5981,1305
fg,random_sparse,12,no_reverse,50000,seeds,5,506452,8.8255,1305
fg,random_sparse,12,no_reverse,50000,restart,1,28919,1.0837,1086804
fg,random_sparse,12,no_reverse,50000,restart,2,55189,3.4326,315315
fg,random_sparse,12,no_reverse,50000,restart,3,40461,5.129,85932
fg,random_sparse,12,no_reverse,50000,restart,4,38596,7.4073,23355
fg,random_sparse,12,no_reverse,50000,restart,5,31056,8.8156,10881
fg,random_sparse,12,no_reverse,50000,restart,6,30436,9.9069,7695
fg,random_sparse,12,no_reverse,50000,restart,7,29704,11.1751,7182
fg,random_sparse,12,no_reverse,50000,restart,8,29860,12.5623,6642
fg,random_sparse,12,no_reverse,50000,restart,9,29940,13.8184,6615
fg,random_sparse,12,no_reverse,50000,restart,10,29734,15.0762,6615
fg,random_sparse,12,no_reverse,50000,seeds+staged,0,602,1.2972,1368
fg,random_sparse,12,no_reverse,50000,seeds+staged,1,1387,1.3152,1368
fg,random_sparse,12,no_reverse,50000,seeds+staged,2,3160,1.337,1125
fg,random_sparse,12,no_reverse,50000,seeds+staged,3,8894,1.4112,1143
fg,random_sparse,12,no_reverse,50000,seeds+staged,4,70928,2.364,1143
fg,random_sparse,12,no_reverse,50000,seeds+restart,1,33277,2.3962,1305
fg,random_sparse,12,no_reverse,50000,seeds+restart,2,33347,4.9429,1305
fg,random_sparse,16,full,50000,bfs,0,172,0.1472,398182077
fg,random_sparse,16,full,50000,bfs,1,462,0.1571,295946685
fg,random_sparse,16,full,50000,bfs,2,1324,0.1665,247705110
fg,random_sparse,16,full,50000,bfs,3,5509,0.1897,205074837
fg,random_sparse,16,full,50000,bfs,4,55374,0.7153,129550491
fg,random_sparse,16,full,50000,staged,0,172,0.2034,398182077
fg,random_sparse,16,full,50000,staged,1,462,0.2188,295946685
fg,random_sparse,16,full,50000,staged,2,1458,0.2427,223670709
fg,random_sparse,16,full,50000,staged,3,9809,0.3738,34847586
fg,random_sparse,16,full,50000,staged,4,125657,2.679,5089653
fg,random_sparse,16,full,50000,backoff,0,172,0.1815,398182077
fg,random_sparse,16,full,50000,backoff,8,8110,0.3136,58707540
fg,random_sparse,16,full,50000,backoff,16,22089,0.5353,26489340
fg,random_sparse,16,full,50000,backoff,24,21452,0.6354,26489340
fg,random_sparse,16,full,50000,backoff,32,39297,1.0402,12044556
fg,random_sparse,16,full,50000,backoff_tight,0,172,0.1263,398182077
fg,random_sparse,16,full,50000,backoff_tight,8,2513,0.166,84389535
fg,random_sparse,16,full,50000,backoff_tight,16,4691,0.2095,42821253
fg,random_sparse,16,full,50000,backoff_tight,24,10573,0.2921,17845344
fg,random_sparse,16,full,50000,backoff_tight,32,35964,0.9314,7851438
fg,random_sparse,16,full,50000,seeds,0,912,2.5593,2565
fg,random_sparse,16,full,50000,seeds,1,2211,2.578,2511
fg,random_sparse,16,full,50000,seeds,2,5241,2.5911,2511
fg,random_sparse,16,full,50000,seeds,3,15994,2.7032,2379
fg,random_sparse,16,full,50000,seeds,4,82111,3.4048,2370
fg,random_sparse,16,full,50000,restart,1,55374,1.7412,129550491
fg,random_sparse,16,full,50000,restart,2,111750,6.5276,19225521
fg,random_sparse,16,full,50000,restart,3,11921,7.7956,6928650
fg,random_sparse,16,full,50000,restart,4,11811,8.8565,2363004
fg,random_sparse,16,full,50000,restart,5,10836,10.151,1252170
fg,random_sparse,16,full,50000,restart,6,10928,11.0766,597420
fg,random_sparse,16,full,50000,restart,7,10790,12.312,261549
fg,random_sparse,16,full,50000,restart,8,10678,13.5428,129492
fg,random_sparse,16,full,50000,restart,9,69938,18.0021,60210
fg,random_sparse,16,full,50000,restart,10,66646,22.3941,35397
fg,random_sparse,16,full,50000,restart,11,66603,26.6908,27585
fg,random_sparse,16,full,50000,restart,12,66312,30.5724,25803
fg,random_sparse,16,full,50000,restart,13,66193,34.4093,25500
fg,random_sparse,16,full,50000,restart,14,66062,38.7246,25500
fg,random_sparse,16,full,50000,seeds+staged,0,912,2.5068,2565
fg,random_sparse,16,full,50000,seeds+staged,1,3070,2.5578,2511
fg,random_sparse,16,full,50000,seeds+staged,2,19164,2.7915,2313
fg,random_sparse,16,full,50000,seeds+staged,3,154471,5.5923,2277
fg,random_sparse,16,full,50000,seeds+restart,1,15994,3.2997,2379
fg,random_sparse,16,full,50000,seeds+restart,2,16213,6.6849,2379
fg,random_sparse,16,no_reverse,50000,bfs,0,172,0.1857,398182077
fg,random_sparse,16,no_reverse,50000,bfs,1,462,0.1938,295946685
fg,random_sparse,16,no_reverse,50000,bfs,2,1324,0.2032,247705110
fg,random_sparse,16,no_reverse,50000,bfs,3,5509,0.2484,205074837
fg,random_sparse,16,no_reverse,50000,bfs,4,55374,0.7513,129550491
fg,random_sparse,16,no_reverse,50000,staged,0,172,0.176,398182077
fg,random_sparse,16,no_reverse,50000,staged,1,462,0.1899,295946685
fg,random_sparse,16,no_reverse,50000,staged,2,1437,0.2087,223670709
fg,random_sparse,16,no_reverse,50000,staged,3,8808,0.3109,34847586
fg,random_sparse,16,no_reverse,50000,staged,4,50715,1.1125,6737004
fg,random_sparse,16,no_reverse,50000,backoff,0,172,0.1163,398182077
fg,random_sparse,16,no_reverse,50000,backoff,8,8110,0.2087,58707540
fg,random_sparse,16,no_reverse,50000,backoff,16,31491,0.5139,12937257
fg,random_sparse,16,no_reverse,50000,backoff,24,85650,1.8399,7798887
fg,random_sparse,16,no_reverse,50000,backoff_tight,0,172,0.1222,398182077
fg,random_sparse,16,no_reverse,50000,backoff_tight,8,2513,0.1573,84389535
fg,random_sparse,16,no_reverse,50000,backoff_tight,16,11702,0.2766,29950515
fg,random_sparse,16,no_reverse,50000,backoff_tight,24,24999,0.4522,17969238
fg,random_sparse,16,no_reverse,50000,backoff_tight,32,39306,1.0364,8234892
fg,random_sparse,16,no_reverse,50000,seeds,0,912,2.8252,2565
fg,random_sparse,16,no_reverse,50000,seeds,1,2046,2.8367,2511
fg,random_sparse,16,no_reverse,50000,seeds,2,4269,2.8921,2511
fg,random_sparse,16,no_reverse,50000,seeds,3,11478,2.9221,2379
fg,random_sparse,16,no_reverse,50000,seeds,4,66385,3.6525,2370
fg,random_sparse,16,no_reverse,50000,restart,1,55374,1.9693,129550491
fg,random_sparse,16,no_reverse,50000,restart,2,10720,2.9885,33468372
fg,random_sparse,16,no_reverse,50000,restart,3,10469,3.9059,9748899
fg,random_sparse,16,no_reverse,50000,restart,4,63740,7.3622,2461959
fg,random_sparse,16,no_reverse,50000,restart,5,65715,10.9969,820125
fg,random_sparse,16,no_reverse,50000,restart,6,63317,14.8259,316872
fg,random_sparse,16,no_reverse,50000,restart,7,60002,18.5564,129114
fg,random_sparse,16,no_reverse,50000,restart,8,60976,22.0644,69390
fg,random_sparse,16,no_reverse,50000,restart,9,57667,25.6652,61866
fg,random_sparse,16,no_reverse,50000,restart,10,58007,29.0592,58302
fg,random_sparse,16,no_reverse,50000,restart,11,57677,32.2108,55818
fg,random_sparse,16,no_reverse,50000,restart,12,59183,35.5216,55089
fg,random_sparse,16,no_reverse,50000,restart,13,59191,39.0485,53793
fg,random_sparse,16,no_reverse,50000,restart,14,58805,42.3156,53361
fg,random_sparse,16,no_reverse,50000,restart,15,58798,45.4925,53343
fg,random_sparse,16,no_reverse,50000,restart,16,58785,48.6621,53343
fg,random_sparse,16,no_reverse,50000,seeds+staged,0,912,2.6151,2565
fg,random_sparse,16,no_reverse,50000,seeds+staged,1,2046,2.6411,2511
fg,random_sparse,16,no_reverse,50000,seeds+staged,2,4798,2.6955,2277
fg,random_sparse,16,no_reverse,50000,seeds+staged,3,16579,2.8455,2277
fg,random_sparse,16,no_reverse,50000,seeds+staged,4,59204,3.8616,2277
fg,random_sparse,16,no_reverse,50000,seeds+restart,1,11478,3.3171,2379
fg,random_sparse,16,no_reverse,50000,seeds+restart,2,11592,6.8266,2379
template,chmm4,4,full,50000,bfs,0,67,0.0589,3177
template,chmm4,4,full,50000,bfs,1,165,0.065,2997
template,chmm4,4,full,50000,bfs,2,447,0.0692,2943
template,chmm4,4,full,50000,bfs,3,1624,0.0783,2781
template,chmm4,4,full,50000,bfs,4,7816,0.1326,2538
template,chmm4,4,full,50000,bfs,5,24702,0.3022,2763
template,chmm4,4,full,50000,bfs,6,45059,0.5704,2982
template,chmm4,4,full,50000,bfs,7,65876,1.2982,2907
template,chmm4,4,full,50000,staged,0,67,0.0591,3177
template,chmm4,4,full,50000,staged,1,169,0.0692,2997
template,chmm4,4,full,50000,staged,2,550,0.076,2943
template,chmm4,4,full,50000,staged,3,3523,0.1252,2412
template,chmm4,4,full,50000,staged,4,23103,0.3888,2907
template,chmm4,4,full,50000,staged,5,76225,1.2381,2754
template,chmm4,4,full,50000,backoff,0,67,0.0685,3177
template,chmm4,4,full,50000,backoff,8,12037,0.273,2502
template,chmm4,4,full,50000,backoff,16,37274,0.6037,2943
template,chmm4,4,full,50000,backoff,24,37814,0.807,2943
template,chmm4,4,full,50000,backoff,32,52439,1.1147,2529
template,chmm4,4,full,50000,backoff_tight,0,67,0.0558,3177
template,chmm4,4,full,50000,backoff_tight,8,2444,0.0906,2502
template,chmm4,4,full,50000,backoff_tight,16,9170,0.1648,2457
template,chmm4,4,full,50000,backoff_tight,24,16959,0.2914,2718
template,chmm4,4,full,50000,backoff_tight,32,29205,0.4638,2718
template,chmm4,4,full,50000,restart,1,24702,0.6911,2763
template,chmm4,4,full,50000,restart,2,26213,1.4506,2646
template,chmm4,4,full,50000,restart,3,26073,2.3459,2637
template,chmm4,4,full,50000,restart,4,26051,3.0433,2637
template,chmm4,4,no_reverse,50000,bfs,0,67,0.0536,3177
template,chmm4,4,no_reverse,50000,bfs,1,161,0.0585,2997
template,chmm4,4,no_reverse,50000,bfs,2,427,0.061,2943
template,chmm4,4,no_reverse,50000,bfs,3,1565,0.0682,2781
template,chmm4,4,no_reverse,50000,bfs,4,7522,0.1104,2538
template,chmm4,4,no_reverse,50000,bfs,5,23240,0.2715,2592
template,chmm4,4,no_reverse,50000,bfs,6,42365,0.5741,2757
template,chmm4,4,no_reverse,50000,bfs,7,64475,0.9467,2754
template,chmm4,4,no_reverse,50000,staged,0,67,0.0616,3177
template,chmm4,4,no_reverse,50000,staged,1,161,0.072,2997
template,chmm4,4,no_reverse,50000,staged,2,446,0.0775,2916
template,chmm4,4,no_reverse,50000,staged,3,2069,0.1025,2412
template,chmm4,4,no_reverse,50000,staged,4,14008,0.2413,2520
template,chmm4,4,no_reverse,50000,staged,5,61899,1.0938,2517
template,chmm4,4,no_reverse,50000,backoff,0,67,0.059,3177
template,chmm4,4,no_reverse,50000,backoff,8,7032,0.1641,2583
template,chmm4,4,no_reverse,50000,backoff,16,58594,0.9443,2493
template,chmm4,4,no_reverse,50000,backoff_tight,0,67,0.0545,3177
template,chmm4,4,no_reverse,50000,backoff_tight,8,2559,0.0901,2484
template,chmm4,4,no_reverse,50000,backoff_tight,16,14499,0.2312,2493
template,chmm4,4,no_reverse,50000,backoff_tight,24,11029,0.2421,2493
template,chmm4,4,no_reverse,50000,backoff_tight,32,15441,0.4137,2493
template,chmm4,4,no_reverse,50000,restart,1,23240,0.5841,2592
template,chmm4,4,no_reverse,50000,restart,2,23450,1.2481,2586
template,chmm4,4,no_reverse,50000,restart,3,23449,1.8909,2586
